epoch,hora,container,cpu_pct,mem_usage,mem_pct
1791603642,22:40:42,taller5-api-1,0.21%,300.2MiB / 1GiB,29.31%
1791603642,22:40:42,taller5-mlflow,3.80%,2.269GiB / 15.33GiB,14.80%
1791603642,22:40:42,taller5-postgres-mlflow,0.19%,39.15MiB / 15.33GiB,0.25%
1791603642,22:40:42,taller5-nginx,0.00%,2.336MiB / 15.33GiB,0.01%
1791603642,22:40:42,taller5-minio,0.05%,105.8MiB / 15.33GiB,0.67%
1791603646,22:40:46,taller5-api-1,0.18%,300.2MiB / 1GiB,29.31%
1791603646,22:40:46,taller5-mlflow,1.87%,2.269GiB / 15.33GiB,14.80%
1791603646,22:40:46,taller5-postgres-mlflow,0.00%,39.15MiB / 15.33GiB,0.25%
1791603646,22:40:46,taller5-nginx,0.00%,2.336MiB / 15.33GiB,0.01%
1791603646,22:40:46,taller5-minio,0.05%,105.8MiB / 15.33GiB,0.67%
1791603650,22:40:50,taller5-api-1,0.20%,300.2MiB / 1GiB,29.31%
1791603650,22:40:50,taller5-mlflow,2.12%,2.269GiB / 15.33GiB,14.80%
1791603650,22:40:50,taller5-postgres-mlflow,9.61%,39.14MiB / 15.33GiB,0.25%
1791603650,22:40:50,taller5-nginx,0.00%,2.336MiB / 15.33GiB,0.01%
1791603650,22:40:50,taller5-minio,0.04%,105.8MiB / 15.33GiB,0.67%
1791603654,22:40:54,taller5-api-1,0.21%,300.2MiB / 1GiB,29.31%
1791603654,22:40:54,taller5-mlflow,2.08%,2.269GiB / 15.33GiB,14.80%
1791603654,22:40:54,taller5-postgres-mlflow,1.03%,39.14MiB / 15.33GiB,0.25%
1791603654,22:40:54,taller5-nginx,0.01%,2.336MiB / 15.33GiB,0.01%
1791603654,22:40:54,taller5-minio,0.00%,105.8MiB / 15.33GiB,0.67%
1791603658,22:40:58,taller5-api-1,0.18%,300.2MiB / 1GiB,29.31%
1791603658,22:40:58,taller5-mlflow,2.01%,2.269GiB / 15.33GiB,14.80%
1791603658,22:40:58,taller5-postgres-mlflow,0.00%,39.14MiB / 15.33GiB,0.25%
1791603658,22:40:58,taller5-nginx,0.00%,2.336MiB / 15.33GiB,0.01%
1791603658,22:40:58,taller5-minio,0.04%,105.8MiB / 15.33GiB,0.67%
1791603662,22:41:02,taller5-api-1,0.17%,300.2MiB / 1GiB,29.31%
1791603662,22:41:02,taller5-mlflow,1.74%,2.269GiB / 15.33GiB,14.80%
1791603662,22:41:02,taller5-postgres-mlflow,0.00%,39.15MiB / 15.33GiB,0.25%
1791603662,22:41:02,taller5-nginx,0.00%,2.336MiB / 15.33GiB,0.01%
1791603662,22:41:02,taller5-minio,0.05%,105.8MiB / 15.33GiB,0.67%
1791603666,22:41:06,taller5-api-1,0.19%,300.2MiB / 1GiB,29.31%
1791603666,22:41:06,taller5-mlflow,2.15%,2.269GiB / 15.33GiB,14.80%
1791603666,22:41:06,taller5-postgres-mlflow,0.01%,39.15MiB / 15.33GiB,0.25%
1791603666,22:41:06,taller5-nginx,0.00%,2.336MiB / 15.33GiB,0.01%
1791603666,22:41:06,taller5-minio,7.24%,105.9MiB / 15.33GiB,0.67%
1791603670,22:41:10,taller5-api-1,0.20%,300.2MiB / 1GiB,29.31%
1791603670,22:41:10,taller5-mlflow,2.06%,2.27GiB / 15.33GiB,14.80%
1791603670,22:41:10,taller5-postgres-mlflow,8.47%,39.15MiB / 15.33GiB,0.25%
1791603670,22:41:10,taller5-nginx,0.00%,2.336MiB / 15.33GiB,0.01%
1791603670,22:41:10,taller5-minio,0.00%,105.8MiB / 15.33GiB,0.67%
1791603675,22:41:15,taller5-api-1,0.20%,300.2MiB / 1GiB,29.31%
1791603675,22:41:15,taller5-mlflow,2.03%,2.269GiB / 15.33GiB,14.80%
1791603675,22:41:15,taller5-postgres-mlflow,0.00%,39.15MiB / 15.33GiB,0.25%
1791603675,22:41:15,taller5-nginx,0.00%,2.336MiB / 15.33GiB,0.01%
1791603675,22:41:15,taller5-minio,0.04%,105.8MiB / 15.33GiB,0.67%
1791603679,22:41:19,taller5-api-1,0.21%,300.2MiB / 1GiB,29.31%
1791603679,22:41:19,taller5-mlflow,1.92%,2.269GiB / 15.33GiB,14.80%
1791603679,22:41:19,taller5-postgres-mlflow,0.00%,39.14MiB / 15.33GiB,0.25%
1791603679,22:41:19,taller5-nginx,0.00%,2.336MiB / 15.33GiB,0.01%
1791603679,22:41:19,taller5-minio,0.02%,105.8MiB / 15.33GiB,0.67%
1791603683,22:41:23,taller5-api-1,0.17%,300.2MiB / 1GiB,29.31%
1791603683,22:41:23,taller5-mlflow,2.00%,2.269GiB / 15.33GiB,14.80%
1791603683,22:41:23,taller5-postgres-mlflow,0.00%,39.15MiB / 15.33GiB,0.25%
1791603683,22:41:23,taller5-nginx,0.01%,2.336MiB / 15.33GiB,0.01%
1791603683,22:41:23,taller5-minio,0.00%,105.8MiB / 15.33GiB,0.67%
1791603687,22:41:27,taller5-api-1,0.17%,300.2MiB / 1GiB,29.31%
1791603687,22:41:27,taller5-mlflow,1.95%,2.269GiB / 15.33GiB,14.80%
1791603687,22:41:27,taller5-postgres-mlflow,0.02%,39.15MiB / 15.33GiB,0.25%
1791603687,22:41:27,taller5-nginx,0.00%,2.336MiB / 15.33GiB,0.01%
1791603687,22:41:27,taller5-minio,7.28%,105.9MiB / 15.33GiB,0.67%
1791603691,22:41:31,taller5-api-1,0.18%,300.2MiB / 1GiB,29.31%
1791603691,22:41:31,taller5-mlflow,2.73%,2.269GiB / 15.33GiB,14.80%
1791603691,22:41:31,taller5-postgres-mlflow,8.65%,39.14MiB / 15.33GiB,0.25%
1791603691,22:41:31,taller5-nginx,0.00%,2.336MiB / 15.33GiB,0.01%
1791603691,22:41:31,taller5-minio,0.00%,105.8MiB / 15.33GiB,0.67%
1791603695,22:41:35,taller5-api-1,0.18%,300.2MiB / 1GiB,29.31%
1791603695,22:41:35,taller5-mlflow,1.84%,2.27GiB / 15.33GiB,14.80%
1791603695,22:41:35,taller5-postgres-mlflow,0.00%,39.14MiB / 15.33GiB,0.25%
1791603695,22:41:35,taller5-nginx,0.01%,2.336MiB / 15.33GiB,0.01%
1791603695,22:41:35,taller5-minio,0.13%,105.9MiB / 15.33GiB,0.67%
1791603699,22:41:39,taller5-api-1,0.18%,300.2MiB / 1GiB,29.31%
1791603699,22:41:39,taller5-mlflow,1.97%,2.269GiB / 15.33GiB,14.80%
1791603699,22:41:39,taller5-postgres-mlflow,0.00%,39.14MiB / 15.33GiB,0.25%
1791603699,22:41:39,taller5-nginx,0.00%,2.336MiB / 15.33GiB,0.01%
1791603699,22:41:39,taller5-minio,0.04%,105.9MiB / 15.33GiB,0.67%
1791603703,22:41:43,taller5-api-1,12.47%,300.2MiB / 1GiB,29.31%
1791603703,22:41:43,taller5-mlflow,1.83%,2.269GiB / 15.33GiB,14.80%
1791603703,22:41:43,taller5-postgres-mlflow,0.00%,39.15MiB / 15.33GiB,0.25%
1791603703,22:41:43,taller5-nginx,0.00%,2.336MiB / 15.33GiB,0.01%
1791603703,22:41:43,taller5-minio,0.10%,105.9MiB / 15.33GiB,0.67%
1791603707,22:41:47,taller5-api-1,0.18%,300.2MiB / 1GiB,29.31%
1791603707,22:41:47,taller5-mlflow,2.03%,2.269GiB / 15.33GiB,14.80%
1791603707,22:41:47,taller5-postgres-mlflow,0.01%,39.15MiB / 15.33GiB,0.25%
1791603707,22:41:47,taller5-nginx,0.02%,2.336MiB / 15.33GiB,0.01%
1791603707,22:41:47,taller5-minio,7.18%,105.9MiB / 15.33GiB,0.67%
1791603712,22:41:52,taller5-api-1,9.64%,308.8MiB / 1GiB,30.16%
1791603712,22:41:52,taller5-mlflow,2.14%,2.269GiB / 15.33GiB,14.80%
1791603712,22:41:52,taller5-postgres-mlflow,0.00%,39.14MiB / 15.33GiB,0.25%
1791603712,22:41:52,taller5-nginx,0.00%,2.336MiB / 15.33GiB,0.01%
1791603712,22:41:52,taller5-minio,0.02%,105.9MiB / 15.33GiB,0.67%
1791603716,22:41:56,taller5-api-1,0.19%,300.2MiB / 1GiB,29.31%
1791603716,22:41:56,taller5-mlflow,1.96%,2.27GiB / 15.33GiB,14.80%
1791603716,22:41:56,taller5-postgres-mlflow,0.00%,39.14MiB / 15.33GiB,0.25%
1791603716,22:41:56,taller5-nginx,0.00%,2.336MiB / 15.33GiB,0.01%
1791603716,22:41:56,taller5-minio,0.04%,105.9MiB / 15.33GiB,0.67%
1791603720,22:42:00,taller5-api-1,0.18%,300.2MiB / 1GiB,29.31%
1791603720,22:42:00,taller5-mlflow,1.88%,2.269GiB / 15.33GiB,14.80%
1791603720,22:42:00,taller5-postgres-mlflow,0.00%,39.14MiB / 15.33GiB,0.25%
1791603720,22:42:00,taller5-nginx,0.00%,2.336MiB / 15.33GiB,0.01%
1791603720,22:42:00,taller5-minio,0.00%,105.8MiB / 15.33GiB,0.67%
1791603724,22:42:04,taller5-api-1,0.19%,300.2MiB / 1GiB,29.31%
1791603724,22:42:04,taller5-mlflow,2.03%,2.269GiB / 15.33GiB,14.80%
1791603724,22:42:04,taller5-postgres-mlflow,0.00%,39.15MiB / 15.33GiB,0.25%
1791603724,22:42:04,taller5-nginx,0.00%,2.336MiB / 15.33GiB,0.01%
1791603724,22:42:04,taller5-minio,0.15%,105.8MiB / 15.33GiB,0.67%
1791603728,22:42:08,taller5-api-1,0.21%,300.2MiB / 1GiB,29.31%
1791603728,22:42:08,taller5-mlflow,1.95%,2.269GiB / 15.33GiB,14.80%
1791603728,22:42:08,taller5-postgres-mlflow,0.01%,39.15MiB / 15.33GiB,0.25%
1791603728,22:42:08,taller5-nginx,0.00%,2.336MiB / 15.33GiB,0.01%
1791603728,22:42:08,taller5-minio,5.44%,105.8MiB / 15.33GiB,0.67%
1791603732,22:42:12,taller5-api-1,12.76%,300.2MiB / 1GiB,29.31%
1791603732,22:42:12,taller5-mlflow,2.09%,2.269GiB / 15.33GiB,14.80%
1791603732,22:42:12,taller5-postgres-mlflow,0.00%,39.15MiB / 15.33GiB,0.25%
1791603732,22:42:12,taller5-nginx,0.00%,2.336MiB / 15.33GiB,0.01%
1791603732,22:42:12,taller5-minio,0.07%,105.8MiB / 15.33GiB,0.67%
1791603736,22:42:16,taller5-api-1,0.21%,300.2MiB / 1GiB,29.31%
1791603736,22:42:16,taller5-mlflow,1.96%,2.269GiB / 15.33GiB,14.80%
1791603736,22:42:16,taller5-postgres-mlflow,0.00%,39.14MiB / 15.33GiB,0.25%
1791603736,22:42:16,taller5-nginx,0.00%,2.336MiB / 15.33GiB,0.01%
1791603736,22:42:16,taller5-minio,0.06%,105.8MiB / 15.33GiB,0.67%
1791603740,22:42:20,taller5-api-1,0.20%,300.2MiB / 1GiB,29.31%
1791603740,22:42:20,taller5-mlflow,2.46%,2.27GiB / 15.33GiB,14.80%
1791603740,22:42:20,taller5-postgres-mlflow,0.00%,39.14MiB / 15.33GiB,0.25%
1791603740,22:42:20,taller5-nginx,0.00%,2.336MiB / 15.33GiB,0.01%
1791603740,22:42:20,taller5-minio,0.07%,105.8MiB / 15.33GiB,0.67%
1791603744,22:42:24,taller5-api-1,0.20%,300.2MiB / 1GiB,29.31%
1791603744,22:42:24,taller5-mlflow,1.96%,2.27GiB / 15.33GiB,14.80%
1791603744,22:42:24,taller5-postgres-mlflow,0.00%,39.15MiB / 15.33GiB,0.25%
1791603744,22:42:24,taller5-nginx,0.00%,2.336MiB / 15.33GiB,0.01%
1791603744,22:42:24,taller5-minio,0.10%,105.8MiB / 15.33GiB,0.67%
1791603749,22:42:29,taller5-api-1,0.22%,300.2MiB / 1GiB,29.31%
1791603749,22:42:29,taller5-mlflow,1.94%,2.27GiB / 15.33GiB,14.80%
1791603749,22:42:29,taller5-postgres-mlflow,0.00%,39.15MiB / 15.33GiB,0.25%
1791603749,22:42:29,taller5-nginx,0.00%,2.336MiB / 15.33GiB,0.01%
1791603749,22:42:29,taller5-minio,0.06%,105.8MiB / 15.33GiB,0.67%
1791603753,22:42:33,taller5-api-1,12.45%,300.2MiB / 1GiB,29.32%
1791603753,22:42:33,taller5-mlflow,1.99%,2.269GiB / 15.33GiB,14.80%
1791603753,22:42:33,taller5-postgres-mlflow,0.00%,39.14MiB / 15.33GiB,0.25%
1791603753,22:42:33,taller5-nginx,0.00%,2.336MiB / 15.33GiB,0.01%
1791603753,22:42:33,taller5-minio,1.44%,105.8MiB / 15.33GiB,0.67%
1791603757,22:42:37,taller5-api-1,0.21%,300.2MiB / 1GiB,29.31%
1791603757,22:42:37,taller5-mlflow,1.94%,2.269GiB / 15.33GiB,14.80%
1791603757,22:42:37,taller5-postgres-mlflow,0.00%,39.15MiB / 15.33GiB,0.25%
1791603757,22:42:37,taller5-nginx,0.00%,2.336MiB / 15.33GiB,0.01%
1791603757,22:42:37,taller5-minio,0.00%,105.8MiB / 15.33GiB,0.67%
1791603761,22:42:41,taller5-api-1,0.17%,300.2MiB / 1GiB,29.31%
1791603761,22:42:41,taller5-mlflow,5.22%,2.269GiB / 15.33GiB,14.80%
1791603761,22:42:41,taller5-postgres-mlflow,7.63%,41.05MiB / 15.33GiB,0.26%
1791603761,22:42:41,taller5-nginx,0.01%,2.336MiB / 15.33GiB,0.01%
1791603761,22:42:41,taller5-minio,0.00%,105.8MiB / 15.33GiB,0.67%
1791603765,22:42:45,taller5-api-1,0.20%,300.2MiB / 1GiB,29.31%
1791603765,22:42:45,taller5-mlflow,1.94%,2.27GiB / 15.33GiB,14.80%
1791603765,22:42:45,taller5-postgres-mlflow,0.00%,39.14MiB / 15.33GiB,0.25%
1791603765,22:42:45,taller5-nginx,0.00%,2.336MiB / 15.33GiB,0.01%
1791603765,22:42:45,taller5-minio,0.03%,105.8MiB / 15.33GiB,0.67%
1791603769,22:42:49,taller5-api-1,0.19%,300.2MiB / 1GiB,29.31%
1791603769,22:42:49,taller5-mlflow,2.03%,2.269GiB / 15.33GiB,14.80%
1791603769,22:42:49,taller5-postgres-mlflow,0.00%,39.14MiB / 15.33GiB,0.25%
1791603769,22:42:49,taller5-nginx,0.00%,2.336MiB / 15.33GiB,0.01%
1791603769,22:42:49,taller5-minio,0.05%,105.8MiB / 15.33GiB,0.67%
1791603773,22:42:53,taller5-api-1,12.35%,300.2MiB / 1GiB,29.31%
1791603773,22:42:53,taller5-mlflow,2.10%,2.269GiB / 15.33GiB,14.80%
1791603773,22:42:53,taller5-postgres-mlflow,0.00%,39.14MiB / 15.33GiB,0.25%
1791603773,22:42:53,taller5-nginx,0.06%,2.336MiB / 15.33GiB,0.01%
1791603773,22:42:53,taller5-minio,0.00%,105.8MiB / 15.33GiB,0.67%
1791603777,22:42:57,taller5-api-1,0.18%,300.2MiB / 1GiB,29.31%
1791603777,22:42:57,taller5-mlflow,1.90%,2.269GiB / 15.33GiB,14.80%
1791603777,22:42:57,taller5-postgres-mlflow,0.00%,39.14MiB / 15.33GiB,0.25%
1791603777,22:42:57,taller5-nginx,0.00%,2.336MiB / 15.33GiB,0.01%
1791603777,22:42:57,taller5-minio,7.12%,105.8MiB / 15.33GiB,0.67%
1791603781,22:43:01,taller5-api-1,0.20%,300.2MiB / 1GiB,29.31%
1791603781,22:43:01,taller5-mlflow,2.39%,2.269GiB / 15.33GiB,14.80%
1791603781,22:43:01,taller5-postgres-mlflow,9.21%,39.15MiB / 15.33GiB,0.25%
1791603781,22:43:01,taller5-nginx,0.00%,2.336MiB / 15.33GiB,0.01%
1791603781,22:43:01,taller5-minio,0.06%,105.8MiB / 15.33GiB,0.67%
1791603786,22:43:06,taller5-api-1,0.19%,300.2MiB / 1GiB,29.31%
1791603786,22:43:06,taller5-mlflow,1.95%,2.269GiB / 15.33GiB,14.80%
1791603786,22:43:06,taller5-postgres-mlflow,0.00%,39.15MiB / 15.33GiB,0.25%
1791603786,22:43:06,taller5-nginx,0.01%,2.336MiB / 15.33GiB,0.01%
1791603786,22:43:06,taller5-minio,0.03%,105.8MiB / 15.33GiB,0.67%
1791603790,22:43:10,taller5-api-1,0.18%,300.2MiB / 1GiB,29.31%
1791603790,22:43:10,taller5-mlflow,1.98%,2.269GiB / 15.33GiB,14.80%
1791603790,22:43:10,taller5-postgres-mlflow,0.00%,39.15MiB / 15.33GiB,0.25%
1791603790,22:43:10,taller5-nginx,0.00%,2.336MiB / 15.33GiB,0.01%
1791603790,22:43:10,taller5-minio,0.06%,105.8MiB / 15.33GiB,0.67%
1791603794,22:43:14,taller5-api-1,16.90%,300.5MiB / 1GiB,29.34%
1791603794,22:43:14,taller5-mlflow,1.94%,2.27GiB / 15.33GiB,14.80%
1791603794,22:43:14,taller5-postgres-mlflow,0.63%,39.14MiB / 15.33GiB,0.25%
1791603794,22:43:14,taller5-nginx,0.23%,2.402MiB / 15.33GiB,0.02%
1791603794,22:43:14,taller5-minio,0.02%,105.8MiB / 15.33GiB,0.67%
1791603798,22:43:18,taller5-api-1,9.93%,300.5MiB / 1GiB,29.34%
1791603798,22:43:18,taller5-mlflow,1.82%,2.269GiB / 15.33GiB,14.80%
1791603798,22:43:18,taller5-postgres-mlflow,0.00%,39.14MiB / 15.33GiB,0.25%
1791603798,22:43:18,taller5-nginx,0.31%,2.375MiB / 15.33GiB,0.02%
1791603798,22:43:18,taller5-minio,7.15%,105.8MiB / 15.33GiB,0.67%
1791603802,22:43:22,taller5-api-1,11.58%,300.2MiB / 1GiB,29.32%
1791603802,22:43:22,taller5-mlflow,1.95%,2.269GiB / 15.33GiB,14.80%
1791603802,22:43:22,taller5-postgres-mlflow,7.62%,39.15MiB / 15.33GiB,0.25%
1791603802,22:43:22,taller5-nginx,0.18%,2.371MiB / 15.33GiB,0.02%
1791603802,22:43:22,taller5-minio,0.05%,105.8MiB / 15.33GiB,0.67%
1791603806,22:43:26,taller5-api-1,11.71%,300.2MiB / 1GiB,29.32%
1791603806,22:43:26,taller5-mlflow,2.03%,2.269GiB / 15.33GiB,14.80%
1791603806,22:43:26,taller5-postgres-mlflow,0.00%,39.15MiB / 15.33GiB,0.25%
1791603806,22:43:26,taller5-nginx,0.25%,2.613MiB / 15.33GiB,0.02%
1791603806,22:43:26,taller5-minio,0.04%,105.8MiB / 15.33GiB,0.67%
1791603810,22:43:30,taller5-api-1,9.91%,300.4MiB / 1GiB,29.33%
1791603810,22:43:30,taller5-mlflow,2.60%,2.269GiB / 15.33GiB,14.80%
1791603810,22:43:30,taller5-postgres-mlflow,0.00%,39.15MiB / 15.33GiB,0.25%
1791603810,22:43:30,taller5-nginx,0.25%,2.371MiB / 15.33GiB,0.02%
1791603810,22:43:30,taller5-minio,0.07%,105.8MiB / 15.33GiB,0.67%
1791603814,22:43:34,taller5-api-1,26.94%,300.4MiB / 1GiB,29.33%
1791603814,22:43:34,taller5-mlflow,2.19%,2.269GiB / 15.33GiB,14.80%
1791603814,22:43:34,taller5-postgres-mlflow,0.99%,39.14MiB / 15.33GiB,0.25%
1791603814,22:43:34,taller5-nginx,0.30%,2.371MiB / 15.33GiB,0.02%
1791603814,22:43:34,taller5-minio,0.00%,105.8MiB / 15.33GiB,0.67%
1791603818,22:43:38,taller5-api-1,9.81%,300.4MiB / 1GiB,29.34%
1791603818,22:43:38,taller5-mlflow,2.16%,2.269GiB / 15.33GiB,14.80%
1791603818,22:43:38,taller5-postgres-mlflow,0.00%,39.14MiB / 15.33GiB,0.25%
1791603818,22:43:38,taller5-nginx,0.16%,2.375MiB / 15.33GiB,0.02%
1791603818,22:43:38,taller5-minio,8.18%,105.8MiB / 15.33GiB,0.67%
1791603823,22:43:43,taller5-api-1,7.05%,300.4MiB / 1GiB,29.34%
1791603823,22:43:43,taller5-mlflow,15.27%,2.269GiB / 15.33GiB,14.80%
1791603823,22:43:43,taller5-postgres-mlflow,6.22%,39.14MiB / 15.33GiB,0.25%
1791603823,22:43:43,taller5-nginx,0.22%,2.371MiB / 15.33GiB,0.02%
1791603823,22:43:43,taller5-minio,0.06%,105.8MiB / 15.33GiB,0.67%
1791603827,22:43:47,taller5-api-1,10.03%,300.4MiB / 1GiB,29.33%
1791603827,22:43:47,taller5-mlflow,1.96%,2.269GiB / 15.33GiB,14.80%
1791603827,22:43:47,taller5-postgres-mlflow,0.00%,39.14MiB / 15.33GiB,0.25%
1791603827,22:43:47,taller5-nginx,0.27%,2.371MiB / 15.33GiB,0.02%
1791603827,22:43:47,taller5-minio,0.03%,105.8MiB / 15.33GiB,0.67%
1791603831,22:43:51,taller5-api-1,9.22%,300.4MiB / 1GiB,29.33%
1791603831,22:43:51,taller5-mlflow,2.79%,2.269GiB / 15.33GiB,14.80%
1791603831,22:43:51,taller5-postgres-mlflow,0.00%,39.14MiB / 15.33GiB,0.25%
1791603831,22:43:51,taller5-nginx,0.15%,2.371MiB / 15.33GiB,0.02%
1791603831,22:43:51,taller5-minio,0.00%,105.8MiB / 15.33GiB,0.67%
1791603835,22:43:55,taller5-api-1,11.81%,300.4MiB / 1GiB,29.33%
1791603835,22:43:55,taller5-mlflow,1.91%,2.27GiB / 15.33GiB,14.80%
1791603835,22:43:55,taller5-postgres-mlflow,0.00%,39.14MiB / 15.33GiB,0.25%
1791603835,22:43:55,taller5-nginx,0.07%,2.375MiB / 15.33GiB,0.02%
1791603835,22:43:55,taller5-minio,0.06%,105.8MiB / 15.33GiB,0.67%
1791603839,22:43:59,taller5-api-1,13.68%,301.4MiB / 1GiB,29.43%
1791603839,22:43:59,taller5-mlflow,2.08%,2.27GiB / 15.33GiB,14.80%
1791603839,22:43:59,taller5-postgres-mlflow,0.00%,39.14MiB / 15.33GiB,0.25%
1791603839,22:43:59,taller5-nginx,0.21%,2.371MiB / 15.33GiB,0.02%
1791603839,22:43:59,taller5-minio,0.04%,105.8MiB / 15.33GiB,0.67%
1791603843,22:44:03,taller5-api-1,13.01%,301.4MiB / 1GiB,29.43%
1791603843,22:44:03,taller5-mlflow,1.98%,2.27GiB / 15.33GiB,14.80%
1791603843,22:44:03,taller5-postgres-mlflow,0.00%,39.14MiB / 15.33GiB,0.25%
1791603843,22:44:03,taller5-nginx,0.23%,2.371MiB / 15.33GiB,0.02%
1791603843,22:44:03,taller5-minio,0.00%,105.8MiB / 15.33GiB,0.67%
1791603847,22:44:07,taller5-api-1,7.36%,301.4MiB / 1GiB,29.44%
1791603847,22:44:07,taller5-mlflow,2.17%,2.27GiB / 15.33GiB,14.80%
1791603847,22:44:07,taller5-postgres-mlflow,0.00%,39.14MiB / 15.33GiB,0.25%
1791603847,22:44:07,taller5-nginx,0.18%,2.371MiB / 15.33GiB,0.02%
1791603847,22:44:07,taller5-minio,0.00%,105.8MiB / 15.33GiB,0.67%
1791603851,22:44:11,taller5-api-1,8.66%,301.4MiB / 1GiB,29.44%
1791603851,22:44:11,taller5-mlflow,2.38%,2.27GiB / 15.33GiB,14.80%
1791603851,22:44:11,taller5-postgres-mlflow,0.00%,39.14MiB / 15.33GiB,0.25%
1791603851,22:44:11,taller5-nginx,0.25%,2.371MiB / 15.33GiB,0.02%
1791603851,22:44:11,taller5-minio,0.05%,105.8MiB / 15.33GiB,0.67%
1791603856,22:44:16,taller5-api-1,11.08%,301.5MiB / 1GiB,29.44%
1791603856,22:44:16,taller5-mlflow,2.32%,2.27GiB / 15.33GiB,14.80%
1791603856,22:44:16,taller5-postgres-mlflow,0.00%,39.14MiB / 15.33GiB,0.25%
1791603856,22:44:16,taller5-nginx,0.20%,2.367MiB / 15.33GiB,0.02%
1791603856,22:44:16,taller5-minio,0.03%,105.8MiB / 15.33GiB,0.67%
1791603860,22:44:20,taller5-api-1,12.41%,301.7MiB / 1GiB,29.46%
1791603860,22:44:20,taller5-mlflow,2.06%,2.27GiB / 15.33GiB,14.80%
1791603860,22:44:20,taller5-postgres-mlflow,0.00%,39.14MiB / 15.33GiB,0.25%
1791603860,22:44:20,taller5-nginx,0.31%,2.391MiB / 15.33GiB,0.02%
1791603860,22:44:20,taller5-minio,0.00%,105.8MiB / 15.33GiB,0.67%
1791603864,22:44:24,taller5-api-1,13.16%,303.9MiB / 1GiB,29.68%
1791603864,22:44:24,taller5-mlflow,2.41%,2.27GiB / 15.33GiB,14.80%
1791603864,22:44:24,taller5-postgres-mlflow,0.00%,39.14MiB / 15.33GiB,0.25%
1791603864,22:44:24,taller5-nginx,0.21%,2.371MiB / 15.33GiB,0.02%
1791603864,22:44:24,taller5-minio,0.04%,105.8MiB / 15.33GiB,0.67%
1791603868,22:44:28,taller5-api-1,7.42%,301.5MiB / 1GiB,29.44%
1791603868,22:44:28,taller5-mlflow,14.98%,2.27GiB / 15.33GiB,14.80%
1791603868,22:44:28,taller5-postgres-mlflow,0.00%,39.14MiB / 15.33GiB,0.25%
1791603868,22:44:28,taller5-nginx,0.18%,2.375MiB / 15.33GiB,0.02%
1791603868,22:44:28,taller5-minio,0.06%,105.8MiB / 15.33GiB,0.67%
1791603872,22:44:32,taller5-api-1,6.79%,301.5MiB / 1GiB,29.44%
1791603872,22:44:32,taller5-mlflow,2.40%,2.27GiB / 15.33GiB,14.80%
1791603872,22:44:32,taller5-postgres-mlflow,8.31%,39.16MiB / 15.33GiB,0.25%
1791603872,22:44:32,taller5-nginx,0.19%,2.371MiB / 15.33GiB,0.02%
1791603872,22:44:32,taller5-minio,0.00%,105.8MiB / 15.33GiB,0.67%
1791603876,22:44:36,taller5-api-1,10.21%,301.5MiB / 1GiB,29.44%
1791603876,22:44:36,taller5-mlflow,1.92%,2.27GiB / 15.33GiB,14.80%
1791603876,22:44:36,taller5-postgres-mlflow,0.02%,39.14MiB / 15.33GiB,0.25%
1791603876,22:44:36,taller5-nginx,0.23%,2.371MiB / 15.33GiB,0.02%
1791603876,22:44:36,taller5-minio,0.06%,105.8MiB / 15.33GiB,0.67%
1791603880,22:44:40,taller5-api-1,7.18%,301.5MiB / 1GiB,29.44%
1791603880,22:44:40,taller5-mlflow,2.43%,2.27GiB / 15.33GiB,14.80%
1791603880,22:44:40,taller5-postgres-mlflow,0.00%,39.14MiB / 15.33GiB,0.25%
1791603880,22:44:40,taller5-nginx,0.18%,2.371MiB / 15.33GiB,0.02%
1791603880,22:44:40,taller5-minio,0.06%,105.9MiB / 15.33GiB,0.67%
1791603884,22:44:44,taller5-api-1,27.01%,301.5MiB / 1GiB,29.44%
1791603884,22:44:44,taller5-mlflow,1.92%,2.27GiB / 15.33GiB,14.80%
1791603884,22:44:44,taller5-postgres-mlflow,0.00%,39.15MiB / 15.33GiB,0.25%
1791603884,22:44:44,taller5-nginx,0.34%,2.379MiB / 15.33GiB,0.02%
1791603884,22:44:44,taller5-minio,0.12%,105.9MiB / 15.33GiB,0.67%
1791603888,22:44:48,taller5-api-1,4.40%,301.5MiB / 1GiB,29.44%
1791603888,22:44:48,taller5-mlflow,1.79%,2.27GiB / 15.33GiB,14.80%
1791603888,22:44:48,taller5-postgres-mlflow,0.00%,39.15MiB / 15.33GiB,0.25%
1791603888,22:44:48,taller5-nginx,0.08%,2.375MiB / 15.33GiB,0.02%
1791603888,22:44:48,taller5-minio,7.73%,114.4MiB / 15.33GiB,0.73%
1791603893,22:44:53,taller5-api-1,10.47%,301.5MiB / 1GiB,29.44%
1791603893,22:44:53,taller5-mlflow,1.94%,2.27GiB / 15.33GiB,14.80%
1791603893,22:44:53,taller5-postgres-mlflow,0.00%,39.15MiB / 15.33GiB,0.25%
1791603893,22:44:53,taller5-nginx,0.23%,2.613MiB / 15.33GiB,0.02%
1791603893,22:44:53,taller5-minio,0.00%,105.8MiB / 15.33GiB,0.67%
1791603897,22:44:57,taller5-api-1,12.31%,301.5MiB / 1GiB,29.44%
1791603897,22:44:57,taller5-mlflow,1.87%,2.27GiB / 15.33GiB,14.80%
1791603897,22:44:57,taller5-postgres-mlflow,0.00%,39.14MiB / 15.33GiB,0.25%
1791603897,22:44:57,taller5-nginx,0.25%,2.371MiB / 15.33GiB,0.02%
1791603897,22:44:57,taller5-minio,0.00%,105.8MiB / 15.33GiB,0.67%
1791603901,22:45:01,taller5-api-1,11.03%,301.5MiB / 1GiB,29.44%
1791603901,22:45:01,taller5-mlflow,2.16%,2.27GiB / 15.33GiB,14.80%
1791603901,22:45:01,taller5-postgres-mlflow,0.00%,39.14MiB / 15.33GiB,0.25%
1791603901,22:45:01,taller5-nginx,0.19%,2.371MiB / 15.33GiB,0.02%
1791603901,22:45:01,taller5-minio,0.06%,105.8MiB / 15.33GiB,0.67%
1791603905,22:45:05,taller5-api-1,10.95%,301.5MiB / 1GiB,29.44%
1791603905,22:45:05,taller5-mlflow,1.95%,2.27GiB / 15.33GiB,14.80%
1791603905,22:45:05,taller5-postgres-mlflow,0.00%,39.15MiB / 15.33GiB,0.25%
1791603905,22:45:05,taller5-nginx,0.15%,2.375MiB / 15.33GiB,0.02%
1791603905,22:45:05,taller5-minio,0.06%,105.8MiB / 15.33GiB,0.67%
1791603909,22:45:09,taller5-api-1,8.39%,301.5MiB / 1GiB,29.44%
1791603909,22:45:09,taller5-mlflow,1.84%,2.27GiB / 15.33GiB,14.80%
1791603909,22:45:09,taller5-postgres-mlflow,0.00%,39.15MiB / 15.33GiB,0.25%
1791603909,22:45:09,taller5-nginx,0.14%,2.371MiB / 15.33GiB,0.02%
1791603909,22:45:09,taller5-minio,8.07%,105.9MiB / 15.33GiB,0.67%
1791603913,22:45:13,taller5-api-1,0.18%,301.6MiB / 1GiB,29.45%
1791603913,22:45:13,taller5-mlflow,15.49%,2.27GiB / 15.33GiB,14.80%
1791603913,22:45:13,taller5-postgres-mlflow,8.20%,39.14MiB / 15.33GiB,0.25%
1791603913,22:45:13,taller5-nginx,0.00%,2.359MiB / 15.33GiB,0.02%
1791603913,22:45:13,taller5-minio,0.00%,105.8MiB / 15.33GiB,0.67%
1791603917,22:45:17,taller5-api-1,0.21%,301.6MiB / 1GiB,29.45%
1791603917,22:45:17,taller5-mlflow,1.97%,2.27GiB / 15.33GiB,14.80%
1791603917,22:45:17,taller5-postgres-mlflow,0.00%,39.15MiB / 15.33GiB,0.25%
1791603917,22:45:17,taller5-nginx,0.04%,2.336MiB / 15.33GiB,0.01%
1791603917,22:45:17,taller5-minio,0.05%,105.8MiB / 15.33GiB,0.67%
1791603921,22:45:21,taller5-api-1,0.21%,301.6MiB / 1GiB,29.45%
1791603921,22:45:21,taller5-mlflow,2.08%,2.27GiB / 15.33GiB,14.80%
1791603921,22:45:21,taller5-postgres-mlflow,0.01%,39.15MiB / 15.33GiB,0.25%
1791603921,22:45:21,taller5-nginx,0.00%,2.336MiB / 15.33GiB,0.01%
1791603921,22:45:21,taller5-minio,0.00%,105.8MiB / 15.33GiB,0.67%
1791603925,22:45:25,taller5-api-1,13.11%,301.5MiB / 1GiB,29.44%
1791603925,22:45:25,taller5-mlflow,1.91%,2.27GiB / 15.33GiB,14.80%
1791603925,22:45:25,taller5-postgres-mlflow,0.00%,39.15MiB / 15.33GiB,0.25%
1791603925,22:45:25,taller5-nginx,0.00%,2.336MiB / 15.33GiB,0.01%
1791603925,22:45:25,taller5-minio,0.00%,105.8MiB / 15.33GiB,0.67%
1791603930,22:45:30,taller5-api-1,0.17%,301.5MiB / 1GiB,29.44%
1791603930,22:45:30,taller5-mlflow,1.90%,2.27GiB / 15.33GiB,14.80%
1791603930,22:45:30,taller5-postgres-mlflow,0.00%,39.15MiB / 15.33GiB,0.25%
1791603930,22:45:30,taller5-nginx,0.01%,2.336MiB / 15.33GiB,0.01%
1791603930,22:45:30,taller5-minio,7.82%,105.8MiB / 15.33GiB,0.67%
1791603934,22:45:34,taller5-api-1,0.18%,301.5MiB / 1GiB,29.44%
1791603934,22:45:34,taller5-mlflow,1.85%,2.27GiB / 15.33GiB,14.80%
1791603934,22:45:34,taller5-postgres-mlflow,0.75%,39.15MiB / 15.33GiB,0.25%
1791603934,22:45:34,taller5-nginx,0.00%,2.336MiB / 15.33GiB,0.01%
1791603934,22:45:34,taller5-minio,0.20%,105.9MiB / 15.33GiB,0.67%
1791603938,22:45:38,taller5-api-1,0.17%,301.5MiB / 1GiB,29.44%
1791603938,22:45:38,taller5-mlflow,1.96%,2.27GiB / 15.33GiB,14.80%
1791603938,22:45:38,taller5-postgres-mlflow,0.00%,39.15MiB / 15.33GiB,0.25%
1791603938,22:45:38,taller5-nginx,0.00%,2.336MiB / 15.33GiB,0.01%
1791603938,22:45:38,taller5-minio,0.04%,105.9MiB / 15.33GiB,0.67%
1791603942,22:45:42,taller5-api-1,0.20%,301.5MiB / 1GiB,29.44%
1791603942,22:45:42,taller5-mlflow,1.91%,2.27GiB / 15.33GiB,14.80%
1791603942,22:45:42,taller5-postgres-mlflow,0.01%,39.15MiB / 15.33GiB,0.25%
1791603942,22:45:42,taller5-nginx,0.00%,2.336MiB / 15.33GiB,0.01%
1791603942,22:45:42,taller5-minio,0.05%,105.9MiB / 15.33GiB,0.67%
1791603946,22:45:46,taller5-api-1,2.21%,301.5MiB / 1GiB,29.44%
1791603946,22:45:46,taller5-mlflow,2.05%,2.27GiB / 15.33GiB,14.80%
1791603946,22:45:46,taller5-postgres-mlflow,0.00%,39.15MiB / 15.33GiB,0.25%
1791603946,22:45:46,taller5-nginx,0.00%,2.336MiB / 15.33GiB,0.01%
1791603946,22:45:46,taller5-minio,0.04%,105.9MiB / 15.33GiB,0.67%
1791603950,22:45:50,taller5-api-1,22.26%,302MiB / 1GiB,29.50%
1791603950,22:45:50,taller5-mlflow,2.20%,2.27GiB / 15.33GiB,14.80%
1791603950,22:45:50,taller5-postgres-mlflow,0.00%,39.15MiB / 15.33GiB,0.25%
1791603950,22:45:50,taller5-nginx,0.58%,2.484MiB / 15.33GiB,0.02%
1791603950,22:45:50,taller5-minio,0.14%,105.9MiB / 15.33GiB,0.67%
1791603954,22:45:54,taller5-api-1,29.99%,302.2MiB / 1GiB,29.52%
1791603954,22:45:54,taller5-mlflow,2.05%,2.27GiB / 15.33GiB,14.80%
1791603954,22:45:54,taller5-postgres-mlflow,0.92%,39.15MiB / 15.33GiB,0.25%
1791603954,22:45:54,taller5-nginx,0.81%,2.668MiB / 15.33GiB,0.02%
1791603954,22:45:54,taller5-minio,0.13%,105.9MiB / 15.33GiB,0.67%
1791603958,22:45:58,taller5-api-1,33.65%,302.3MiB / 1GiB,29.52%
1791603958,22:45:58,taller5-mlflow,7.68%,2.274GiB / 15.33GiB,14.83%
1791603958,22:45:58,taller5-postgres-mlflow,0.00%,39.15MiB / 15.33GiB,0.25%
1791603958,22:45:58,taller5-nginx,0.85%,2.426MiB / 15.33GiB,0.02%
1791603958,22:45:58,taller5-minio,0.03%,105.9MiB / 15.33GiB,0.67%
1791603962,22:46:02,taller5-api-1,29.57%,302.1MiB / 1GiB,29.51%
1791603962,22:46:02,taller5-mlflow,2.04%,2.27GiB / 15.33GiB,14.80%
1791603962,22:46:02,taller5-postgres-mlflow,0.01%,39.15MiB / 15.33GiB,0.25%
1791603962,22:46:02,taller5-nginx,0.82%,2.43MiB / 15.33GiB,0.02%
1791603962,22:46:02,taller5-minio,0.02%,105.9MiB / 15.33GiB,0.67%
1791603967,22:46:07,taller5-api-1,28.54%,302.1MiB / 1GiB,29.51%
1791603967,22:46:07,taller5-mlflow,2.04%,2.27GiB / 15.33GiB,14.80%
1791603967,22:46:07,taller5-postgres-mlflow,0.00%,39.15MiB / 15.33GiB,0.25%
1791603967,22:46:07,taller5-nginx,0.70%,2.441MiB / 15.33GiB,0.02%
1791603967,22:46:07,taller5-minio,0.03%,105.9MiB / 15.33GiB,0.67%
1791603971,22:46:11,taller5-api-1,21.38%,302.1MiB / 1GiB,29.51%
1791603971,22:46:11,taller5-mlflow,2.68%,2.27GiB / 15.33GiB,14.80%
1791603971,22:46:11,taller5-postgres-mlflow,0.00%,39.15MiB / 15.33GiB,0.25%
1791603971,22:46:11,taller5-nginx,0.39%,2.43MiB / 15.33GiB,0.02%
1791603971,22:46:11,taller5-minio,0.00%,105.9MiB / 15.33GiB,0.67%
1791603975,22:46:15,taller5-api-1,25.10%,302.1MiB / 1GiB,29.51%
1791603975,22:46:15,taller5-mlflow,2.08%,2.27GiB / 15.33GiB,14.80%
1791603975,22:46:15,taller5-postgres-mlflow,0.00%,39.15MiB / 15.33GiB,0.25%
1791603975,22:46:15,taller5-nginx,0.76%,2.43MiB / 15.33GiB,0.02%
1791603975,22:46:15,taller5-minio,0.04%,105.9MiB / 15.33GiB,0.67%
1791603979,22:46:19,taller5-api-1,41.40%,302MiB / 1GiB,29.50%
1791603979,22:46:19,taller5-mlflow,1.98%,2.27GiB / 15.33GiB,14.80%
1791603979,22:46:19,taller5-postgres-mlflow,0.00%,39.15MiB / 15.33GiB,0.25%
1791603979,22:46:19,taller5-nginx,0.88%,2.426MiB / 15.33GiB,0.02%
1791603979,22:46:19,taller5-minio,0.11%,105.9MiB / 15.33GiB,0.67%
1791603983,22:46:23,taller5-api-1,29.62%,302.1MiB / 1GiB,29.50%
1791603983,22:46:23,taller5-mlflow,2.03%,2.27GiB / 15.33GiB,14.80%
1791603983,22:46:23,taller5-postgres-mlflow,0.01%,39.15MiB / 15.33GiB,0.25%
1791603983,22:46:23,taller5-nginx,0.71%,2.422MiB / 15.33GiB,0.02%
1791603983,22:46:23,taller5-minio,0.00%,105.9MiB / 15.33GiB,0.67%
1791603987,22:46:27,taller5-api-1,48.70%,302.2MiB / 1GiB,29.52%
1791603987,22:46:27,taller5-mlflow,1.98%,2.27GiB / 15.33GiB,14.80%
1791603987,22:46:27,taller5-postgres-mlflow,0.00%,39.15MiB / 15.33GiB,0.25%
1791603987,22:46:27,taller5-nginx,0.94%,2.438MiB / 15.33GiB,0.02%
1791603987,22:46:27,taller5-minio,0.00%,105.9MiB / 15.33GiB,0.67%
1791603991,22:46:31,taller5-api-1,27.52%,302.2MiB / 1GiB,29.52%
1791603991,22:46:31,taller5-mlflow,2.78%,2.27GiB / 15.33GiB,14.80%
1791603991,22:46:31,taller5-postgres-mlflow,0.00%,39.15MiB / 15.33GiB,0.25%
1791603991,22:46:31,taller5-nginx,0.86%,2.691MiB / 15.33GiB,0.02%
1791603991,22:46:31,taller5-minio,0.04%,105.9MiB / 15.33GiB,0.67%
1791603995,22:46:35,taller5-api-1,34.08%,302.2MiB / 1GiB,29.52%
1791603995,22:46:35,taller5-mlflow,2.05%,2.27GiB / 15.33GiB,14.80%
1791603995,22:46:35,taller5-postgres-mlflow,0.01%,39.14MiB / 15.33GiB,0.25%
1791603995,22:46:35,taller5-nginx,0.63%,2.422MiB / 15.33GiB,0.02%
1791603995,22:46:35,taller5-minio,0.05%,105.9MiB / 15.33GiB,0.67%
1791603999,22:46:39,taller5-api-1,34.36%,302.2MiB / 1GiB,29.51%
1791603999,22:46:39,taller5-mlflow,1.89%,2.27GiB / 15.33GiB,14.80%
1791603999,22:46:39,taller5-postgres-mlflow,0.00%,39.14MiB / 15.33GiB,0.25%
1791603999,22:46:39,taller5-nginx,0.66%,2.426MiB / 15.33GiB,0.02%
1791603999,22:46:39,taller5-minio,0.02%,105.9MiB / 15.33GiB,0.67%
1791604004,22:46:44,taller5-api-1,34.40%,302.2MiB / 1GiB,29.51%
1791604004,22:46:44,taller5-mlflow,2.07%,2.27GiB / 15.33GiB,14.80%
1791604004,22:46:44,taller5-postgres-mlflow,8.11%,39.14MiB / 15.33GiB,0.25%
1791604004,22:46:44,taller5-nginx,0.80%,2.418MiB / 15.33GiB,0.02%
1791604004,22:46:44,taller5-minio,0.07%,105.9MiB / 15.33GiB,0.67%
1791604008,22:46:48,taller5-api-1,31.06%,302.2MiB / 1GiB,29.51%
1791604008,22:46:48,taller5-mlflow,2.04%,2.27GiB / 15.33GiB,14.80%
1791604008,22:46:48,taller5-postgres-mlflow,0.00%,39.14MiB / 15.33GiB,0.25%
1791604008,22:46:48,taller5-nginx,0.69%,2.422MiB / 15.33GiB,0.02%
1791604008,22:46:48,taller5-minio,0.04%,105.9MiB / 15.33GiB,0.67%
1791604012,22:46:52,taller5-api-1,28.94%,302.2MiB / 1GiB,29.51%
1791604012,22:46:52,taller5-mlflow,2.81%,2.27GiB / 15.33GiB,14.80%
1791604012,22:46:52,taller5-postgres-mlflow,0.00%,39.14MiB / 15.33GiB,0.25%
1791604012,22:46:52,taller5-nginx,0.67%,2.418MiB / 15.33GiB,0.02%
1791604012,22:46:52,taller5-minio,0.00%,105.9MiB / 15.33GiB,0.67%
1791604016,22:46:56,taller5-api-1,31.56%,302.2MiB / 1GiB,29.51%
1791604016,22:46:56,taller5-mlflow,2.02%,2.27GiB / 15.33GiB,14.80%
1791604016,22:46:56,taller5-postgres-mlflow,0.00%,39.14MiB / 15.33GiB,0.25%
1791604016,22:46:56,taller5-nginx,0.70%,2.422MiB / 15.33GiB,0.02%
1791604016,22:46:56,taller5-minio,0.07%,105.9MiB / 15.33GiB,0.67%
1791604020,22:47:00,taller5-api-1,21.72%,302.2MiB / 1GiB,29.51%
1791604020,22:47:00,taller5-mlflow,6.33%,2.27GiB / 15.33GiB,14.80%
1791604020,22:47:00,taller5-postgres-mlflow,0.00%,39.14MiB / 15.33GiB,0.25%
1791604020,22:47:00,taller5-nginx,0.50%,2.664MiB / 15.33GiB,0.02%
1791604020,22:47:00,taller5-minio,7.05%,105.8MiB / 15.33GiB,0.67%
1791604024,22:47:04,taller5-api-1,39.32%,302.2MiB / 1GiB,29.51%
1791604024,22:47:04,taller5-mlflow,2.02%,2.27GiB / 15.33GiB,14.80%
1791604024,22:47:04,taller5-postgres-mlflow,8.52%,39.14MiB / 15.33GiB,0.25%
1791604024,22:47:04,taller5-nginx,0.80%,2.426MiB / 15.33GiB,0.02%
1791604024,22:47:04,taller5-minio,0.21%,105.8MiB / 15.33GiB,0.67%
1791604028,22:47:08,taller5-api-1,43.41%,302.2MiB / 1GiB,29.51%
1791604028,22:47:08,taller5-mlflow,1.87%,2.27GiB / 15.33GiB,14.80%
1791604028,22:47:08,taller5-postgres-mlflow,0.00%,39.14MiB / 15.33GiB,0.25%
1791604028,22:47:08,taller5-nginx,0.86%,2.426MiB / 15.33GiB,0.02%
1791604028,22:47:08,taller5-minio,0.04%,105.8MiB / 15.33GiB,0.67%
1791604032,22:47:12,taller5-api-1,34.96%,302.2MiB / 1GiB,29.51%
1791604032,22:47:12,taller5-mlflow,1.97%,2.27GiB / 15.33GiB,14.80%
1791604032,22:47:12,taller5-postgres-mlflow,0.00%,39.14MiB / 15.33GiB,0.25%
1791604032,22:47:12,taller5-nginx,0.81%,2.426MiB / 15.33GiB,0.02%
1791604032,22:47:12,taller5-minio,0.05%,105.8MiB / 15.33GiB,0.67%
1791604036,22:47:16,taller5-api-1,38.25%,302.2MiB / 1GiB,29.51%
1791604036,22:47:16,taller5-mlflow,2.01%,2.27GiB / 15.33GiB,14.80%
1791604036,22:47:16,taller5-postgres-mlflow,0.00%,39.15MiB / 15.33GiB,0.25%
1791604036,22:47:16,taller5-nginx,0.81%,2.422MiB / 15.33GiB,0.02%
1791604036,22:47:16,taller5-minio,0.02%,105.8MiB / 15.33GiB,0.67%
1791604041,22:47:21,taller5-api-1,28.73%,302.3MiB / 1GiB,29.52%
1791604041,22:47:21,taller5-mlflow,2.56%,2.27GiB / 15.33GiB,14.80%
1791604041,22:47:21,taller5-postgres-mlflow,0.00%,39.15MiB / 15.33GiB,0.25%
1791604041,22:47:21,taller5-nginx,0.66%,2.668MiB / 15.33GiB,0.02%
1791604041,22:47:21,taller5-minio,7.58%,105.8MiB / 15.33GiB,0.67%
1791604045,22:47:25,taller5-api-1,30.36%,302.3MiB / 1GiB,29.53%
1791604045,22:47:25,taller5-mlflow,2.01%,2.27GiB / 15.33GiB,14.80%
1791604045,22:47:25,taller5-postgres-mlflow,0.00%,39.14MiB / 15.33GiB,0.25%
1791604045,22:47:25,taller5-nginx,0.70%,2.434MiB / 15.33GiB,0.02%
1791604045,22:47:25,taller5-minio,0.06%,105.8MiB / 15.33GiB,0.67%
1791604049,22:47:29,taller5-api-1,44.60%,302.4MiB / 1GiB,29.53%
1791604049,22:47:29,taller5-mlflow,1.85%,2.27GiB / 15.33GiB,14.80%
1791604049,22:47:29,taller5-postgres-mlflow,0.00%,39.14MiB / 15.33GiB,0.25%
1791604049,22:47:29,taller5-nginx,0.92%,2.672MiB / 15.33GiB,0.02%
1791604049,22:47:29,taller5-minio,0.00%,105.8MiB / 15.33GiB,0.67%
1791604053,22:47:33,taller5-api-1,33.52%,302.4MiB / 1GiB,29.53%
1791604053,22:47:33,taller5-mlflow,1.85%,2.27GiB / 15.33GiB,14.80%
1791604053,22:47:33,taller5-postgres-mlflow,0.00%,39.14MiB / 15.33GiB,0.25%
1791604053,22:47:33,taller5-nginx,0.74%,2.426MiB / 15.33GiB,0.02%
1791604053,22:47:33,taller5-minio,1.40%,105.8MiB / 15.33GiB,0.67%
1791604057,22:47:37,taller5-api-1,42.62%,312.5MiB / 1GiB,30.52%
1791604057,22:47:37,taller5-mlflow,1.98%,2.27GiB / 15.33GiB,14.80%
1791604057,22:47:37,taller5-postgres-mlflow,0.00%,39.14MiB / 15.33GiB,0.25%
1791604057,22:47:37,taller5-nginx,0.55%,2.422MiB / 15.33GiB,0.02%
1791604057,22:47:37,taller5-minio,0.00%,105.8MiB / 15.33GiB,0.67%
1791604061,22:47:41,taller5-api-1,29.17%,302.4MiB / 1GiB,29.53%
1791604061,22:47:41,taller5-mlflow,5.14%,2.27GiB / 15.33GiB,14.80%
1791604061,22:47:41,taller5-postgres-mlflow,0.17%,39.14MiB / 15.33GiB,0.25%
1791604061,22:47:41,taller5-nginx,0.67%,2.422MiB / 15.33GiB,0.02%
1791604061,22:47:41,taller5-minio,0.00%,105.8MiB / 15.33GiB,0.67%
1791604065,22:47:45,taller5-api-1,25.27%,302.4MiB / 1GiB,29.53%
1791604065,22:47:45,taller5-mlflow,13.98%,2.27GiB / 15.33GiB,14.80%
1791604065,22:47:45,taller5-postgres-mlflow,0.00%,39.14MiB / 15.33GiB,0.25%
1791604065,22:47:45,taller5-nginx,0.58%,2.688MiB / 15.33GiB,0.02%
1791604065,22:47:45,taller5-minio,0.00%,105.8MiB / 15.33GiB,0.67%
1791604069,22:47:49,taller5-api-1,34.46%,302.4MiB / 1GiB,29.53%
1791604069,22:47:49,taller5-mlflow,1.84%,2.27GiB / 15.33GiB,14.80%
1791604069,22:47:49,taller5-postgres-mlflow,0.00%,39.14MiB / 15.33GiB,0.25%
1791604069,22:47:49,taller5-nginx,0.77%,2.426MiB / 15.33GiB,0.02%
1791604069,22:47:49,taller5-minio,0.12%,105.8MiB / 15.33GiB,0.67%
1791604074,22:47:54,taller5-api-1,0.21%,302.3MiB / 1GiB,29.53%
1791604074,22:47:54,taller5-mlflow,2.13%,2.27GiB / 15.33GiB,14.80%
1791604074,22:47:54,taller5-postgres-mlflow,0.00%,39.14MiB / 15.33GiB,0.25%
1791604074,22:47:54,taller5-nginx,0.03%,2.352MiB / 15.33GiB,0.01%
1791604074,22:47:54,taller5-minio,0.05%,105.8MiB / 15.33GiB,0.67%
1791604078,22:47:58,taller5-api-1,12.74%,302.2MiB / 1GiB,29.51%
1791604078,22:47:58,taller5-mlflow,2.11%,2.27GiB / 15.33GiB,14.80%
1791604078,22:47:58,taller5-postgres-mlflow,0.00%,39.14MiB / 15.33GiB,0.25%
1791604078,22:47:58,taller5-nginx,0.00%,2.336MiB / 15.33GiB,0.01%
1791604078,22:47:58,taller5-minio,0.04%,105.8MiB / 15.33GiB,0.67%
1791604082,22:48:02,taller5-api-1,0.20%,302.2MiB / 1GiB,29.51%
1791604082,22:48:02,taller5-mlflow,2.35%,2.27GiB / 15.33GiB,14.80%
1791604082,22:48:02,taller5-postgres-mlflow,0.00%,39.14MiB / 15.33GiB,0.25%
1791604082,22:48:02,taller5-nginx,0.00%,2.336MiB / 15.33GiB,0.01%
1791604082,22:48:02,taller5-minio,0.06%,105.8MiB / 15.33GiB,0.67%
1791604086,22:48:06,taller5-api-1,0.20%,302.2MiB / 1GiB,29.51%
1791604086,22:48:06,taller5-mlflow,1.86%,2.27GiB / 15.33GiB,14.80%
1791604086,22:48:06,taller5-postgres-mlflow,0.00%,39.14MiB / 15.33GiB,0.25%
1791604086,22:48:06,taller5-nginx,0.00%,2.336MiB / 15.33GiB,0.01%
1791604086,22:48:06,taller5-minio,0.08%,105.8MiB / 15.33GiB,0.67%
1791604090,22:48:10,taller5-api-1,0.18%,302.1MiB / 1GiB,29.51%
1791604090,22:48:10,taller5-mlflow,2.01%,2.27GiB / 15.33GiB,14.80%
1791604090,22:48:10,taller5-postgres-mlflow,0.00%,39.14MiB / 15.33GiB,0.25%
1791604090,22:48:10,taller5-nginx,0.00%,2.336MiB / 15.33GiB,0.01%
1791604090,22:48:10,taller5-minio,0.04%,105.8MiB / 15.33GiB,0.67%
1791604094,22:48:14,taller5-api-1,0.20%,302.1MiB / 1GiB,29.51%
1791604094,22:48:14,taller5-mlflow,1.85%,2.27GiB / 15.33GiB,14.80%
1791604094,22:48:14,taller5-postgres-mlflow,1.03%,39.14MiB / 15.33GiB,0.25%
1791604094,22:48:14,taller5-nginx,0.00%,2.336MiB / 15.33GiB,0.01%
1791604094,22:48:14,taller5-minio,0.11%,105.8MiB / 15.33GiB,0.67%
1791604098,22:48:18,taller5-api-1,12.73%,302.1MiB / 1GiB,29.51%
1791604098,22:48:18,taller5-mlflow,2.00%,2.27GiB / 15.33GiB,14.80%
1791604098,22:48:18,taller5-postgres-mlflow,0.00%,39.15MiB / 15.33GiB,0.25%
1791604098,22:48:18,taller5-nginx,0.00%,2.336MiB / 15.33GiB,0.01%
1791604098,22:48:18,taller5-minio,0.05%,105.8MiB / 15.33GiB,0.67%
1791604102,22:48:22,taller5-api-1,0.19%,302.1MiB / 1GiB,29.51%
1791604102,22:48:22,taller5-mlflow,2.48%,2.27GiB / 15.33GiB,14.80%
1791604102,22:48:22,taller5-postgres-mlflow,0.00%,39.15MiB / 15.33GiB,0.25%
1791604102,22:48:22,taller5-nginx,0.00%,2.336MiB / 15.33GiB,0.01%
1791604102,22:48:22,taller5-minio,0.00%,105.8MiB / 15.33GiB,0.67%
1791604106,22:48:26,taller5-api-1,18.37%,302.8MiB / 1GiB,29.57%
1791604106,22:48:26,taller5-mlflow,1.91%,2.27GiB / 15.33GiB,14.80%
1791604106,22:48:26,taller5-postgres-mlflow,0.00%,39.15MiB / 15.33GiB,0.25%
1791604106,22:48:26,taller5-nginx,0.00%,2.336MiB / 15.33GiB,0.01%
1791604106,22:48:26,taller5-minio,0.00%,105.8MiB / 15.33GiB,0.67%
1791604111,22:48:31,taller5-api-1,48.44%,303.8MiB / 1GiB,29.67%
1791604111,22:48:31,taller5-mlflow,15.62%,2.27GiB / 15.33GiB,14.80%
1791604111,22:48:31,taller5-postgres-mlflow,0.00%,39.15MiB / 15.33GiB,0.25%
1791604111,22:48:31,taller5-nginx,1.11%,2.609MiB / 15.33GiB,0.02%
1791604111,22:48:31,taller5-minio,4.80%,110.5MiB / 15.33GiB,0.70%
1791604115,22:48:35,taller5-api-1,69.31%,303.7MiB / 1GiB,29.66%
1791604115,22:48:35,taller5-mlflow,1.87%,2.27GiB / 15.33GiB,14.80%
1791604115,22:48:35,taller5-postgres-mlflow,9.15%,39.14MiB / 15.33GiB,0.25%
1791604115,22:48:35,taller5-nginx,1.82%,2.523MiB / 15.33GiB,0.02%
1791604115,22:48:35,taller5-minio,0.33%,105.8MiB / 15.33GiB,0.67%
1791604119,22:48:39,taller5-api-1,79.99%,303.6MiB / 1GiB,29.65%
1791604119,22:48:39,taller5-mlflow,1.78%,2.27GiB / 15.33GiB,14.80%
1791604119,22:48:39,taller5-postgres-mlflow,0.00%,39.14MiB / 15.33GiB,0.25%
1791604119,22:48:39,taller5-nginx,1.04%,2.785MiB / 15.33GiB,0.02%
1791604119,22:48:39,taller5-minio,0.00%,105.8MiB / 15.33GiB,0.67%
1791604123,22:48:43,taller5-api-1,59.96%,303.2MiB / 1GiB,29.61%
1791604123,22:48:43,taller5-mlflow,2.02%,2.27GiB / 15.33GiB,14.80%
1791604123,22:48:43,taller5-postgres-mlflow,0.00%,39.14MiB / 15.33GiB,0.25%
1791604123,22:48:43,taller5-nginx,1.25%,2.645MiB / 15.33GiB,0.02%
1791604123,22:48:43,taller5-minio,0.09%,105.8MiB / 15.33GiB,0.67%
1791604127,22:48:47,taller5-api-1,66.75%,303.2MiB / 1GiB,29.61%
1791604127,22:48:47,taller5-mlflow,2.02%,2.27GiB / 15.33GiB,14.80%
1791604127,22:48:47,taller5-postgres-mlflow,0.00%,39.15MiB / 15.33GiB,0.25%
1791604127,22:48:47,taller5-nginx,1.15%,2.523MiB / 15.33GiB,0.02%
1791604127,22:48:47,taller5-minio,0.07%,105.8MiB / 15.33GiB,0.67%
1791604131,22:48:51,taller5-api-1,68.36%,302.8MiB / 1GiB,29.57%
1791604131,22:48:51,taller5-mlflow,2.39%,2.27GiB / 15.33GiB,14.80%
1791604131,22:48:51,taller5-postgres-mlflow,0.00%,39.15MiB / 15.33GiB,0.25%
1791604131,22:48:51,taller5-nginx,1.28%,2.5MiB / 15.33GiB,0.02%
1791604131,22:48:51,taller5-minio,6.40%,105.9MiB / 15.33GiB,0.67%
1791604135,22:48:55,taller5-api-1,70.79%,302.7MiB / 1GiB,29.56%
1791604135,22:48:55,taller5-mlflow,1.85%,2.27GiB / 15.33GiB,14.80%
1791604135,22:48:55,taller5-postgres-mlflow,8.01%,39.14MiB / 15.33GiB,0.25%
1791604135,22:48:55,taller5-nginx,1.35%,2.5MiB / 15.33GiB,0.02%
1791604135,22:48:55,taller5-minio,0.00%,105.9MiB / 15.33GiB,0.67%
1791604139,22:48:59,taller5-api-1,86.61%,303MiB / 1GiB,29.59%
1791604139,22:48:59,taller5-mlflow,1.94%,2.27GiB / 15.33GiB,14.80%
1791604139,22:48:59,taller5-postgres-mlflow,0.00%,39.14MiB / 15.33GiB,0.25%
1791604139,22:48:59,taller5-nginx,1.44%,2.832MiB / 15.33GiB,0.02%
1791604139,22:48:59,taller5-minio,0.02%,105.8MiB / 15.33GiB,0.67%
1791604143,22:49:03,taller5-api-1,69.48%,303MiB / 1GiB,29.59%
1791604143,22:49:03,taller5-mlflow,1.98%,2.27GiB / 15.33GiB,14.80%
1791604143,22:49:03,taller5-postgres-mlflow,0.00%,39.14MiB / 15.33GiB,0.25%
1791604143,22:49:03,taller5-nginx,1.34%,2.664MiB / 15.33GiB,0.02%
1791604143,22:49:03,taller5-minio,0.04%,105.8MiB / 15.33GiB,0.67%
1791604148,22:49:08,taller5-api-1,55.39%,303.1MiB / 1GiB,29.60%
1791604148,22:49:08,taller5-mlflow,1.93%,2.27GiB / 15.33GiB,14.80%
1791604148,22:49:08,taller5-postgres-mlflow,0.00%,39.14MiB / 15.33GiB,0.25%
1791604148,22:49:08,taller5-nginx,1.53%,2.586MiB / 15.33GiB,0.02%
1791604148,22:49:08,taller5-minio,0.00%,105.8MiB / 15.33GiB,0.67%
1791604152,22:49:12,taller5-api-1,62.41%,303.4MiB / 1GiB,29.63%
1791604152,22:49:12,taller5-mlflow,2.06%,2.27GiB / 15.33GiB,14.80%
1791604152,22:49:12,taller5-postgres-mlflow,0.00%,39.14MiB / 15.33GiB,0.25%
1791604152,22:49:12,taller5-nginx,1.23%,2.562MiB / 15.33GiB,0.02%
1791604152,22:49:12,taller5-minio,0.00%,105.8MiB / 15.33GiB,0.67%
1791604156,22:49:16,taller5-api-1,47.80%,303.4MiB / 1GiB,29.63%
1791604156,22:49:16,taller5-mlflow,15.55%,2.27GiB / 15.33GiB,14.80%
1791604156,22:49:16,taller5-postgres-mlflow,0.08%,39.14MiB / 15.33GiB,0.25%
1791604156,22:49:16,taller5-nginx,1.44%,2.664MiB / 15.33GiB,0.02%
1791604156,22:49:16,taller5-minio,0.00%,105.8MiB / 15.33GiB,0.67%
1791604160,22:49:20,taller5-api-1,71.69%,303.4MiB / 1GiB,29.63%
1791604160,22:49:20,taller5-mlflow,1.89%,2.27GiB / 15.33GiB,14.80%
1791604160,22:49:20,taller5-postgres-mlflow,0.00%,39.14MiB / 15.33GiB,0.25%
1791604160,22:49:20,taller5-nginx,1.41%,2.52MiB / 15.33GiB,0.02%
1791604160,22:49:20,taller5-minio,0.00%,105.8MiB / 15.33GiB,0.67%
1791604164,22:49:24,taller5-api-1,70.72%,303.4MiB / 1GiB,29.63%
1791604164,22:49:24,taller5-mlflow,2.03%,2.27GiB / 15.33GiB,14.80%
1791604164,22:49:24,taller5-postgres-mlflow,0.00%,39.14MiB / 15.33GiB,0.25%
1791604164,22:49:24,taller5-nginx,1.15%,2.504MiB / 15.33GiB,0.02%
1791604164,22:49:24,taller5-minio,0.00%,105.8MiB / 15.33GiB,0.67%
1791604168,22:49:28,taller5-api-1,100.27%,303.2MiB / 1GiB,29.61%
1791604168,22:49:28,taller5-mlflow,2.44%,2.27GiB / 15.33GiB,14.80%
1791604168,22:49:28,taller5-postgres-mlflow,0.00%,39.14MiB / 15.33GiB,0.25%
1791604168,22:49:28,taller5-nginx,1.57%,2.945MiB / 15.33GiB,0.02%
1791604168,22:49:28,taller5-minio,0.02%,105.8MiB / 15.33GiB,0.67%
1791604172,22:49:32,taller5-api-1,70.31%,303.2MiB / 1GiB,29.61%
1791604172,22:49:32,taller5-mlflow,2.51%,2.27GiB / 15.33GiB,14.80%
1791604172,22:49:32,taller5-postgres-mlflow,0.00%,39.14MiB / 15.33GiB,0.25%
1791604172,22:49:32,taller5-nginx,1.55%,2.664MiB / 15.33GiB,0.02%
1791604172,22:49:32,taller5-minio,0.07%,105.8MiB / 15.33GiB,0.67%
1791604176,22:49:36,taller5-api-1,56.01%,303.3MiB / 1GiB,29.62%
1791604176,22:49:36,taller5-mlflow,2.63%,2.27GiB / 15.33GiB,14.80%
1791604176,22:49:36,taller5-postgres-mlflow,0.01%,39.15MiB / 15.33GiB,0.25%
1791604176,22:49:36,taller5-nginx,1.47%,2.586MiB / 15.33GiB,0.02%
1791604176,22:49:36,taller5-minio,0.06%,105.9MiB / 15.33GiB,0.67%
1791604181,22:49:41,taller5-api-1,89.06%,303.1MiB / 1GiB,29.60%
1791604181,22:49:41,taller5-mlflow,3.02%,2.27GiB / 15.33GiB,14.80%
1791604181,22:49:41,taller5-postgres-mlflow,0.00%,39.15MiB / 15.33GiB,0.25%
1791604181,22:49:41,taller5-nginx,1.66%,2.527MiB / 15.33GiB,0.02%
1791604181,22:49:41,taller5-minio,0.01%,105.9MiB / 15.33GiB,0.67%
1791604185,22:49:45,taller5-api-1,88.46%,303.1MiB / 1GiB,29.60%
1791604185,22:49:45,taller5-mlflow,2.51%,2.27GiB / 15.33GiB,14.80%
1791604185,22:49:45,taller5-postgres-mlflow,0.00%,39.15MiB / 15.33GiB,0.25%
1791604185,22:49:45,taller5-nginx,1.44%,2.57MiB / 15.33GiB,0.02%
1791604185,22:49:45,taller5-minio,0.07%,105.9MiB / 15.33GiB,0.67%
1791604189,22:49:49,taller5-api-1,65.52%,303.1MiB / 1GiB,29.60%
1791604189,22:49:49,taller5-mlflow,2.50%,2.27GiB / 15.33GiB,14.80%
1791604189,22:49:49,taller5-postgres-mlflow,0.00%,39.14MiB / 15.33GiB,0.25%
1791604189,22:49:49,taller5-nginx,1.47%,2.531MiB / 15.33GiB,0.02%
1791604189,22:49:49,taller5-minio,0.02%,105.9MiB / 15.33GiB,0.67%
1791604193,22:49:53,taller5-api-1,83.42%,303.1MiB / 1GiB,29.60%
1791604193,22:49:53,taller5-mlflow,2.41%,2.27GiB / 15.33GiB,14.80%
1791604193,22:49:53,taller5-postgres-mlflow,0.00%,39.14MiB / 15.33GiB,0.25%
1791604193,22:49:53,taller5-nginx,1.65%,2.566MiB / 15.33GiB,0.02%
1791604193,22:49:53,taller5-minio,0.12%,105.9MiB / 15.33GiB,0.67%
1791604197,22:49:57,taller5-api-1,63.50%,303MiB / 1GiB,29.59%
1791604197,22:49:57,taller5-mlflow,1.95%,2.27GiB / 15.33GiB,14.80%
1791604197,22:49:57,taller5-postgres-mlflow,8.08%,39.17MiB / 15.33GiB,0.25%
1791604197,22:49:57,taller5-nginx,1.31%,2.523MiB / 15.33GiB,0.02%
1791604197,22:49:57,taller5-minio,0.03%,105.9MiB / 15.33GiB,0.67%
1791604201,22:50:01,taller5-api-1,80.08%,303MiB / 1GiB,29.59%
1791604201,22:50:01,taller5-mlflow,15.51%,2.27GiB / 15.33GiB,14.80%
1791604201,22:50:01,taller5-postgres-mlflow,0.00%,39.15MiB / 15.33GiB,0.25%
1791604201,22:50:01,taller5-nginx,1.56%,2.508MiB / 15.33GiB,0.02%
1791604201,22:50:01,taller5-minio,7.00%,105.9MiB / 15.33GiB,0.67%
1791604205,22:50:05,taller5-api-1,60.70%,302.9MiB / 1GiB,29.58%
1791604205,22:50:05,taller5-mlflow,1.92%,2.27GiB / 15.33GiB,14.80%
1791604205,22:50:05,taller5-postgres-mlflow,3.50%,39.79MiB / 15.33GiB,0.25%
1791604205,22:50:05,taller5-nginx,1.35%,2.5MiB / 15.33GiB,0.02%
1791604205,22:50:05,taller5-minio,0.03%,105.9MiB / 15.33GiB,0.67%
1791604209,22:50:09,taller5-api-1,54.49%,303MiB / 1GiB,29.59%
1791604209,22:50:09,taller5-mlflow,1.91%,2.27GiB / 15.33GiB,14.80%
1791604209,22:50:09,taller5-postgres-mlflow,0.00%,39.14MiB / 15.33GiB,0.25%
1791604209,22:50:09,taller5-nginx,1.20%,2.52MiB / 15.33GiB,0.02%
1791604209,22:50:09,taller5-minio,0.03%,105.9MiB / 15.33GiB,0.67%
1791604214,22:50:14,taller5-api-1,80.34%,303MiB / 1GiB,29.59%
1791604214,22:50:14,taller5-mlflow,1.88%,2.27GiB / 15.33GiB,14.80%
1791604214,22:50:14,taller5-postgres-mlflow,0.00%,39.14MiB / 15.33GiB,0.25%
1791604214,22:50:14,taller5-nginx,1.50%,2.75MiB / 15.33GiB,0.02%
1791604214,22:50:14,taller5-minio,0.09%,105.9MiB / 15.33GiB,0.67%
1791604218,22:50:18,taller5-api-1,77.05%,302.9MiB / 1GiB,29.58%
1791604218,22:50:18,taller5-mlflow,1.90%,2.27GiB / 15.33GiB,14.80%
1791604218,22:50:18,taller5-postgres-mlflow,0.01%,39.14MiB / 15.33GiB,0.25%
1791604218,22:50:18,taller5-nginx,1.45%,2.602MiB / 15.33GiB,0.02%
1791604218,22:50:18,taller5-minio,0.03%,105.9MiB / 15.33GiB,0.67%
1791604222,22:50:22,taller5-api-1,72.85%,303.2MiB / 1GiB,29.61%
1791604222,22:50:22,taller5-mlflow,1.95%,2.27GiB / 15.33GiB,14.80%
1791604222,22:50:22,taller5-postgres-mlflow,0.00%,39.14MiB / 15.33GiB,0.25%
1791604222,22:50:22,taller5-nginx,1.25%,2.574MiB / 15.33GiB,0.02%
1791604222,22:50:22,taller5-minio,7.19%,105.9MiB / 15.33GiB,0.67%
1791604226,22:50:26,taller5-api-1,92.64%,303.2MiB / 1GiB,29.61%
1791604226,22:50:26,taller5-mlflow,1.93%,2.27GiB / 15.33GiB,14.80%
1791604226,22:50:26,taller5-postgres-mlflow,8.16%,39.14MiB / 15.33GiB,0.25%
1791604226,22:50:26,taller5-nginx,0.95%,2.617MiB / 15.33GiB,0.02%
1791604226,22:50:26,taller5-minio,0.00%,105.9MiB / 15.33GiB,0.67%
1791604230,22:50:30,taller5-api-1,87.38%,303.3MiB / 1GiB,29.62%
1791604230,22:50:30,taller5-mlflow,2.30%,2.27GiB / 15.33GiB,14.80%
1791604230,22:50:30,taller5-postgres-mlflow,0.00%,39.14MiB / 15.33GiB,0.25%
1791604230,22:50:30,taller5-nginx,0.25%,2.406MiB / 15.33GiB,0.02%
1791604230,22:50:30,taller5-minio,0.00%,105.9MiB / 15.33GiB,0.67%
1791604234,22:50:34,taller5-api-1,0.32%,303.2MiB / 1GiB,29.61%
1791604234,22:50:34,taller5-mlflow,2.15%,2.27GiB / 15.33GiB,14.81%
1791604234,22:50:34,taller5-postgres-mlflow,0.79%,39.15MiB / 15.33GiB,0.25%
1791604234,22:50:34,taller5-nginx,0.07%,2.336MiB / 15.33GiB,0.01%
1791604234,22:50:34,taller5-minio,1.71%,105.9MiB / 15.33GiB,0.67%
1791604238,22:50:38,taller5-api-1,0.18%,303.2MiB / 1GiB,29.61%
1791604238,22:50:38,taller5-mlflow,2.02%,2.27GiB / 15.33GiB,14.80%
1791604238,22:50:38,taller5-postgres-mlflow,0.01%,39.14MiB / 15.33GiB,0.25%
1791604238,22:50:38,taller5-nginx,0.00%,2.336MiB / 15.33GiB,0.01%
1791604238,22:50:38,taller5-minio,0.05%,105.9MiB / 15.33GiB,0.67%
1791604242,22:50:42,taller5-api-1,0.21%,302.6MiB / 1GiB,29.55%
1791604242,22:50:42,taller5-mlflow,2.20%,2.27GiB / 15.33GiB,14.81%
1791604242,22:50:42,taller5-postgres-mlflow,0.00%,39.14MiB / 15.33GiB,0.25%
1791604242,22:50:42,taller5-nginx,0.00%,2.336MiB / 15.33GiB,0.01%
1791604242,22:50:42,taller5-minio,7.35%,105.9MiB / 15.33GiB,0.67%
1791604246,22:50:46,taller5-api-1,0.17%,302.6MiB / 1GiB,29.55%
1791604246,22:50:46,taller5-mlflow,15.24%,2.27GiB / 15.33GiB,14.80%
1791604246,22:50:46,taller5-postgres-mlflow,0.00%,39.14MiB / 15.33GiB,0.25%
1791604246,22:50:46,taller5-nginx,0.00%,2.336MiB / 15.33GiB,0.01%
1791604246,22:50:46,taller5-minio,0.11%,105.9MiB / 15.33GiB,0.67%
1791604251,22:50:51,taller5-api-1,0.18%,302.6MiB / 1GiB,29.55%
1791604251,22:50:51,taller5-mlflow,2.60%,2.27GiB / 15.33GiB,14.80%
1791604251,22:50:51,taller5-postgres-mlflow,0.00%,39.14MiB / 15.33GiB,0.25%
1791604251,22:50:51,taller5-nginx,0.00%,2.336MiB / 15.33GiB,0.01%
1791604251,22:50:51,taller5-minio,0.00%,105.9MiB / 15.33GiB,0.67%
1791604255,22:50:55,taller5-api-1,0.16%,302.6MiB / 1GiB,29.55%
1791604255,22:50:55,taller5-mlflow,2.05%,2.27GiB / 15.33GiB,14.81%
1791604255,22:50:55,taller5-postgres-mlflow,0.00%,39.14MiB / 15.33GiB,0.25%
1791604255,22:50:55,taller5-nginx,0.00%,2.336MiB / 15.33GiB,0.01%
1791604255,22:50:55,taller5-minio,0.06%,105.9MiB / 15.33GiB,0.67%
1791604259,22:50:59,taller5-api-1,0.18%,302.6MiB / 1GiB,29.55%
1791604259,22:50:59,taller5-mlflow,2.16%,2.27GiB / 15.33GiB,14.80%
1791604259,22:50:59,taller5-postgres-mlflow,0.01%,39.15MiB / 15.33GiB,0.25%
1791604259,22:50:59,taller5-nginx,0.01%,2.336MiB / 15.33GiB,0.01%
1791604259,22:50:59,taller5-minio,0.06%,105.9MiB / 15.33GiB,0.67%
1791604263,22:51:03,taller5-api-1,0.17%,302.6MiB / 1GiB,29.55%
1791604263,22:51:03,taller5-mlflow,15.34%,2.27GiB / 15.33GiB,14.81%
1791604263,22:51:03,taller5-postgres-mlflow,0.00%,39.15MiB / 15.33GiB,0.25%
1791604263,22:51:03,taller5-nginx,0.00%,2.336MiB / 15.33GiB,0.01%
1791604263,22:51:03,taller5-minio,1.41%,105.9MiB / 15.33GiB,0.67%
1791604267,22:51:07,taller5-api-1,72.25%,303.8MiB / 1GiB,29.67%
1791604267,22:51:07,taller5-mlflow,1.88%,2.27GiB / 15.33GiB,14.81%
1791604267,22:51:07,taller5-postgres-mlflow,0.00%,39.15MiB / 15.33GiB,0.25%
1791604267,22:51:07,taller5-nginx,0.94%,2.508MiB / 15.33GiB,0.02%
1791604267,22:51:07,taller5-minio,0.00%,105.9MiB / 15.33GiB,0.67%
1791604271,22:51:11,taller5-api-1,101.37%,305MiB / 1GiB,29.78%
1791604271,22:51:11,taller5-mlflow,2.10%,2.27GiB / 15.33GiB,14.80%
1791604271,22:51:11,taller5-postgres-mlflow,0.00%,39.15MiB / 15.33GiB,0.25%
1791604271,22:51:11,taller5-nginx,1.02%,3.094MiB / 15.33GiB,0.02%
1791604271,22:51:11,taller5-minio,7.18%,105.9MiB / 15.33GiB,0.67%
1791604275,22:51:15,taller5-api-1,81.91%,305.4MiB / 1GiB,29.82%
1791604275,22:51:15,taller5-mlflow,1.81%,2.27GiB / 15.33GiB,14.80%
1791604275,22:51:15,taller5-postgres-mlflow,0.00%,39.14MiB / 15.33GiB,0.25%
1791604275,22:51:15,taller5-nginx,1.52%,2.879MiB / 15.33GiB,0.02%
1791604275,22:51:15,taller5-minio,0.05%,105.9MiB / 15.33GiB,0.67%
1791604279,22:51:19,taller5-api-1,101.33%,305.3MiB / 1GiB,29.82%
1791604279,22:51:19,taller5-mlflow,1.89%,2.27GiB / 15.33GiB,14.80%
1791604279,22:51:19,taller5-postgres-mlflow,0.00%,39.15MiB / 15.33GiB,0.25%
1791604279,22:51:19,taller5-nginx,1.48%,3.156MiB / 15.33GiB,0.02%
1791604279,22:51:19,taller5-minio,0.17%,105.9MiB / 15.33GiB,0.67%
1791604284,22:51:24,taller5-api-1,102.13%,315.6MiB / 1GiB,30.82%
1791604284,22:51:24,taller5-mlflow,1.87%,2.27GiB / 15.33GiB,14.80%
1791604284,22:51:24,taller5-postgres-mlflow,0.00%,39.15MiB / 15.33GiB,0.25%
1791604284,22:51:24,taller5-nginx,0.97%,3.23MiB / 15.33GiB,0.02%
1791604284,22:51:24,taller5-minio,0.07%,105.9MiB / 15.33GiB,0.67%
1791604288,22:51:28,taller5-api-1,101.47%,305.3MiB / 1GiB,29.82%
1791604288,22:51:28,taller5-mlflow,1.99%,2.27GiB / 15.33GiB,14.80%
1791604288,22:51:28,taller5-postgres-mlflow,0.00%,39.15MiB / 15.33GiB,0.25%
1791604288,22:51:28,taller5-nginx,1.18%,3.254MiB / 15.33GiB,0.02%
1791604288,22:51:28,taller5-minio,0.03%,105.9MiB / 15.33GiB,0.67%
1791604292,22:51:32,taller5-api-1,100.70%,305.4MiB / 1GiB,29.82%
1791604292,22:51:32,taller5-mlflow,4.98%,2.275GiB / 15.33GiB,14.84%
1791604292,22:51:32,taller5-postgres-mlflow,0.00%,39.15MiB / 15.33GiB,0.25%
1791604292,22:51:32,taller5-nginx,1.08%,3.07MiB / 15.33GiB,0.02%
1791604292,22:51:32,taller5-minio,6.48%,105.9MiB / 15.33GiB,0.67%
1791604296,22:51:36,taller5-api-1,99.80%,305.4MiB / 1GiB,29.82%
1791604296,22:51:36,taller5-mlflow,1.82%,2.27GiB / 15.33GiB,14.80%
1791604296,22:51:36,taller5-postgres-mlflow,0.00%,39.14MiB / 15.33GiB,0.25%
1791604296,22:51:36,taller5-nginx,1.16%,3.258MiB / 15.33GiB,0.02%
1791604296,22:51:36,taller5-minio,0.05%,105.9MiB / 15.33GiB,0.67%
1791604300,22:51:40,taller5-api-1,101.13%,305.4MiB / 1GiB,29.82%
1791604300,22:51:40,taller5-mlflow,2.04%,2.27GiB / 15.33GiB,14.80%
1791604300,22:51:40,taller5-postgres-mlflow,0.00%,39.15MiB / 15.33GiB,0.25%
1791604300,22:51:40,taller5-nginx,1.21%,3.254MiB / 15.33GiB,0.02%
1791604300,22:51:40,taller5-minio,0.00%,105.9MiB / 15.33GiB,0.67%
1791604304,22:51:44,taller5-api-1,102.32%,305.4MiB / 1GiB,29.82%
1791604304,22:51:44,taller5-mlflow,1.66%,2.27GiB / 15.33GiB,14.80%
1791604304,22:51:44,taller5-postgres-mlflow,0.00%,39.15MiB / 15.33GiB,0.25%
1791604304,22:51:44,taller5-nginx,1.14%,3.227MiB / 15.33GiB,0.02%
1791604304,22:51:44,taller5-minio,0.09%,105.9MiB / 15.33GiB,0.67%
1791604308,22:51:48,taller5-api-1,101.34%,305.4MiB / 1GiB,29.82%
1791604308,22:51:48,taller5-mlflow,1.81%,2.27GiB / 15.33GiB,14.80%
1791604308,22:51:48,taller5-postgres-mlflow,0.00%,39.15MiB / 15.33GiB,0.25%
1791604308,22:51:48,taller5-nginx,1.21%,3.203MiB / 15.33GiB,0.02%
1791604308,22:51:48,taller5-minio,0.06%,105.9MiB / 15.33GiB,0.67%
1791604312,22:51:52,taller5-api-1,101.46%,305.4MiB / 1GiB,29.82%
1791604312,22:51:52,taller5-mlflow,2.34%,2.27GiB / 15.33GiB,14.80%
1791604312,22:51:52,taller5-postgres-mlflow,0.00%,39.15MiB / 15.33GiB,0.25%
1791604312,22:51:52,taller5-nginx,1.16%,3.324MiB / 15.33GiB,0.02%
1791604312,22:51:52,taller5-minio,6.63%,105.9MiB / 15.33GiB,0.67%
1791604316,22:51:56,taller5-api-1,100.09%,305.4MiB / 1GiB,29.82%
1791604316,22:51:56,taller5-mlflow,1.96%,2.27GiB / 15.33GiB,14.80%
1791604316,22:51:56,taller5-postgres-mlflow,7.54%,39.18MiB / 15.33GiB,0.25%
1791604316,22:51:56,taller5-nginx,1.01%,3.18MiB / 15.33GiB,0.02%
1791604316,22:51:56,taller5-minio,0.05%,105.9MiB / 15.33GiB,0.67%
1791604321,22:52:01,taller5-api-1,101.63%,305.4MiB / 1GiB,29.82%
1791604321,22:52:01,taller5-mlflow,3.16%,2.27GiB / 15.33GiB,14.80%
1791604321,22:52:01,taller5-postgres-mlflow,0.00%,39.14MiB / 15.33GiB,0.25%
1791604321,22:52:01,taller5-nginx,1.34%,3.301MiB / 15.33GiB,0.02%
1791604321,22:52:01,taller5-minio,0.00%,105.8MiB / 15.33GiB,0.67%
1791604325,22:52:05,taller5-api-1,99.96%,305.4MiB / 1GiB,29.82%
1791604325,22:52:05,taller5-mlflow,2.44%,2.27GiB / 15.33GiB,14.80%
1791604325,22:52:05,taller5-postgres-mlflow,0.00%,39.14MiB / 15.33GiB,0.25%
1791604325,22:52:05,taller5-nginx,1.71%,3.418MiB / 15.33GiB,0.02%
1791604325,22:52:05,taller5-minio,0.07%,105.8MiB / 15.33GiB,0.67%
1791604329,22:52:09,taller5-api-1,101.88%,305.4MiB / 1GiB,29.82%
1791604329,22:52:09,taller5-mlflow,1.97%,2.27GiB / 15.33GiB,14.80%
1791604329,22:52:09,taller5-postgres-mlflow,0.00%,39.15MiB / 15.33GiB,0.25%
1791604329,22:52:09,taller5-nginx,1.07%,3.328MiB / 15.33GiB,0.02%
1791604329,22:52:09,taller5-minio,0.06%,105.8MiB / 15.33GiB,0.67%
1791604333,22:52:13,taller5-api-1,100.86%,305.4MiB / 1GiB,29.82%
1791604333,22:52:13,taller5-mlflow,1.89%,2.27GiB / 15.33GiB,14.80%
1791604333,22:52:13,taller5-postgres-mlflow,0.00%,39.15MiB / 15.33GiB,0.25%
1791604333,22:52:13,taller5-nginx,1.46%,3.406MiB / 15.33GiB,0.02%
1791604333,22:52:13,taller5-minio,7.90%,105.8MiB / 15.33GiB,0.67%
1791604337,22:52:17,taller5-api-1,101.39%,305.4MiB / 1GiB,29.83%
1791604337,22:52:17,taller5-mlflow,1.89%,2.27GiB / 15.33GiB,14.80%
1791604337,22:52:17,taller5-postgres-mlflow,8.20%,39.15MiB / 15.33GiB,0.25%
1791604337,22:52:17,taller5-nginx,1.00%,3.215MiB / 15.33GiB,0.02%
1791604337,22:52:17,taller5-minio,0.00%,105.8MiB / 15.33GiB,0.67%
1791604341,22:52:21,taller5-api-1,101.20%,305.4MiB / 1GiB,29.82%
1791604341,22:52:21,taller5-mlflow,2.44%,2.27GiB / 15.33GiB,14.80%
1791604341,22:52:21,taller5-postgres-mlflow,0.00%,39.15MiB / 15.33GiB,0.25%
1791604341,22:52:21,taller5-nginx,1.20%,3.297MiB / 15.33GiB,0.02%
1791604341,22:52:21,taller5-minio,0.00%,105.8MiB / 15.33GiB,0.67%
1791604345,22:52:25,taller5-api-1,101.76%,305.4MiB / 1GiB,29.83%
1791604345,22:52:25,taller5-mlflow,1.85%,2.27GiB / 15.33GiB,14.80%
1791604345,22:52:25,taller5-postgres-mlflow,0.00%,39.15MiB / 15.33GiB,0.25%
1791604345,22:52:25,taller5-nginx,0.93%,3.363MiB / 15.33GiB,0.02%
1791604345,22:52:25,taller5-minio,0.03%,105.8MiB / 15.33GiB,0.67%
1791604349,22:52:29,taller5-api-1,101.34%,305.5MiB / 1GiB,29.83%
1791604349,22:52:29,taller5-mlflow,2.00%,2.27GiB / 15.33GiB,14.80%
1791604349,22:52:29,taller5-postgres-mlflow,0.00%,39.14MiB / 15.33GiB,0.25%
1791604349,22:52:29,taller5-nginx,1.06%,3.461MiB / 15.33GiB,0.02%
1791604349,22:52:29,taller5-minio,0.01%,105.8MiB / 15.33GiB,0.67%
1791604354,22:52:34,taller5-api-1,102.06%,305.5MiB / 1GiB,29.83%
1791604354,22:52:34,taller5-mlflow,8.40%,2.27GiB / 15.33GiB,14.80%
1791604354,22:52:34,taller5-postgres-mlflow,0.00%,39.14MiB / 15.33GiB,0.25%
1791604354,22:52:34,taller5-nginx,1.13%,3.145MiB / 15.33GiB,0.02%
1791604354,22:52:34,taller5-minio,5.76%,105.8MiB / 15.33GiB,0.67%
1791604358,22:52:38,taller5-api-1,101.67%,305.4MiB / 1GiB,29.83%
1791604358,22:52:38,taller5-mlflow,1.81%,2.27GiB / 15.33GiB,14.80%
1791604358,22:52:38,taller5-postgres-mlflow,7.84%,39.15MiB / 15.33GiB,0.25%
1791604358,22:52:38,taller5-nginx,1.31%,2.961MiB / 15.33GiB,0.02%
1791604358,22:52:38,taller5-minio,0.04%,105.8MiB / 15.33GiB,0.67%
1791604362,22:52:42,taller5-api-1,101.12%,305.4MiB / 1GiB,29.83%
1791604362,22:52:42,taller5-mlflow,1.99%,2.27GiB / 15.33GiB,14.80%
1791604362,22:52:42,taller5-postgres-mlflow,0.00%,39.15MiB / 15.33GiB,0.25%
1791604362,22:52:42,taller5-nginx,1.37%,2.887MiB / 15.33GiB,0.02%
1791604362,22:52:42,taller5-minio,0.03%,105.8MiB / 15.33GiB,0.67%
1791604366,22:52:46,taller5-api-1,78.60%,305.5MiB / 1GiB,29.84%
1791604366,22:52:46,taller5-mlflow,1.75%,2.27GiB / 15.33GiB,14.80%
1791604366,22:52:46,taller5-postgres-mlflow,0.00%,39.15MiB / 15.33GiB,0.25%
1791604366,22:52:46,taller5-nginx,1.21%,2.891MiB / 15.33GiB,0.02%
1791604366,22:52:46,taller5-minio,0.00%,105.8MiB / 15.33GiB,0.67%
1791604370,22:52:50,taller5-api-1,93.52%,305.5MiB / 1GiB,29.84%
1791604370,22:52:50,taller5-mlflow,1.91%,2.27GiB / 15.33GiB,14.80%
1791604370,22:52:50,taller5-postgres-mlflow,0.00%,39.14MiB / 15.33GiB,0.25%
1791604370,22:52:50,taller5-nginx,1.46%,2.969MiB / 15.33GiB,0.02%
1791604370,22:52:50,taller5-minio,0.16%,105.8MiB / 15.33GiB,0.67%
1791604374,22:52:54,taller5-api-1,87.78%,305.6MiB / 1GiB,29.84%
1791604374,22:52:54,taller5-mlflow,1.94%,2.27GiB / 15.33GiB,14.80%
1791604374,22:52:54,taller5-postgres-mlflow,0.61%,39.14MiB / 15.33GiB,0.25%
1791604374,22:52:54,taller5-nginx,1.46%,3.129MiB / 15.33GiB,0.02%
1791604374,22:52:54,taller5-minio,0.12%,105.8MiB / 15.33GiB,0.67%
1791604378,22:52:58,taller5-api-1,101.40%,305.6MiB / 1GiB,29.84%
1791604378,22:52:58,taller5-mlflow,2.12%,2.27GiB / 15.33GiB,14.80%
1791604378,22:52:58,taller5-postgres-mlflow,0.00%,39.15MiB / 15.33GiB,0.25%
1791604378,22:52:58,taller5-nginx,1.46%,2.941MiB / 15.33GiB,0.02%
1791604378,22:52:58,taller5-minio,5.71%,105.8MiB / 15.33GiB,0.67%
1791604382,22:53:02,taller5-api-1,66.52%,305.6MiB / 1GiB,29.84%
1791604382,22:53:02,taller5-mlflow,1.79%,2.27GiB / 15.33GiB,14.80%
1791604382,22:53:02,taller5-postgres-mlflow,0.00%,39.15MiB / 15.33GiB,0.25%
1791604382,22:53:02,taller5-nginx,1.34%,3.117MiB / 15.33GiB,0.02%
1791604382,22:53:02,taller5-minio,0.04%,105.8MiB / 15.33GiB,0.67%
1791604386,22:53:06,taller5-api-1,68.71%,305.6MiB / 1GiB,29.84%
1791604386,22:53:06,taller5-mlflow,2.02%,2.27GiB / 15.33GiB,14.80%
1791604386,22:53:06,taller5-postgres-mlflow,0.00%,39.15MiB / 15.33GiB,0.25%
1791604386,22:53:06,taller5-nginx,1.18%,2.836MiB / 15.33GiB,0.02%
1791604386,22:53:06,taller5-minio,0.06%,105.8MiB / 15.33GiB,0.67%
1791604391,22:53:11,taller5-api-1,85.09%,305.6MiB / 1GiB,29.84%
1791604391,22:53:11,taller5-mlflow,1.83%,2.27GiB / 15.33GiB,14.80%
1791604391,22:53:11,taller5-postgres-mlflow,0.00%,39.15MiB / 15.33GiB,0.25%
1791604391,22:53:11,taller5-nginx,1.12%,2.555MiB / 15.33GiB,0.02%
1791604391,22:53:11,taller5-minio,0.01%,105.8MiB / 15.33GiB,0.67%
1791604395,22:53:15,taller5-api-1,0.73%,305.5MiB / 1GiB,29.83%
1791604395,22:53:15,taller5-mlflow,2.00%,2.27GiB / 15.33GiB,14.80%
1791604395,22:53:15,taller5-postgres-mlflow,0.75%,39.15MiB / 15.33GiB,0.25%
1791604395,22:53:15,taller5-nginx,0.30%,2.379MiB / 15.33GiB,0.02%
1791604395,22:53:15,taller5-minio,0.06%,105.8MiB / 15.33GiB,0.67%
1791604399,22:53:19,taller5-api-1,0.18%,305.5MiB / 1GiB,29.83%
1791604399,22:53:19,taller5-mlflow,15.61%,2.27GiB / 15.33GiB,14.80%
1791604399,22:53:19,taller5-postgres-mlflow,0.00%,39.14MiB / 15.33GiB,0.25%
1791604399,22:53:19,taller5-nginx,0.02%,2.336MiB / 15.33GiB,0.01%
1791604399,22:53:19,taller5-minio,0.18%,105.8MiB / 15.33GiB,0.67%
1791604403,22:53:23,taller5-api-1,0.19%,303.5MiB / 1GiB,29.63%
1791604403,22:53:23,taller5-mlflow,2.32%,2.27GiB / 15.33GiB,14.80%
1791604403,22:53:23,taller5-postgres-mlflow,0.00%,39.14MiB / 15.33GiB,0.25%
1791604403,22:53:23,taller5-nginx,0.01%,2.336MiB / 15.33GiB,0.01%
1791604403,22:53:23,taller5-minio,0.00%,105.8MiB / 15.33GiB,0.67%
1791604407,22:53:27,taller5-api-1,0.17%,303.5MiB / 1GiB,29.63%
1791604407,22:53:27,taller5-mlflow,2.72%,2.27GiB / 15.33GiB,14.80%
1791604407,22:53:27,taller5-postgres-mlflow,0.00%,39.14MiB / 15.33GiB,0.25%
1791604407,22:53:27,taller5-nginx,0.00%,2.336MiB / 15.33GiB,0.01%
1791604407,22:53:27,taller5-minio,0.07%,105.8MiB / 15.33GiB,0.67%
1791604411,22:53:31,taller5-api-1,12.63%,303.5MiB / 1GiB,29.63%
1791604411,22:53:31,taller5-mlflow,2.30%,2.27GiB / 15.33GiB,14.80%
1791604411,22:53:31,taller5-postgres-mlflow,0.00%,39.14MiB / 15.33GiB,0.25%
1791604411,22:53:31,taller5-nginx,0.00%,2.336MiB / 15.33GiB,0.01%
1791604411,22:53:31,taller5-minio,0.04%,105.8MiB / 15.33GiB,0.67%
1791604415,22:53:35,taller5-api-1,0.16%,303.5MiB / 1GiB,29.63%
1791604415,22:53:35,taller5-mlflow,2.07%,2.27GiB / 15.33GiB,14.80%
1791604415,22:53:35,taller5-postgres-mlflow,0.00%,39.15MiB / 15.33GiB,0.25%
1791604415,22:53:35,taller5-nginx,0.02%,2.336MiB / 15.33GiB,0.01%
1791604415,22:53:35,taller5-minio,0.13%,105.9MiB / 15.33GiB,0.67%
1791604419,22:53:39,taller5-api-1,0.19%,303.5MiB / 1GiB,29.63%
1791604419,22:53:39,taller5-mlflow,2.02%,2.27GiB / 15.33GiB,14.80%
1791604419,22:53:39,taller5-postgres-mlflow,7.32%,39.14MiB / 15.33GiB,0.25%
1791604419,22:53:39,taller5-nginx,0.00%,2.336MiB / 15.33GiB,0.01%
1791604419,22:53:39,taller5-minio,0.04%,105.9MiB / 15.33GiB,0.67%
1791604423,22:53:43,taller5-api-1,0.21%,303.5MiB / 1GiB,29.63%
1791604423,22:53:43,taller5-mlflow,1.99%,2.27GiB / 15.33GiB,14.80%
1791604423,22:53:43,taller5-postgres-mlflow,0.00%,39.14MiB / 15.33GiB,0.25%
1791604423,22:53:43,taller5-nginx,0.00%,2.336MiB / 15.33GiB,0.01%
1791604423,22:53:43,taller5-minio,6.66%,105.9MiB / 15.33GiB,0.67%
1791604428,22:53:48,taller5-api-1,48.58%,304.4MiB / 1GiB,29.73%
1791604428,22:53:48,taller5-mlflow,1.89%,2.27GiB / 15.33GiB,14.80%
1791604428,22:53:48,taller5-postgres-mlflow,6.31%,39.98MiB / 15.33GiB,0.25%
1791604428,22:53:48,taller5-nginx,0.42%,2.668MiB / 15.33GiB,0.02%
1791604428,22:53:48,taller5-minio,0.04%,105.9MiB / 15.33GiB,0.67%
1791604432,22:53:52,taller5-api-1,101.97%,315.4MiB / 1GiB,30.80%
1791604432,22:53:52,taller5-mlflow,2.15%,2.27GiB / 15.33GiB,14.80%
1791604432,22:53:52,taller5-postgres-mlflow,0.00%,39.14MiB / 15.33GiB,0.25%
1791604432,22:53:52,taller5-nginx,1.21%,3.574MiB / 15.33GiB,0.02%
1791604432,22:53:52,taller5-minio,0.07%,105.9MiB / 15.33GiB,0.67%
1791604436,22:53:56,taller5-api-1,101.80%,305.8MiB / 1GiB,29.87%
1791604436,22:53:56,taller5-mlflow,2.26%,2.27GiB / 15.33GiB,14.80%
1791604436,22:53:56,taller5-postgres-mlflow,0.04%,39.14MiB / 15.33GiB,0.25%
1791604436,22:53:56,taller5-nginx,1.25%,4.141MiB / 15.33GiB,0.03%
1791604436,22:53:56,taller5-minio,0.04%,105.9MiB / 15.33GiB,0.67%
1791604440,22:54:00,taller5-api-1,101.56%,305.7MiB / 1GiB,29.85%
1791604440,22:54:00,taller5-mlflow,1.88%,2.27GiB / 15.33GiB,14.80%
1791604440,22:54:00,taller5-postgres-mlflow,0.00%,39.14MiB / 15.33GiB,0.25%
1791604440,22:54:00,taller5-nginx,1.07%,4.016MiB / 15.33GiB,0.03%
1791604440,22:54:00,taller5-minio,0.07%,105.9MiB / 15.33GiB,0.67%
1791604444,22:54:04,taller5-api-1,100.69%,315.9MiB / 1GiB,30.85%
1791604444,22:54:04,taller5-mlflow,15.50%,2.27GiB / 15.33GiB,14.80%
1791604444,22:54:04,taller5-postgres-mlflow,0.00%,39.14MiB / 15.33GiB,0.25%
1791604444,22:54:04,taller5-nginx,1.03%,4.301MiB / 15.33GiB,0.03%
1791604444,22:54:04,taller5-minio,7.36%,105.9MiB / 15.33GiB,0.67%
1791604448,22:54:08,taller5-api-1,101.57%,305.6MiB / 1GiB,29.85%
1791604448,22:54:08,taller5-mlflow,1.91%,2.27GiB / 15.33GiB,14.80%
1791604448,22:54:08,taller5-postgres-mlflow,7.97%,39.15MiB / 15.33GiB,0.25%
1791604448,22:54:08,taller5-nginx,0.83%,4.062MiB / 15.33GiB,0.03%
1791604448,22:54:08,taller5-minio,0.04%,105.8MiB / 15.33GiB,0.67%
1791604452,22:54:12,taller5-api-1,101.89%,305.6MiB / 1GiB,29.85%
1791604452,22:54:12,taller5-mlflow,1.91%,2.27GiB / 15.33GiB,14.80%
1791604452,22:54:12,taller5-postgres-mlflow,0.01%,39.15MiB / 15.33GiB,0.25%
1791604452,22:54:12,taller5-nginx,1.04%,4.051MiB / 15.33GiB,0.03%
1791604452,22:54:12,taller5-minio,0.04%,105.8MiB / 15.33GiB,0.67%
1791604456,22:54:16,taller5-api-1,102.13%,315.8MiB / 1GiB,30.84%
1791604456,22:54:16,taller5-mlflow,1.75%,2.27GiB / 15.33GiB,14.80%
1791604456,22:54:16,taller5-postgres-mlflow,0.00%,39.14MiB / 15.33GiB,0.25%
1791604456,22:54:16,taller5-nginx,0.87%,4.074MiB / 15.33GiB,0.03%
1791604456,22:54:16,taller5-minio,0.05%,105.9MiB / 15.33GiB,0.67%
1791604460,22:54:20,taller5-api-1,100.97%,305.7MiB / 1GiB,29.85%
1791604460,22:54:20,taller5-mlflow,2.59%,2.27GiB / 15.33GiB,14.80%
1791604460,22:54:20,taller5-postgres-mlflow,0.00%,39.15MiB / 15.33GiB,0.25%
1791604460,22:54:20,taller5-nginx,1.26%,4.133MiB / 15.33GiB,0.03%
1791604460,22:54:20,taller5-minio,0.04%,105.8MiB / 15.33GiB,0.67%
1791604465,22:54:25,taller5-api-1,101.73%,305.7MiB / 1GiB,29.85%
1791604465,22:54:25,taller5-mlflow,1.79%,2.27GiB / 15.33GiB,14.80%
1791604465,22:54:25,taller5-postgres-mlflow,0.00%,39.15MiB / 15.33GiB,0.25%
1791604465,22:54:25,taller5-nginx,1.50%,4.176MiB / 15.33GiB,0.03%
1791604465,22:54:25,taller5-minio,7.41%,105.9MiB / 15.33GiB,0.67%
1791604469,22:54:29,taller5-api-1,101.71%,305.6MiB / 1GiB,29.85%
1791604469,22:54:29,taller5-mlflow,1.75%,2.27GiB / 15.33GiB,14.80%
1791604469,22:54:29,taller5-postgres-mlflow,7.72%,39.15MiB / 15.33GiB,0.25%
1791604469,22:54:29,taller5-nginx,0.97%,4.438MiB / 15.33GiB,0.03%
1791604469,22:54:29,taller5-minio,0.00%,105.8MiB / 15.33GiB,0.67%
1791604473,22:54:33,taller5-api-1,101.29%,305.6MiB / 1GiB,29.85%
1791604473,22:54:33,taller5-mlflow,1.92%,2.27GiB / 15.33GiB,14.80%
1791604473,22:54:33,taller5-postgres-mlflow,0.00%,39.15MiB / 15.33GiB,0.25%
1791604473,22:54:33,taller5-nginx,0.69%,4.137MiB / 15.33GiB,0.03%
1791604473,22:54:33,taller5-minio,1.42%,105.9MiB / 15.33GiB,0.67%
1791604477,22:54:37,taller5-api-1,100.92%,305.6MiB / 1GiB,29.85%
1791604477,22:54:37,taller5-mlflow,1.75%,2.27GiB / 15.33GiB,14.80%
1791604477,22:54:37,taller5-postgres-mlflow,0.00%,39.14MiB / 15.33GiB,0.25%
1791604477,22:54:37,taller5-nginx,1.17%,3.957MiB / 15.33GiB,0.03%
1791604477,22:54:37,taller5-minio,0.06%,105.9MiB / 15.33GiB,0.67%
1791604481,22:54:41,taller5-api-1,101.44%,305.7MiB / 1GiB,29.85%
1791604481,22:54:41,taller5-mlflow,4.75%,2.27GiB / 15.33GiB,14.80%
1791604481,22:54:41,taller5-postgres-mlflow,0.12%,39.15MiB / 15.33GiB,0.25%
1791604481,22:54:41,taller5-nginx,1.33%,4.227MiB / 15.33GiB,0.03%
1791604481,22:54:41,taller5-minio,0.03%,105.9MiB / 15.33GiB,0.67%
1791604485,22:54:45,taller5-api-1,101.53%,305.7MiB / 1GiB,29.85%
1791604485,22:54:45,taller5-mlflow,2.00%,2.27GiB / 15.33GiB,14.80%
1791604485,22:54:45,taller5-postgres-mlflow,0.00%,39.15MiB / 15.33GiB,0.25%
1791604485,22:54:45,taller5-nginx,1.18%,4.445MiB / 15.33GiB,0.03%
1791604485,22:54:45,taller5-minio,0.05%,105.9MiB / 15.33GiB,0.67%
1791604489,22:54:49,taller5-api-1,101.00%,305.6MiB / 1GiB,29.85%
1791604489,22:54:49,taller5-mlflow,14.83%,2.27GiB / 15.33GiB,14.80%
1791604489,22:54:49,taller5-postgres-mlflow,0.00%,39.14MiB / 15.33GiB,0.25%
1791604489,22:54:49,taller5-nginx,1.22%,4.223MiB / 15.33GiB,0.03%
1791604489,22:54:49,taller5-minio,0.19%,105.9MiB / 15.33GiB,0.67%
1791604493,22:54:53,taller5-api-1,102.02%,305.6MiB / 1GiB,29.85%
1791604493,22:54:53,taller5-mlflow,1.89%,2.27GiB / 15.33GiB,14.80%
1791604493,22:54:53,taller5-postgres-mlflow,0.00%,39.14MiB / 15.33GiB,0.25%
1791604493,22:54:53,taller5-nginx,1.38%,4.207MiB / 15.33GiB,0.03%
1791604493,22:54:53,taller5-minio,0.00%,105.9MiB / 15.33GiB,0.67%
1791604497,22:54:57,taller5-api-1,101.32%,305.6MiB / 1GiB,29.85%
1791604497,22:54:57,taller5-mlflow,1.77%,2.27GiB / 15.33GiB,14.80%
1791604497,22:54:57,taller5-postgres-mlflow,0.00%,39.15MiB / 15.33GiB,0.25%
1791604497,22:54:57,taller5-nginx,0.90%,4.453MiB / 15.33GiB,0.03%
1791604497,22:54:57,taller5-minio,0.00%,105.9MiB / 15.33GiB,0.67%
1791604502,22:55:02,taller5-api-1,101.53%,315.8MiB / 1GiB,30.84%
1791604502,22:55:02,taller5-mlflow,2.36%,2.27GiB / 15.33GiB,14.80%
1791604502,22:55:02,taller5-postgres-mlflow,0.09%,39.14MiB / 15.33GiB,0.25%
1791604502,22:55:02,taller5-nginx,0.96%,4.18MiB / 15.33GiB,0.03%
1791604502,22:55:02,taller5-minio,0.00%,105.9MiB / 15.33GiB,0.67%
1791604506,22:55:06,taller5-api-1,100.42%,305.6MiB / 1GiB,29.85%
1791604506,22:55:06,taller5-mlflow,2.08%,2.27GiB / 15.33GiB,14.80%
1791604506,22:55:06,taller5-postgres-mlflow,0.00%,39.14MiB / 15.33GiB,0.25%
1791604506,22:55:06,taller5-nginx,1.20%,4.18MiB / 15.33GiB,0.03%
1791604506,22:55:06,taller5-minio,0.04%,105.9MiB / 15.33GiB,0.67%
1791604510,22:55:10,taller5-api-1,101.57%,305.6MiB / 1GiB,29.85%
1791604510,22:55:10,taller5-mlflow,1.87%,2.27GiB / 15.33GiB,14.80%
1791604510,22:55:10,taller5-postgres-mlflow,0.00%,39.15MiB / 15.33GiB,0.25%
1791604510,22:55:10,taller5-nginx,1.32%,4.418MiB / 15.33GiB,0.03%
1791604510,22:55:10,taller5-minio,0.04%,105.9MiB / 15.33GiB,0.67%
1791604514,22:55:14,taller5-api-1,101.36%,315.9MiB / 1GiB,30.85%
1791604514,22:55:14,taller5-mlflow,1.78%,2.27GiB / 15.33GiB,14.80%
1791604514,22:55:14,taller5-postgres-mlflow,0.67%,39.14MiB / 15.33GiB,0.25%
1791604514,22:55:14,taller5-nginx,1.07%,4.18MiB / 15.33GiB,0.03%
1791604514,22:55:14,taller5-minio,0.08%,105.9MiB / 15.33GiB,0.67%
1791604518,22:55:18,taller5-api-1,101.82%,305.6MiB / 1GiB,29.85%
1791604518,22:55:18,taller5-mlflow,1.83%,2.27GiB / 15.33GiB,14.80%
1791604518,22:55:18,taller5-postgres-mlflow,0.00%,39.14MiB / 15.33GiB,0.25%
1791604518,22:55:18,taller5-nginx,1.47%,4.426MiB / 15.33GiB,0.03%
1791604518,22:55:18,taller5-minio,0.03%,105.9MiB / 15.33GiB,0.67%
1791604522,22:55:22,taller5-api-1,101.55%,305.6MiB / 1GiB,29.85%
1791604522,22:55:22,taller5-mlflow,1.77%,2.27GiB / 15.33GiB,14.80%
1791604522,22:55:22,taller5-postgres-mlflow,0.00%,39.14MiB / 15.33GiB,0.25%
1791604522,22:55:22,taller5-nginx,1.16%,4.168MiB / 15.33GiB,0.03%
1791604522,22:55:22,taller5-minio,0.05%,105.9MiB / 15.33GiB,0.67%
1791604526,22:55:26,taller5-api-1,101.54%,305.7MiB / 1GiB,29.85%
1791604526,22:55:26,taller5-mlflow,1.78%,2.27GiB / 15.33GiB,14.80%
1791604526,22:55:26,taller5-postgres-mlflow,0.00%,39.14MiB / 15.33GiB,0.25%
1791604526,22:55:26,taller5-nginx,1.08%,4.43MiB / 15.33GiB,0.03%
1791604526,22:55:26,taller5-minio,0.06%,105.9MiB / 15.33GiB,0.67%
1791604530,22:55:30,taller5-api-1,100.86%,305.6MiB / 1GiB,29.85%
1791604530,22:55:30,taller5-mlflow,2.50%,2.27GiB / 15.33GiB,14.80%
1791604530,22:55:30,taller5-postgres-mlflow,0.00%,39.15MiB / 15.33GiB,0.25%
1791604530,22:55:30,taller5-nginx,1.25%,4.184MiB / 15.33GiB,0.03%
1791604530,22:55:30,taller5-minio,0.03%,105.9MiB / 15.33GiB,0.67%
1791604535,22:55:35,taller5-api-1,101.29%,305.6MiB / 1GiB,29.85%
1791604535,22:55:35,taller5-mlflow,12.94%,2.28GiB / 15.33GiB,14.87%
1791604535,22:55:35,taller5-postgres-mlflow,0.99%,39.14MiB / 15.33GiB,0.25%
1791604535,22:55:35,taller5-nginx,1.22%,4.168MiB / 15.33GiB,0.03%
1791604535,22:55:35,taller5-minio,9.50%,105.9MiB / 15.33GiB,0.67%
1791604539,22:55:39,taller5-api-1,101.01%,305.6MiB / 1GiB,29.85%
1791604539,22:55:39,taller5-mlflow,1.71%,2.27GiB / 15.33GiB,14.80%
1791604539,22:55:39,taller5-postgres-mlflow,4.44%,40.56MiB / 15.33GiB,0.26%
1791604539,22:55:39,taller5-nginx,1.43%,4.191MiB / 15.33GiB,0.03%
1791604539,22:55:39,taller5-minio,0.00%,105.9MiB / 15.33GiB,0.67%
1791604543,22:55:43,taller5-api-1,101.43%,305.7MiB / 1GiB,29.85%
1791604543,22:55:43,taller5-mlflow,1.97%,2.27GiB / 15.33GiB,14.80%
1791604543,22:55:43,taller5-postgres-mlflow,0.00%,39.15MiB / 15.33GiB,0.25%
1791604543,22:55:43,taller5-nginx,0.83%,4.434MiB / 15.33GiB,0.03%
1791604543,22:55:43,taller5-minio,0.00%,105.9MiB / 15.33GiB,0.67%
1791604547,22:55:47,taller5-api-1,100.86%,305.6MiB / 1GiB,29.85%
1791604547,22:55:47,taller5-mlflow,1.79%,2.27GiB / 15.33GiB,14.80%
1791604547,22:55:47,taller5-postgres-mlflow,0.01%,39.15MiB / 15.33GiB,0.25%
1791604547,22:55:47,taller5-nginx,1.30%,4.184MiB / 15.33GiB,0.03%
1791604547,22:55:47,taller5-minio,0.00%,105.9MiB / 15.33GiB,0.67%
1791604551,22:55:51,taller5-api-1,101.43%,305.6MiB / 1GiB,29.85%
1791604551,22:55:51,taller5-mlflow,2.29%,2.27GiB / 15.33GiB,14.80%
1791604551,22:55:51,taller5-postgres-mlflow,0.00%,39.14MiB / 15.33GiB,0.25%
1791604551,22:55:51,taller5-nginx,1.09%,4.461MiB / 15.33GiB,0.03%
1791604551,22:55:51,taller5-minio,0.00%,105.9MiB / 15.33GiB,0.67%
1791604555,22:55:55,taller5-api-1,101.33%,306MiB / 1GiB,29.88%
1791604555,22:55:55,taller5-mlflow,2.01%,2.27GiB / 15.33GiB,14.80%
1791604555,22:55:55,taller5-postgres-mlflow,0.00%,39.15MiB / 15.33GiB,0.25%
1791604555,22:55:55,taller5-nginx,0.07%,2.379MiB / 15.33GiB,0.02%
1791604555,22:55:55,taller5-minio,0.05%,105.9MiB / 15.33GiB,0.67%
1791604559,22:55:59,taller5-api-1,15.83%,305.5MiB / 1GiB,29.83%
1791604559,22:55:59,taller5-mlflow,2.58%,2.27GiB / 15.33GiB,14.80%
1791604559,22:55:59,taller5-postgres-mlflow,0.00%,39.15MiB / 15.33GiB,0.25%
1791604559,22:55:59,taller5-nginx,0.09%,2.336MiB / 15.33GiB,0.01%
1791604559,22:55:59,taller5-minio,0.03%,105.9MiB / 15.33GiB,0.67%
1791604563,22:56:03,taller5-api-1,0.17%,305.5MiB / 1GiB,29.83%
1791604563,22:56:03,taller5-mlflow,2.00%,2.27GiB / 15.33GiB,14.80%
1791604563,22:56:03,taller5-postgres-mlflow,0.00%,39.15MiB / 15.33GiB,0.25%
1791604563,22:56:03,taller5-nginx,0.00%,2.336MiB / 15.33GiB,0.01%
1791604563,22:56:03,taller5-minio,0.13%,105.9MiB / 15.33GiB,0.67%
1791604567,22:56:07,taller5-api-1,0.21%,305.5MiB / 1GiB,29.83%
1791604567,22:56:07,taller5-mlflow,2.08%,2.27GiB / 15.33GiB,14.80%
1791604567,22:56:07,taller5-postgres-mlflow,0.00%,39.15MiB / 15.33GiB,0.25%
1791604567,22:56:07,taller5-nginx,0.00%,2.336MiB / 15.33GiB,0.01%
1791604567,22:56:07,taller5-minio,0.00%,105.9MiB / 15.33GiB,0.67%
1791604572,22:56:12,taller5-api-1,0.16%,303.4MiB / 1GiB,29.63%
1791604572,22:56:12,taller5-mlflow,2.18%,2.27GiB / 15.33GiB,14.80%
1791604572,22:56:12,taller5-postgres-mlflow,0.00%,39.15MiB / 15.33GiB,0.25%
1791604572,22:56:12,taller5-nginx,0.02%,2.336MiB / 15.33GiB,0.01%
1791604572,22:56:12,taller5-minio,0.04%,105.9MiB / 15.33GiB,0.67%
1791604576,22:56:16,taller5-api-1,0.17%,303.4MiB / 1GiB,29.63%
1791604576,22:56:16,taller5-mlflow,2.02%,2.27GiB / 15.33GiB,14.80%
1791604576,22:56:16,taller5-postgres-mlflow,0.00%,39.14MiB / 15.33GiB,0.25%
1791604576,22:56:16,taller5-nginx,0.00%,2.336MiB / 15.33GiB,0.01%
1791604576,22:56:16,taller5-minio,6.63%,105.9MiB / 15.33GiB,0.67%
1791604580,22:56:20,taller5-api-1,13.02%,303.5MiB / 1GiB,29.63%
1791604580,22:56:20,taller5-mlflow,2.02%,2.27GiB / 15.33GiB,14.80%
1791604580,22:56:20,taller5-postgres-mlflow,8.04%,39.14MiB / 15.33GiB,0.25%
1791604580,22:56:20,taller5-nginx,0.00%,2.336MiB / 15.33GiB,0.01%
1791604580,22:56:20,taller5-minio,0.17%,105.9MiB / 15.33GiB,0.67%
1791604584,22:56:24,taller5-api-1,0.27%,303.4MiB / 1GiB,29.63%
1791604584,22:56:24,taller5-mlflow,2.13%,2.27GiB / 15.33GiB,14.80%
1791604584,22:56:24,taller5-postgres-mlflow,0.00%,39.14MiB / 15.33GiB,0.25%
1791604584,22:56:24,taller5-nginx,0.00%,2.336MiB / 15.33GiB,0.01%
1791604584,22:56:24,taller5-minio,5.68%,112.3MiB / 15.33GiB,0.72%
1791604588,22:56:28,taller5-api-1,0.18%,303.4MiB / 1GiB,29.63%
1791604588,22:56:28,taller5-mlflow,2.09%,2.27GiB / 15.33GiB,14.81%
1791604588,22:56:28,taller5-postgres-mlflow,0.00%,39.14MiB / 15.33GiB,0.25%
1791604588,22:56:28,taller5-nginx,0.00%,2.336MiB / 15.33GiB,0.01%
1791604588,22:56:28,taller5-minio,0.01%,105.9MiB / 15.33GiB,0.67%
1791604592,22:56:32,taller5-api-1,58.28%,304.7MiB / 1GiB,29.76%
1791604592,22:56:32,taller5-mlflow,2.04%,2.27GiB / 15.33GiB,14.80%
1791604592,22:56:32,taller5-postgres-mlflow,0.00%,39.14MiB / 15.33GiB,0.25%
1791604592,22:56:32,taller5-nginx,0.85%,2.797MiB / 15.33GiB,0.02%
1791604592,22:56:32,taller5-minio,0.05%,105.9MiB / 15.33GiB,0.67%
1791604596,22:56:36,taller5-api-1,100.65%,305.5MiB / 1GiB,29.83%
1791604596,22:56:36,taller5-mlflow,1.97%,2.27GiB / 15.33GiB,14.80%
1791604596,22:56:36,taller5-postgres-mlflow,0.00%,39.15MiB / 15.33GiB,0.25%
1791604596,22:56:36,taller5-nginx,1.59%,3.734MiB / 15.33GiB,0.02%
1791604596,22:56:36,taller5-minio,0.04%,105.9MiB / 15.33GiB,0.67%
1791604600,22:56:40,taller5-api-1,100.66%,315.8MiB / 1GiB,30.84%
1791604600,22:56:40,taller5-mlflow,2.51%,2.27GiB / 15.33GiB,14.80%
1791604600,22:56:40,taller5-postgres-mlflow,0.00%,39.14MiB / 15.33GiB,0.25%
1791604600,22:56:40,taller5-nginx,1.15%,4.988MiB / 15.33GiB,0.03%
1791604600,22:56:40,taller5-minio,0.04%,105.9MiB / 15.33GiB,0.67%
1791604605,22:56:45,taller5-api-1,101.10%,305.6MiB / 1GiB,29.84%
1791604605,22:56:45,taller5-mlflow,2.05%,2.27GiB / 15.33GiB,14.80%
1791604605,22:56:45,taller5-postgres-mlflow,0.00%,39.14MiB / 15.33GiB,0.25%
1791604605,22:56:45,taller5-nginx,0.93%,4.957MiB / 15.33GiB,0.03%
1791604605,22:56:45,taller5-minio,0.09%,105.9MiB / 15.33GiB,0.67%
1791604609,22:56:49,taller5-api-1,101.22%,305.7MiB / 1GiB,29.85%
1791604609,22:56:49,taller5-mlflow,2.08%,2.27GiB / 15.33GiB,14.80%
1791604609,22:56:49,taller5-postgres-mlflow,0.00%,39.14MiB / 15.33GiB,0.25%
1791604609,22:56:49,taller5-nginx,1.09%,5.008MiB / 15.33GiB,0.03%
1791604609,22:56:49,taller5-minio,0.01%,105.9MiB / 15.33GiB,0.67%
1791604613,22:56:53,taller5-api-1,98.39%,315.9MiB / 1GiB,30.85%
1791604613,22:56:53,taller5-mlflow,2.40%,2.27GiB / 15.33GiB,14.80%
1791604613,22:56:53,taller5-postgres-mlflow,0.00%,39.15MiB / 15.33GiB,0.25%
1791604613,22:56:53,taller5-nginx,1.44%,5.043MiB / 15.33GiB,0.03%
1791604613,22:56:53,taller5-minio,0.06%,105.9MiB / 15.33GiB,0.67%
1791604617,22:56:57,taller5-api-1,101.65%,305.7MiB / 1GiB,29.85%
1791604617,22:56:57,taller5-mlflow,1.94%,2.27GiB / 15.33GiB,14.80%
1791604617,22:56:57,taller5-postgres-mlflow,0.05%,39.14MiB / 15.33GiB,0.25%
1791604617,22:56:57,taller5-nginx,1.15%,5.047MiB / 15.33GiB,0.03%
1791604617,22:56:57,taller5-minio,0.05%,105.9MiB / 15.33GiB,0.67%
1791604621,22:57:01,taller5-api-1,100.85%,305.6MiB / 1GiB,29.84%
1791604621,22:57:01,taller5-mlflow,2.41%,2.27GiB / 15.33GiB,14.80%
1791604621,22:57:01,taller5-postgres-mlflow,7.73%,39.14MiB / 15.33GiB,0.25%
1791604621,22:57:01,taller5-nginx,1.25%,5.219MiB / 15.33GiB,0.03%
1791604621,22:57:01,taller5-minio,0.06%,105.9MiB / 15.33GiB,0.67%
1791604625,22:57:05,taller5-api-1,101.10%,315.9MiB / 1GiB,30.85%
1791604625,22:57:05,taller5-mlflow,1.98%,2.27GiB / 15.33GiB,14.80%
1791604625,22:57:05,taller5-postgres-mlflow,0.00%,39.14MiB / 15.33GiB,0.25%
1791604625,22:57:05,taller5-nginx,0.99%,5.234MiB / 15.33GiB,0.03%
1791604625,22:57:05,taller5-minio,0.11%,105.8MiB / 15.33GiB,0.67%
1791604629,22:57:09,taller5-api-1,101.03%,305.7MiB / 1GiB,29.86%
1791604629,22:57:09,taller5-mlflow,1.76%,2.27GiB / 15.33GiB,14.80%
1791604629,22:57:09,taller5-postgres-mlflow,0.00%,39.14MiB / 15.33GiB,0.25%
1791604629,22:57:09,taller5-nginx,1.06%,5.023MiB / 15.33GiB,0.03%
1791604629,22:57:09,taller5-minio,0.02%,105.8MiB / 15.33GiB,0.67%
1791604633,22:57:13,taller5-api-1,101.06%,305.7MiB / 1GiB,29.86%
1791604633,22:57:13,taller5-mlflow,2.00%,2.27GiB / 15.33GiB,14.80%
1791604633,22:57:13,taller5-postgres-mlflow,0.00%,39.15MiB / 15.33GiB,0.25%
1791604633,22:57:13,taller5-nginx,1.12%,5.027MiB / 15.33GiB,0.03%
1791604633,22:57:13,taller5-minio,0.00%,105.8MiB / 15.33GiB,0.67%
1791604637,22:57:17,taller5-api-1,101.03%,315.9MiB / 1GiB,30.85%
1791604637,22:57:17,taller5-mlflow,1.96%,2.27GiB / 15.33GiB,14.80%
1791604637,22:57:17,taller5-postgres-mlflow,0.00%,39.15MiB / 15.33GiB,0.25%
1791604637,22:57:17,taller5-nginx,1.22%,5.207MiB / 15.33GiB,0.03%
1791604637,22:57:17,taller5-minio,0.00%,105.8MiB / 15.33GiB,0.67%
1791604642,22:57:22,taller5-api-1,101.51%,305.7MiB / 1GiB,29.85%
1791604642,22:57:22,taller5-mlflow,12.19%,2.27GiB / 15.33GiB,14.80%
1791604642,22:57:22,taller5-postgres-mlflow,7.59%,39.14MiB / 15.33GiB,0.25%
1791604642,22:57:22,taller5-nginx,1.27%,4.988MiB / 15.33GiB,0.03%
1791604642,22:57:22,taller5-minio,0.00%,105.8MiB / 15.33GiB,0.67%
1791604646,22:57:26,taller5-api-1,101.34%,305.7MiB / 1GiB,29.86%
1791604646,22:57:26,taller5-mlflow,1.93%,2.27GiB / 15.33GiB,14.80%
1791604646,22:57:26,taller5-postgres-mlflow,0.00%,39.14MiB / 15.33GiB,0.25%
1791604646,22:57:26,taller5-nginx,0.74%,4.957MiB / 15.33GiB,0.03%
1791604646,22:57:26,taller5-minio,0.00%,105.8MiB / 15.33GiB,0.67%
1791604650,22:57:30,taller5-api-1,101.45%,315.9MiB / 1GiB,30.85%
1791604650,22:57:30,taller5-mlflow,2.22%,2.27GiB / 15.33GiB,14.80%
1791604650,22:57:30,taller5-postgres-mlflow,8.26%,39.16MiB / 15.33GiB,0.25%
1791604650,22:57:30,taller5-nginx,1.13%,4.973MiB / 15.33GiB,0.03%
1791604650,22:57:30,taller5-minio,0.06%,105.8MiB / 15.33GiB,0.67%
1791604654,22:57:34,taller5-api-1,102.10%,305.7MiB / 1GiB,29.86%
1791604654,22:57:34,taller5-mlflow,1.89%,2.27GiB / 15.33GiB,14.80%
1791604654,22:57:34,taller5-postgres-mlflow,0.74%,39.14MiB / 15.33GiB,0.25%
1791604654,22:57:34,taller5-nginx,1.33%,4.996MiB / 15.33GiB,0.03%
1791604654,22:57:34,taller5-minio,2.72%,105.9MiB / 15.33GiB,0.67%
1791604658,22:57:38,taller5-api-1,100.99%,305.7MiB / 1GiB,29.85%
1791604658,22:57:38,taller5-mlflow,1.94%,2.27GiB / 15.33GiB,14.80%
1791604658,22:57:38,taller5-postgres-mlflow,0.00%,39.14MiB / 15.33GiB,0.25%
1791604658,22:57:38,taller5-nginx,1.47%,5.164MiB / 15.33GiB,0.03%
1791604658,22:57:38,taller5-minio,0.05%,105.9MiB / 15.33GiB,0.67%
1791604662,22:57:42,taller5-api-1,99.90%,315.9MiB / 1GiB,30.85%
1791604662,22:57:42,taller5-mlflow,1.82%,2.27GiB / 15.33GiB,14.80%
1791604662,22:57:42,taller5-postgres-mlflow,0.00%,39.15MiB / 15.33GiB,0.25%
1791604662,22:57:42,taller5-nginx,1.10%,5.008MiB / 15.33GiB,0.03%
1791604662,22:57:42,taller5-minio,0.00%,105.9MiB / 15.33GiB,0.67%
1791604666,22:57:46,taller5-api-1,100.83%,305.7MiB / 1GiB,29.86%
1791604666,22:57:46,taller5-mlflow,1.76%,2.27GiB / 15.33GiB,14.80%
1791604666,22:57:46,taller5-postgres-mlflow,0.00%,39.15MiB / 15.33GiB,0.25%
1791604666,22:57:46,taller5-nginx,1.34%,4.957MiB / 15.33GiB,0.03%
1791604666,22:57:46,taller5-minio,0.00%,105.9MiB / 15.33GiB,0.67%
1791604670,22:57:50,taller5-api-1,100.88%,305.7MiB / 1GiB,29.86%
1791604670,22:57:50,taller5-mlflow,2.30%,2.27GiB / 15.33GiB,14.80%
1791604670,22:57:50,taller5-postgres-mlflow,7.52%,39.15MiB / 15.33GiB,0.25%
1791604670,22:57:50,taller5-nginx,1.12%,4.957MiB / 15.33GiB,0.03%
1791604670,22:57:50,taller5-minio,0.14%,105.9MiB / 15.33GiB,0.67%
1791604675,22:57:55,taller5-api-1,100.96%,305.7MiB / 1GiB,29.85%
1791604675,22:57:55,taller5-mlflow,2.29%,2.27GiB / 15.33GiB,14.80%
1791604675,22:57:55,taller5-postgres-mlflow,0.88%,39.15MiB / 15.33GiB,0.25%
1791604675,22:57:55,taller5-nginx,1.11%,5.148MiB / 15.33GiB,0.03%
1791604675,22:57:55,taller5-minio,0.08%,105.9MiB / 15.33GiB,0.67%
1791604679,22:57:59,taller5-api-1,101.39%,305.7MiB / 1GiB,29.86%
1791604679,22:57:59,taller5-mlflow,1.88%,2.27GiB / 15.33GiB,14.80%
1791604679,22:57:59,taller5-postgres-mlflow,0.00%,39.14MiB / 15.33GiB,0.25%
1791604679,22:57:59,taller5-nginx,1.29%,4.926MiB / 15.33GiB,0.03%
1791604679,22:57:59,taller5-minio,0.00%,105.9MiB / 15.33GiB,0.67%
1791604683,22:58:03,taller5-api-1,101.75%,305.7MiB / 1GiB,29.85%
1791604683,22:58:03,taller5-mlflow,2.07%,2.27GiB / 15.33GiB,14.80%
1791604683,22:58:03,taller5-postgres-mlflow,0.00%,39.15MiB / 15.33GiB,0.25%
1791604683,22:58:03,taller5-nginx,0.90%,4.918MiB / 15.33GiB,0.03%
1791604683,22:58:03,taller5-minio,0.10%,105.9MiB / 15.33GiB,0.67%
1791604687,22:58:07,taller5-api-1,101.88%,316MiB / 1GiB,30.86%
1791604687,22:58:07,taller5-mlflow,18.28%,2.27GiB / 15.33GiB,14.80%
1791604687,22:58:07,taller5-postgres-mlflow,0.01%,39.15MiB / 15.33GiB,0.25%
1791604687,22:58:07,taller5-nginx,1.44%,4.918MiB / 15.33GiB,0.03%
1791604687,22:58:07,taller5-minio,0.08%,105.8MiB / 15.33GiB,0.67%
1791604691,22:58:11,taller5-api-1,101.21%,305.7MiB / 1GiB,29.86%
1791604691,22:58:11,taller5-mlflow,2.90%,2.27GiB / 15.33GiB,14.80%
1791604691,22:58:11,taller5-postgres-mlflow,0.00%,39.15MiB / 15.33GiB,0.25%
1791604691,22:58:11,taller5-nginx,0.79%,5.23MiB / 15.33GiB,0.03%
1791604691,22:58:11,taller5-minio,0.06%,105.8MiB / 15.33GiB,0.67%
1791604695,22:58:15,taller5-api-1,102.30%,305.8MiB / 1GiB,29.86%
1791604695,22:58:15,taller5-mlflow,2.08%,2.27GiB / 15.33GiB,14.80%
1791604695,22:58:15,taller5-postgres-mlflow,0.00%,39.14MiB / 15.33GiB,0.25%
1791604695,22:58:15,taller5-nginx,1.26%,5.121MiB / 15.33GiB,0.03%
1791604695,22:58:15,taller5-minio,0.00%,105.8MiB / 15.33GiB,0.67%
1791604699,22:58:19,taller5-api-1,101.53%,305.7MiB / 1GiB,29.85%
1791604699,22:58:19,taller5-mlflow,1.73%,2.27GiB / 15.33GiB,14.80%
1791604699,22:58:19,taller5-postgres-mlflow,0.00%,39.14MiB / 15.33GiB,0.25%
1791604699,22:58:19,taller5-nginx,1.01%,5.297MiB / 15.33GiB,0.03%
1791604699,22:58:19,taller5-minio,0.04%,105.8MiB / 15.33GiB,0.67%
1791604703,22:58:23,taller5-api-1,101.06%,305.7MiB / 1GiB,29.86%
1791604703,22:58:23,taller5-mlflow,3.11%,2.27GiB / 15.33GiB,14.80%
1791604703,22:58:23,taller5-postgres-mlflow,0.00%,39.14MiB / 15.33GiB,0.25%
1791604703,22:58:23,taller5-nginx,1.27%,5.039MiB / 15.33GiB,0.03%
1791604703,22:58:23,taller5-minio,0.09%,105.8MiB / 15.33GiB,0.67%
1791604708,22:58:28,taller5-api-1,102.14%,306MiB / 1GiB,29.88%
1791604708,22:58:28,taller5-mlflow,2.00%,2.27GiB / 15.33GiB,14.80%
1791604708,22:58:28,taller5-postgres-mlflow,0.01%,39.14MiB / 15.33GiB,0.25%
1791604708,22:58:28,taller5-nginx,1.07%,5.027MiB / 15.33GiB,0.03%
1791604708,22:58:28,taller5-minio,0.03%,105.8MiB / 15.33GiB,0.67%
1791604712,22:58:32,taller5-api-1,100.75%,305.7MiB / 1GiB,29.86%
1791604712,22:58:32,taller5-mlflow,2.04%,2.27GiB / 15.33GiB,14.80%
1791604712,22:58:32,taller5-postgres-mlflow,0.00%,39.14MiB / 15.33GiB,0.25%
1791604712,22:58:32,taller5-nginx,0.89%,5.027MiB / 15.33GiB,0.03%
1791604712,22:58:32,taller5-minio,0.04%,105.8MiB / 15.33GiB,0.67%
1791604716,22:58:36,taller5-api-1,100.97%,305.7MiB / 1GiB,29.85%
1791604716,22:58:36,taller5-mlflow,1.76%,2.27GiB / 15.33GiB,14.80%
1791604716,22:58:36,taller5-postgres-mlflow,0.01%,39.14MiB / 15.33GiB,0.25%
1791604716,22:58:36,taller5-nginx,1.33%,5.023MiB / 15.33GiB,0.03%
1791604716,22:58:36,taller5-minio,0.04%,105.9MiB / 15.33GiB,0.67%
1791604720,22:58:40,taller5-api-1,101.89%,305.8MiB / 1GiB,29.86%
1791604720,22:58:40,taller5-mlflow,1.92%,2.27GiB / 15.33GiB,14.80%
1791604720,22:58:40,taller5-postgres-mlflow,0.00%,39.14MiB / 15.33GiB,0.25%
1791604720,22:58:40,taller5-nginx,1.11%,5.039MiB / 15.33GiB,0.03%
1791604720,22:58:40,taller5-minio,0.06%,105.9MiB / 15.33GiB,0.67%
1791604724,22:58:44,taller5-api-1,0.23%,305.5MiB / 1GiB,29.83%
1791604724,22:58:44,taller5-mlflow,2.08%,2.27GiB / 15.33GiB,14.80%
1791604724,22:58:44,taller5-postgres-mlflow,0.00%,39.14MiB / 15.33GiB,0.25%
1791604724,22:58:44,taller5-nginx,0.00%,2.34MiB / 15.33GiB,0.01%
1791604724,22:58:44,taller5-minio,0.02%,105.9MiB / 15.33GiB,0.67%
1791604728,22:58:48,taller5-api-1,0.17%,305.5MiB / 1GiB,29.83%
1791604728,22:58:48,taller5-mlflow,2.22%,2.27GiB / 15.33GiB,14.81%
1791604728,22:58:48,taller5-postgres-mlflow,0.01%,39.14MiB / 15.33GiB,0.25%
1791604728,22:58:48,taller5-nginx,0.00%,2.34MiB / 15.33GiB,0.01%
1791604728,22:58:48,taller5-minio,0.06%,105.9MiB / 15.33GiB,0.67%
1791604732,22:58:52,taller5-api-1,12.99%,305.3MiB / 1GiB,29.81%
1791604732,22:58:52,taller5-mlflow,15.65%,2.27GiB / 15.33GiB,14.80%
1791604732,22:58:52,taller5-postgres-mlflow,0.00%,39.14MiB / 15.33GiB,0.25%
1791604732,22:58:52,taller5-nginx,0.00%,2.34MiB / 15.33GiB,0.01%
1791604732,22:58:52,taller5-minio,0.05%,105.9MiB / 15.33GiB,0.67%
1791604736,22:58:56,taller5-api-1,0.16%,305.3MiB / 1GiB,29.81%
1791604736,22:58:56,taller5-mlflow,2.11%,2.27GiB / 15.33GiB,14.80%
1791604736,22:58:56,taller5-postgres-mlflow,0.00%,39.15MiB / 15.33GiB,0.25%
1791604736,22:58:56,taller5-nginx,0.00%,2.34MiB / 15.33GiB,0.01%
1791604736,22:58:56,taller5-minio,0.05%,105.9MiB / 15.33GiB,0.67%
1791604740,22:59:00,taller5-api-1,0.17%,305.3MiB / 1GiB,29.81%
1791604740,22:59:00,taller5-mlflow,2.45%,2.27GiB / 15.33GiB,14.80%
1791604740,22:59:00,taller5-postgres-mlflow,0.00%,39.15MiB / 15.33GiB,0.25%
1791604740,22:59:00,taller5-nginx,0.01%,2.34MiB / 15.33GiB,0.01%
1791604740,22:59:00,taller5-minio,0.00%,105.9MiB / 15.33GiB,0.67%
1791604745,22:59:05,taller5-api-1,0.18%,303.3MiB / 1GiB,29.62%
1791604745,22:59:05,taller5-mlflow,2.03%,2.27GiB / 15.33GiB,14.80%
1791604745,22:59:05,taller5-postgres-mlflow,0.00%,39.14MiB / 15.33GiB,0.25%
1791604745,22:59:05,taller5-nginx,0.00%,2.34MiB / 15.33GiB,0.01%
1791604745,22:59:05,taller5-minio,0.25%,105.9MiB / 15.33GiB,0.67%
1791604749,22:59:09,taller5-api-1,0.22%,303.3MiB / 1GiB,29.62%
1791604749,22:59:09,taller5-mlflow,2.21%,2.27GiB / 15.33GiB,14.80%
1791604749,22:59:09,taller5-postgres-mlflow,0.00%,39.14MiB / 15.33GiB,0.25%
1791604749,22:59:09,taller5-nginx,0.00%,2.34MiB / 15.33GiB,0.01%
1791604749,22:59:09,taller5-minio,0.00%,105.9MiB / 15.33GiB,0.67%
1791604753,22:59:13,taller5-api-1,12.96%,303.3MiB / 1GiB,29.62%
1791604753,22:59:13,taller5-mlflow,2.07%,2.27GiB / 15.33GiB,14.80%
1791604753,22:59:13,taller5-postgres-mlflow,0.00%,39.14MiB / 15.33GiB,0.25%
1791604753,22:59:13,taller5-nginx,0.00%,2.34MiB / 15.33GiB,0.01%
1791604753,22:59:13,taller5-minio,0.00%,105.9MiB / 15.33GiB,0.67%
1791604757,22:59:17,taller5-api-1,44.64%,304MiB / 1GiB,29.68%
1791604757,22:59:17,taller5-mlflow,1.97%,2.27GiB / 15.33GiB,14.80%
1791604757,22:59:17,taller5-postgres-mlflow,0.00%,39.15MiB / 15.33GiB,0.25%
1791604757,22:59:17,taller5-nginx,0.52%,2.586MiB / 15.33GiB,0.02%
1791604757,22:59:17,taller5-minio,0.05%,105.9MiB / 15.33GiB,0.67%
1791604761,22:59:21,taller5-api-1,93.33%,304.9MiB / 1GiB,29.78%
1791604761,22:59:21,taller5-mlflow,2.31%,2.27GiB / 15.33GiB,14.80%
1791604761,22:59:21,taller5-postgres-mlflow,5.78%,42.6MiB / 15.33GiB,0.27%
1791604761,22:59:21,taller5-nginx,1.36%,3.211MiB / 15.33GiB,0.02%
1791604761,22:59:21,taller5-minio,0.00%,105.9MiB / 15.33GiB,0.67%
1791604765,22:59:25,taller5-api-1,101.58%,305.6MiB / 1GiB,29.84%
1791604765,22:59:25,taller5-mlflow,1.61%,2.27GiB / 15.33GiB,14.80%
1791604765,22:59:25,taller5-postgres-mlflow,0.00%,39.14MiB / 15.33GiB,0.25%
1791604765,22:59:25,taller5-nginx,1.25%,4.289MiB / 15.33GiB,0.03%
1791604765,22:59:25,taller5-minio,0.00%,105.9MiB / 15.33GiB,0.67%
1791604769,22:59:29,taller5-api-1,101.53%,305.6MiB / 1GiB,29.85%
1791604769,22:59:29,taller5-mlflow,1.82%,2.27GiB / 15.33GiB,14.80%
1791604769,22:59:29,taller5-postgres-mlflow,0.01%,39.14MiB / 15.33GiB,0.25%
1791604769,22:59:29,taller5-nginx,1.65%,5.953MiB / 15.33GiB,0.04%
1791604769,22:59:29,taller5-minio,0.02%,105.9MiB / 15.33GiB,0.67%
1791604773,22:59:33,taller5-api-1,101.72%,305.7MiB / 1GiB,29.85%
1791604773,22:59:33,taller5-mlflow,1.84%,2.27GiB / 15.33GiB,14.80%
1791604773,22:59:33,taller5-postgres-mlflow,0.00%,39.15MiB / 15.33GiB,0.25%
1791604773,22:59:33,taller5-nginx,1.47%,6.707MiB / 15.33GiB,0.04%
1791604773,22:59:33,taller5-minio,1.61%,105.9MiB / 15.33GiB,0.67%
1791604777,22:59:37,taller5-api-1,101.90%,305.7MiB / 1GiB,29.85%
1791604777,22:59:37,taller5-mlflow,14.96%,2.27GiB / 15.33GiB,14.80%
1791604777,22:59:37,taller5-postgres-mlflow,0.00%,39.14MiB / 15.33GiB,0.25%
1791604777,22:59:37,taller5-nginx,1.28%,6.777MiB / 15.33GiB,0.04%
1791604777,22:59:37,taller5-minio,6.99%,105.9MiB / 15.33GiB,0.67%
1791604782,22:59:42,taller5-api-1,100.78%,305.8MiB / 1GiB,29.86%
1791604782,22:59:42,taller5-mlflow,4.35%,2.27GiB / 15.33GiB,14.80%
1791604782,22:59:42,taller5-postgres-mlflow,7.86%,39.15MiB / 15.33GiB,0.25%
1791604782,22:59:42,taller5-nginx,1.29%,6.516MiB / 15.33GiB,0.04%
1791604782,22:59:42,taller5-minio,0.02%,105.9MiB / 15.33GiB,0.67%
1791604786,22:59:46,taller5-api-1,101.64%,305.6MiB / 1GiB,29.85%
1791604786,22:59:46,taller5-mlflow,1.95%,2.27GiB / 15.33GiB,14.80%
1791604786,22:59:46,taller5-postgres-mlflow,0.00%,39.15MiB / 15.33GiB,0.25%
1791604786,22:59:46,taller5-nginx,1.12%,6.508MiB / 15.33GiB,0.04%
1791604786,22:59:46,taller5-minio,0.00%,105.9MiB / 15.33GiB,0.67%
1791604790,22:59:50,taller5-api-1,101.36%,305.8MiB / 1GiB,29.86%
1791604790,22:59:50,taller5-mlflow,2.46%,2.27GiB / 15.33GiB,14.80%
1791604790,22:59:50,taller5-postgres-mlflow,0.01%,39.15MiB / 15.33GiB,0.25%
1791604790,22:59:50,taller5-nginx,1.78%,6.496MiB / 15.33GiB,0.04%
1791604790,22:59:50,taller5-minio,0.00%,105.9MiB / 15.33GiB,0.67%
1791604794,22:59:54,taller5-api-1,100.37%,305.9MiB / 1GiB,29.87%
1791604794,22:59:54,taller5-mlflow,2.34%,2.27GiB / 15.33GiB,14.80%
1791604794,22:59:54,taller5-postgres-mlflow,1.05%,39.16MiB / 15.33GiB,0.25%
1791604794,22:59:54,taller5-nginx,1.62%,6.516MiB / 15.33GiB,0.04%
1791604794,22:59:54,taller5-minio,0.08%,105.9MiB / 15.33GiB,0.67%
1791604798,22:59:58,taller5-api-1,101.67%,305.9MiB / 1GiB,29.87%
1791604798,22:59:58,taller5-mlflow,2.38%,2.27GiB / 15.33GiB,14.80%
1791604798,22:59:58,taller5-postgres-mlflow,0.00%,39.14MiB / 15.33GiB,0.25%
1791604798,22:59:58,taller5-nginx,1.87%,6.48MiB / 15.33GiB,0.04%
1791604798,22:59:58,taller5-minio,4.51%,105.9MiB / 15.33GiB,0.67%
1791604802,23:00:02,taller5-api-1,101.84%,305.9MiB / 1GiB,29.87%
1791604802,23:00:02,taller5-mlflow,2.47%,2.27GiB / 15.33GiB,14.80%
1791604802,23:00:02,taller5-postgres-mlflow,8.34%,39.14MiB / 15.33GiB,0.25%
1791604802,23:00:02,taller5-nginx,1.50%,6.523MiB / 15.33GiB,0.04%
1791604802,23:00:02,taller5-minio,0.06%,105.9MiB / 15.33GiB,0.67%
1791604806,23:00:06,taller5-api-1,100.81%,305.9MiB / 1GiB,29.87%
1791604806,23:00:06,taller5-mlflow,2.39%,2.27GiB / 15.33GiB,14.80%
1791604806,23:00:06,taller5-postgres-mlflow,0.00%,39.14MiB / 15.33GiB,0.25%
1791604806,23:00:06,taller5-nginx,2.09%,6.48MiB / 15.33GiB,0.04%
1791604806,23:00:06,taller5-minio,0.04%,105.9MiB / 15.33GiB,0.67%
1791604810,23:00:10,taller5-api-1,101.72%,305.9MiB / 1GiB,29.87%
1791604810,23:00:10,taller5-mlflow,2.12%,2.27GiB / 15.33GiB,14.80%
1791604810,23:00:10,taller5-postgres-mlflow,0.00%,39.14MiB / 15.33GiB,0.25%
1791604810,23:00:10,taller5-nginx,1.26%,6.73MiB / 15.33GiB,0.04%
1791604810,23:00:10,taller5-minio,0.05%,105.9MiB / 15.33GiB,0.67%
1791604815,23:00:15,taller5-api-1,101.84%,305.9MiB / 1GiB,29.88%
1791604815,23:00:15,taller5-mlflow,2.01%,2.27GiB / 15.33GiB,14.80%
1791604815,23:00:15,taller5-postgres-mlflow,0.68%,39.14MiB / 15.33GiB,0.25%
1791604815,23:00:15,taller5-nginx,1.70%,6.48MiB / 15.33GiB,0.04%
1791604815,23:00:15,taller5-minio,0.07%,105.9MiB / 15.33GiB,0.67%
1791604819,23:00:19,taller5-api-1,100.64%,305.9MiB / 1GiB,29.87%
1791604819,23:00:19,taller5-mlflow,2.11%,2.27GiB / 15.33GiB,14.80%
1791604819,23:00:19,taller5-postgres-mlflow,0.00%,39.14MiB / 15.33GiB,0.25%
1791604819,23:00:19,taller5-nginx,1.47%,6.484MiB / 15.33GiB,0.04%
1791604819,23:00:19,taller5-minio,0.01%,105.9MiB / 15.33GiB,0.67%
1791604823,23:00:23,taller5-api-1,103.20%,316.1MiB / 1GiB,30.87%
1791604823,23:00:23,taller5-mlflow,15.08%,2.27GiB / 15.33GiB,14.80%
1791604823,23:00:23,taller5-postgres-mlflow,0.00%,39.14MiB / 15.33GiB,0.25%
1791604823,23:00:23,taller5-nginx,1.21%,6.461MiB / 15.33GiB,0.04%
1791604823,23:00:23,taller5-minio,0.00%,105.9MiB / 15.33GiB,0.67%
1791604827,23:00:27,taller5-api-1,101.80%,305.9MiB / 1GiB,29.87%
1791604827,23:00:27,taller5-mlflow,1.73%,2.27GiB / 15.33GiB,14.80%
1791604827,23:00:27,taller5-postgres-mlflow,0.00%,39.14MiB / 15.33GiB,0.25%
1791604827,23:00:27,taller5-nginx,1.37%,6.664MiB / 15.33GiB,0.04%
1791604827,23:00:27,taller5-minio,0.00%,105.9MiB / 15.33GiB,0.67%
1791604831,23:00:31,taller5-api-1,100.68%,305.9MiB / 1GiB,29.87%
1791604831,23:00:31,taller5-mlflow,2.45%,2.27GiB / 15.33GiB,14.80%
1791604831,23:00:31,taller5-postgres-mlflow,0.00%,39.14MiB / 15.33GiB,0.25%
1791604831,23:00:31,taller5-nginx,1.58%,6.414MiB / 15.33GiB,0.04%
1791604831,23:00:31,taller5-minio,0.00%,105.9MiB / 15.33GiB,0.67%
1791604835,23:00:35,taller5-api-1,101.96%,316.1MiB / 1GiB,30.87%
1791604835,23:00:35,taller5-mlflow,1.97%,2.27GiB / 15.33GiB,14.80%
1791604835,23:00:35,taller5-postgres-mlflow,0.00%,39.14MiB / 15.33GiB,0.25%
1791604835,23:00:35,taller5-nginx,1.23%,6.488MiB / 15.33GiB,0.04%
1791604835,23:00:35,taller5-minio,0.00%,105.9MiB / 15.33GiB,0.67%
1791604839,23:00:39,taller5-api-1,101.00%,305.9MiB / 1GiB,29.87%
1791604839,23:00:39,taller5-mlflow,15.36%,2.27GiB / 15.33GiB,14.80%
1791604839,23:00:39,taller5-postgres-mlflow,0.00%,39.14MiB / 15.33GiB,0.25%
1791604839,23:00:39,taller5-nginx,1.53%,6.449MiB / 15.33GiB,0.04%
1791604839,23:00:39,taller5-minio,0.06%,105.9MiB / 15.33GiB,0.67%
1791604843,23:00:43,taller5-api-1,101.54%,305.9MiB / 1GiB,29.87%
1791604843,23:00:43,taller5-mlflow,2.03%,2.27GiB / 15.33GiB,14.80%
1791604843,23:00:43,taller5-postgres-mlflow,0.00%,39.14MiB / 15.33GiB,0.25%
1791604843,23:00:43,taller5-nginx,1.63%,6.527MiB / 15.33GiB,0.04%
1791604843,23:00:43,taller5-minio,0.00%,105.9MiB / 15.33GiB,0.67%
1791604847,23:00:47,taller5-api-1,101.43%,316.2MiB / 1GiB,30.88%
1791604847,23:00:47,taller5-mlflow,1.70%,2.27GiB / 15.33GiB,14.80%
1791604847,23:00:47,taller5-postgres-mlflow,0.00%,39.14MiB / 15.33GiB,0.25%
1791604847,23:00:47,taller5-nginx,1.37%,6.508MiB / 15.33GiB,0.04%
1791604847,23:00:47,taller5-minio,0.00%,105.9MiB / 15.33GiB,0.67%
1791604852,23:00:52,taller5-api-1,100.53%,305.8MiB / 1GiB,29.87%
1791604852,23:00:52,taller5-mlflow,1.92%,2.27GiB / 15.33GiB,14.80%
1791604852,23:00:52,taller5-postgres-mlflow,0.00%,39.14MiB / 15.33GiB,0.25%
1791604852,23:00:52,taller5-nginx,1.72%,6.695MiB / 15.33GiB,0.04%
1791604852,23:00:52,taller5-minio,0.01%,105.9MiB / 15.33GiB,0.67%
1791604856,23:00:56,taller5-api-1,100.78%,305.9MiB / 1GiB,29.87%
1791604856,23:00:56,taller5-mlflow,1.86%,2.27GiB / 15.33GiB,14.80%
1791604856,23:00:56,taller5-postgres-mlflow,0.00%,39.14MiB / 15.33GiB,0.25%
1791604856,23:00:56,taller5-nginx,1.83%,6.426MiB / 15.33GiB,0.04%
1791604856,23:00:56,taller5-minio,0.04%,105.9MiB / 15.33GiB,0.67%
1791604860,23:01:00,taller5-api-1,99.33%,316.1MiB / 1GiB,30.87%
1791604860,23:01:00,taller5-mlflow,1.83%,2.27GiB / 15.33GiB,14.80%
1791604860,23:01:00,taller5-postgres-mlflow,0.00%,39.14MiB / 15.33GiB,0.25%
1791604860,23:01:00,taller5-nginx,1.62%,6.457MiB / 15.33GiB,0.04%
1791604860,23:01:00,taller5-minio,0.00%,105.9MiB / 15.33GiB,0.67%
1791604864,23:01:04,taller5-api-1,101.74%,305.9MiB / 1GiB,29.87%
1791604864,23:01:04,taller5-mlflow,1.92%,2.27GiB / 15.33GiB,14.80%
1791604864,23:01:04,taller5-postgres-mlflow,0.00%,39.15MiB / 15.33GiB,0.25%
1791604864,23:01:04,taller5-nginx,1.27%,6.688MiB / 15.33GiB,0.04%
1791604864,23:01:04,taller5-minio,0.17%,105.9MiB / 15.33GiB,0.67%
1791604868,23:01:08,taller5-api-1,100.95%,305.9MiB / 1GiB,29.87%
1791604868,23:01:08,taller5-mlflow,1.83%,2.27GiB / 15.33GiB,14.80%
1791604868,23:01:08,taller5-postgres-mlflow,0.00%,39.15MiB / 15.33GiB,0.25%
1791604868,23:01:08,taller5-nginx,1.86%,6.406MiB / 15.33GiB,0.04%
1791604868,23:01:08,taller5-minio,0.00%,105.9MiB / 15.33GiB,0.67%
1791604872,23:01:12,taller5-api-1,104.05%,316.1MiB / 1GiB,30.87%
1791604872,23:01:12,taller5-mlflow,1.73%,2.27GiB / 15.33GiB,14.80%
1791604872,23:01:12,taller5-postgres-mlflow,8.07%,39.22MiB / 15.33GiB,0.25%
1791604872,23:01:12,taller5-nginx,1.25%,6.664MiB / 15.33GiB,0.04%
1791604872,23:01:12,taller5-minio,0.03%,105.9MiB / 15.33GiB,0.67%
1791604876,23:01:16,taller5-api-1,101.82%,305.9MiB / 1GiB,29.87%
1791604876,23:01:16,taller5-mlflow,1.87%,2.27GiB / 15.33GiB,14.80%
1791604876,23:01:16,taller5-postgres-mlflow,0.00%,39.15MiB / 15.33GiB,0.25%
1791604876,23:01:16,taller5-nginx,1.52%,6.426MiB / 15.33GiB,0.04%
1791604876,23:01:16,taller5-minio,0.00%,105.9MiB / 15.33GiB,0.67%
1791604880,23:01:20,taller5-api-1,101.52%,305.6MiB / 1GiB,29.84%
1791604880,23:01:20,taller5-mlflow,2.42%,2.27GiB / 15.33GiB,14.80%
1791604880,23:01:20,taller5-postgres-mlflow,0.00%,39.15MiB / 15.33GiB,0.25%
1791604880,23:01:20,taller5-nginx,1.28%,6.383MiB / 15.33GiB,0.04%
1791604880,23:01:20,taller5-minio,0.05%,105.9MiB / 15.33GiB,0.67%
1791604884,23:01:24,taller5-api-1,100.91%,316MiB / 1GiB,30.86%
1791604884,23:01:24,taller5-mlflow,15.64%,2.27GiB / 15.33GiB,14.80%
1791604884,23:01:24,taller5-postgres-mlflow,0.00%,39.14MiB / 15.33GiB,0.25%
1791604884,23:01:24,taller5-nginx,1.71%,6.512MiB / 15.33GiB,0.04%
1791604884,23:01:24,taller5-minio,0.01%,105.9MiB / 15.33GiB,0.67%
1791604889,23:01:29,taller5-api-1,100.40%,305.9MiB / 1GiB,29.88%
1791604889,23:01:29,taller5-mlflow,1.74%,2.27GiB / 15.33GiB,14.80%
1791604889,23:01:29,taller5-postgres-mlflow,0.00%,39.14MiB / 15.33GiB,0.25%
1791604889,23:01:29,taller5-nginx,1.60%,6.484MiB / 15.33GiB,0.04%
1791604889,23:01:29,taller5-minio,7.15%,105.9MiB / 15.33GiB,0.67%
1791604893,23:01:33,taller5-api-1,101.70%,305.5MiB / 1GiB,29.83%
1791604893,23:01:33,taller5-mlflow,2.00%,2.27GiB / 15.33GiB,14.80%
1791604893,23:01:33,taller5-postgres-mlflow,8.86%,39.15MiB / 15.33GiB,0.25%
1791604893,23:01:33,taller5-nginx,0.00%,2.383MiB / 15.33GiB,0.02%
1791604893,23:01:33,taller5-minio,0.00%,105.9MiB / 15.33GiB,0.67%
1791604897,23:01:37,taller5-api-1,0.26%,305.5MiB / 1GiB,29.83%
1791604897,23:01:37,taller5-mlflow,2.14%,2.27GiB / 15.33GiB,14.80%
1791604897,23:01:37,taller5-postgres-mlflow,0.00%,39.15MiB / 15.33GiB,0.25%
1791604897,23:01:37,taller5-nginx,0.08%,2.336MiB / 15.33GiB,0.01%
1791604897,23:01:37,taller5-minio,0.00%,105.9MiB / 15.33GiB,0.67%
1791604901,23:01:41,taller5-api-1,0.18%,305.5MiB / 1GiB,29.83%
1791604901,23:01:41,taller5-mlflow,5.50%,2.27GiB / 15.33GiB,14.80%
1791604901,23:01:41,taller5-postgres-mlflow,0.12%,39.15MiB / 15.33GiB,0.25%
1791604901,23:01:41,taller5-nginx,0.01%,2.336MiB / 15.33GiB,0.01%
1791604901,23:01:41,taller5-minio,0.00%,105.9MiB / 15.33GiB,0.67%
1791604905,23:01:45,taller5-api-1,0.17%,305.5MiB / 1GiB,29.83%
1791604905,23:01:45,taller5-mlflow,2.18%,2.27GiB / 15.33GiB,14.80%
1791604905,23:01:45,taller5-postgres-mlflow,0.00%,39.14MiB / 15.33GiB,0.25%
1791604905,23:01:45,taller5-nginx,0.00%,2.336MiB / 15.33GiB,0.01%
1791604905,23:01:45,taller5-minio,0.00%,105.9MiB / 15.33GiB,0.67%
1791604909,23:01:49,taller5-api-1,0.21%,303.5MiB / 1GiB,29.64%
1791604909,23:01:49,taller5-mlflow,2.21%,2.27GiB / 15.33GiB,14.80%
1791604909,23:01:49,taller5-postgres-mlflow,0.00%,39.14MiB / 15.33GiB,0.25%
1791604909,23:01:49,taller5-nginx,0.00%,2.336MiB / 15.33GiB,0.01%
1791604909,23:01:49,taller5-minio,0.16%,105.9MiB / 15.33GiB,0.67%
1791604913,23:01:53,taller5-api-1,0.18%,303.5MiB / 1GiB,29.64%
1791604913,23:01:53,taller5-mlflow,2.05%,2.27GiB / 15.33GiB,14.80%
1791604913,23:01:53,taller5-postgres-mlflow,7.59%,39.14MiB / 15.33GiB,0.25%
1791604913,23:01:53,taller5-nginx,0.02%,2.336MiB / 15.33GiB,0.01%
1791604913,23:01:53,taller5-minio,0.00%,105.9MiB / 15.33GiB,0.67%
1791604917,23:01:57,taller5-api-1,0.19%,303.5MiB / 1GiB,29.64%
1791604917,23:01:57,taller5-mlflow,2.03%,2.27GiB / 15.33GiB,14.80%
1791604917,23:01:57,taller5-postgres-mlflow,0.00%,39.14MiB / 15.33GiB,0.25%
1791604917,23:01:57,taller5-nginx,0.00%,2.336MiB / 15.33GiB,0.01%
1791604917,23:01:57,taller5-minio,8.03%,106MiB / 15.33GiB,0.68%
1791604922,23:02:02,taller5-api-1,0.18%,303.5MiB / 1GiB,29.64%
1791604922,23:02:02,taller5-mlflow,2.14%,2.27GiB / 15.33GiB,14.80%
1791604922,23:02:02,taller5-postgres-mlflow,0.00%,39.14MiB / 15.33GiB,0.25%
1791604922,23:02:02,taller5-nginx,0.00%,2.336MiB / 15.33GiB,0.01%
1791604922,23:02:02,taller5-minio,0.05%,105.9MiB / 15.33GiB,0.67%
1791604926,23:02:06,taller5-api-1,13.22%,303.5MiB / 1GiB,29.64%
1791604926,23:02:06,taller5-mlflow,2.03%,2.27GiB / 15.33GiB,14.80%
1791604926,23:02:06,taller5-postgres-mlflow,0.00%,39.15MiB / 15.33GiB,0.25%
1791604926,23:02:06,taller5-nginx,0.00%,2.336MiB / 15.33GiB,0.01%
1791604926,23:02:06,taller5-minio,0.00%,105.8MiB / 15.33GiB,0.67%
1791604930,23:02:10,taller5-api-1,57.88%,304.4MiB / 1GiB,29.73%
1791604930,23:02:10,taller5-mlflow,9.31%,2.276GiB / 15.33GiB,14.84%
1791604930,23:02:10,taller5-postgres-mlflow,0.00%,39.15MiB / 15.33GiB,0.25%
1791604930,23:02:10,taller5-nginx,0.77%,2.508MiB / 15.33GiB,0.02%
1791604930,23:02:10,taller5-minio,0.00%,105.8MiB / 15.33GiB,0.67%
1791604934,23:02:14,taller5-api-1,100.28%,305.5MiB / 1GiB,29.83%
1791604934,23:02:14,taller5-mlflow,1.90%,2.27GiB / 15.33GiB,14.80%
1791604934,23:02:14,taller5-postgres-mlflow,0.54%,40.66MiB / 15.33GiB,0.26%
1791604934,23:02:14,taller5-nginx,1.06%,3.578MiB / 15.33GiB,0.02%
1791604934,23:02:14,taller5-minio,0.02%,105.8MiB / 15.33GiB,0.67%
1791604938,23:02:18,taller5-api-1,100.86%,305.6MiB / 1GiB,29.84%
1791604938,23:02:18,taller5-mlflow,1.73%,2.27GiB / 15.33GiB,14.80%
1791604938,23:02:18,taller5-postgres-mlflow,0.00%,39.14MiB / 15.33GiB,0.25%
1791604938,23:02:18,taller5-nginx,1.00%,4.918MiB / 15.33GiB,0.03%
1791604938,23:02:18,taller5-minio,0.04%,105.8MiB / 15.33GiB,0.67%
1791604942,23:02:22,taller5-api-1,101.59%,305.6MiB / 1GiB,29.85%
1791604942,23:02:22,taller5-mlflow,1.91%,2.27GiB / 15.33GiB,14.80%
1791604942,23:02:22,taller5-postgres-mlflow,0.01%,39.14MiB / 15.33GiB,0.25%
1791604942,23:02:22,taller5-nginx,1.53%,6.234MiB / 15.33GiB,0.04%
1791604942,23:02:22,taller5-minio,0.04%,105.8MiB / 15.33GiB,0.67%
1791604946,23:02:26,taller5-api-1,101.70%,305.7MiB / 1GiB,29.86%
1791604946,23:02:26,taller5-mlflow,1.88%,2.27GiB / 15.33GiB,14.80%
1791604946,23:02:26,taller5-postgres-mlflow,0.00%,39.15MiB / 15.33GiB,0.25%
1791604946,23:02:26,taller5-nginx,2.13%,6.52MiB / 15.33GiB,0.04%
1791604946,23:02:26,taller5-minio,0.03%,105.8MiB / 15.33GiB,0.67%
1791604950,23:02:30,taller5-api-1,101.27%,305.8MiB / 1GiB,29.86%
1791604950,23:02:30,taller5-mlflow,2.19%,2.27GiB / 15.33GiB,14.80%
1791604950,23:02:30,taller5-postgres-mlflow,0.00%,39.15MiB / 15.33GiB,0.25%
1791604950,23:02:30,taller5-nginx,2.68%,6.539MiB / 15.33GiB,0.04%
1791604950,23:02:30,taller5-minio,0.00%,105.8MiB / 15.33GiB,0.67%
1791604954,23:02:34,taller5-api-1,100.93%,305.9MiB / 1GiB,29.87%
1791604954,23:02:34,taller5-mlflow,1.73%,2.27GiB / 15.33GiB,14.80%
1791604954,23:02:34,taller5-postgres-mlflow,1.00%,39.14MiB / 15.33GiB,0.25%
1791604954,23:02:34,taller5-nginx,2.56%,6.535MiB / 15.33GiB,0.04%
1791604954,23:02:34,taller5-minio,1.95%,105.9MiB / 15.33GiB,0.67%
1791604959,23:02:39,taller5-api-1,100.12%,305.9MiB / 1GiB,29.87%
1791604959,23:02:39,taller5-mlflow,1.86%,2.27GiB / 15.33GiB,14.80%
1791604959,23:02:39,taller5-postgres-mlflow,0.00%,39.14MiB / 15.33GiB,0.25%
1791604959,23:02:39,taller5-nginx,2.96%,6.535MiB / 15.33GiB,0.04%
1791604959,23:02:39,taller5-minio,0.02%,105.9MiB / 15.33GiB,0.67%
1791604963,23:02:43,taller5-api-1,101.34%,305.9MiB / 1GiB,29.87%
1791604963,23:02:43,taller5-mlflow,1.90%,2.27GiB / 15.33GiB,14.80%
1791604963,23:02:43,taller5-postgres-mlflow,0.01%,39.14MiB / 15.33GiB,0.25%
1791604963,23:02:43,taller5-nginx,3.34%,6.527MiB / 15.33GiB,0.04%
1791604963,23:02:43,taller5-minio,0.00%,105.9MiB / 15.33GiB,0.67%
1791604967,23:02:47,taller5-api-1,100.55%,305.8MiB / 1GiB,29.87%
1791604967,23:02:47,taller5-mlflow,1.76%,2.27GiB / 15.33GiB,14.80%
1791604967,23:02:47,taller5-postgres-mlflow,0.00%,39.14MiB / 15.33GiB,0.25%
1791604967,23:02:47,taller5-nginx,2.40%,6.535MiB / 15.33GiB,0.04%
1791604967,23:02:47,taller5-minio,0.00%,105.9MiB / 15.33GiB,0.67%
1791604971,23:02:51,taller5-api-1,102.05%,305.8MiB / 1GiB,29.86%
1791604971,23:02:51,taller5-mlflow,2.38%,2.27GiB / 15.33GiB,14.80%
1791604971,23:02:51,taller5-postgres-mlflow,0.00%,39.14MiB / 15.33GiB,0.25%
1791604971,23:02:51,taller5-nginx,2.63%,6.547MiB / 15.33GiB,0.04%
1791604971,23:02:51,taller5-minio,0.06%,105.9MiB / 15.33GiB,0.67%
1791604975,23:02:55,taller5-api-1,102.06%,305.9MiB / 1GiB,29.87%
1791604975,23:02:55,taller5-mlflow,13.97%,2.27GiB / 15.33GiB,14.80%
1791604975,23:02:55,taller5-postgres-mlflow,0.00%,39.15MiB / 15.33GiB,0.25%
1791604975,23:02:55,taller5-nginx,2.56%,6.531MiB / 15.33GiB,0.04%
1791604975,23:02:55,taller5-minio,0.02%,105.9MiB / 15.33GiB,0.67%
1791604979,23:02:59,taller5-api-1,101.72%,305.9MiB / 1GiB,29.87%
1791604979,23:02:59,taller5-mlflow,1.77%,2.27GiB / 15.33GiB,14.80%
1791604979,23:02:59,taller5-postgres-mlflow,0.00%,39.15MiB / 15.33GiB,0.25%
1791604979,23:02:59,taller5-nginx,2.78%,6.527MiB / 15.33GiB,0.04%
1791604979,23:02:59,taller5-minio,7.54%,105.9MiB / 15.33GiB,0.67%
1791604983,23:03:03,taller5-api-1,100.88%,305.9MiB / 1GiB,29.87%
1791604983,23:03:03,taller5-mlflow,1.99%,2.27GiB / 15.33GiB,14.80%
1791604983,23:03:03,taller5-postgres-mlflow,5.92%,42.57MiB / 15.33GiB,0.27%
1791604983,23:03:03,taller5-nginx,2.91%,6.777MiB / 15.33GiB,0.04%
1791604983,23:03:03,taller5-minio,0.00%,105.9MiB / 15.33GiB,0.67%
1791604987,23:03:07,taller5-api-1,101.00%,306MiB / 1GiB,29.88%
1791604987,23:03:07,taller5-mlflow,1.95%,2.27GiB / 15.33GiB,14.80%
1791604987,23:03:07,taller5-postgres-mlflow,0.00%,39.15MiB / 15.33GiB,0.25%
1791604987,23:03:07,taller5-nginx,3.01%,6.531MiB / 15.33GiB,0.04%
1791604987,23:03:07,taller5-minio,0.00%,105.9MiB / 15.33GiB,0.67%
1791604991,23:03:11,taller5-api-1,101.81%,306MiB / 1GiB,29.88%
1791604991,23:03:11,taller5-mlflow,1.96%,2.27GiB / 15.33GiB,14.80%
1791604991,23:03:11,taller5-postgres-mlflow,0.00%,39.15MiB / 15.33GiB,0.25%
1791604991,23:03:11,taller5-nginx,2.82%,6.547MiB / 15.33GiB,0.04%
1791604991,23:03:11,taller5-minio,0.00%,105.9MiB / 15.33GiB,0.67%
1791604996,23:03:16,taller5-api-1,101.33%,306MiB / 1GiB,29.88%
1791604996,23:03:16,taller5-mlflow,1.75%,2.27GiB / 15.33GiB,14.80%
1791604996,23:03:16,taller5-postgres-mlflow,0.00%,39.15MiB / 15.33GiB,0.25%
1791604996,23:03:16,taller5-nginx,2.71%,6.531MiB / 15.33GiB,0.04%
1791604996,23:03:16,taller5-minio,0.00%,105.9MiB / 15.33GiB,0.67%
1791605000,23:03:20,taller5-api-1,101.77%,306MiB / 1GiB,29.88%
1791605000,23:03:20,taller5-mlflow,1.90%,2.27GiB / 15.33GiB,14.80%
1791605000,23:03:20,taller5-postgres-mlflow,0.00%,39.15MiB / 15.33GiB,0.25%
1791605000,23:03:20,taller5-nginx,2.80%,6.535MiB / 15.33GiB,0.04%
1791605000,23:03:20,taller5-minio,8.26%,105.9MiB / 15.33GiB,0.67%
1791605004,23:03:24,taller5-api-1,100.90%,305.9MiB / 1GiB,29.87%
1791605004,23:03:24,taller5-mlflow,1.79%,2.27GiB / 15.33GiB,14.80%
1791605004,23:03:24,taller5-postgres-mlflow,7.48%,39.15MiB / 15.33GiB,0.25%
1791605004,23:03:24,taller5-nginx,2.54%,6.539MiB / 15.33GiB,0.04%
1791605004,23:03:24,taller5-minio,0.05%,105.9MiB / 15.33GiB,0.67%
1791605008,23:03:28,taller5-api-1,101.88%,306MiB / 1GiB,29.88%
1791605008,23:03:28,taller5-mlflow,1.93%,2.27GiB / 15.33GiB,14.80%
1791605008,23:03:28,taller5-postgres-mlflow,0.00%,39.15MiB / 15.33GiB,0.25%
1791605008,23:03:28,taller5-nginx,2.67%,6.543MiB / 15.33GiB,0.04%
1791605008,23:03:28,taller5-minio,0.04%,105.9MiB / 15.33GiB,0.67%
1791605012,23:03:32,taller5-api-1,101.11%,306MiB / 1GiB,29.88%
1791605012,23:03:32,taller5-mlflow,2.12%,2.27GiB / 15.33GiB,14.80%
1791605012,23:03:32,taller5-postgres-mlflow,0.00%,39.15MiB / 15.33GiB,0.25%
1791605012,23:03:32,taller5-nginx,2.71%,6.531MiB / 15.33GiB,0.04%
1791605012,23:03:32,taller5-minio,0.02%,105.9MiB / 15.33GiB,0.67%
1791605016,23:03:36,taller5-api-1,102.91%,306MiB / 1GiB,29.89%
1791605016,23:03:36,taller5-mlflow,1.77%,2.27GiB / 15.33GiB,14.80%
1791605016,23:03:36,taller5-postgres-mlflow,0.00%,39.14MiB / 15.33GiB,0.25%
1791605016,23:03:36,taller5-nginx,2.75%,6.777MiB / 15.33GiB,0.04%
1791605016,23:03:36,taller5-minio,0.00%,105.9MiB / 15.33GiB,0.67%
1791605020,23:03:40,taller5-api-1,103.33%,313.4MiB / 1GiB,30.60%
1791605020,23:03:40,taller5-mlflow,15.34%,2.27GiB / 15.33GiB,14.80%
1791605020,23:03:40,taller5-postgres-mlflow,0.00%,39.14MiB / 15.33GiB,0.25%
1791605020,23:03:40,taller5-nginx,2.59%,6.539MiB / 15.33GiB,0.04%
1791605020,23:03:40,taller5-minio,0.04%,105.9MiB / 15.33GiB,0.67%
1791605024,23:03:44,taller5-api-1,100.85%,306MiB / 1GiB,29.88%
1791605024,23:03:44,taller5-mlflow,1.84%,2.27GiB / 15.33GiB,14.80%
1791605024,23:03:44,taller5-postgres-mlflow,7.52%,39.14MiB / 15.33GiB,0.25%
1791605024,23:03:44,taller5-nginx,2.37%,6.551MiB / 15.33GiB,0.04%
1791605024,23:03:44,taller5-minio,0.00%,105.9MiB / 15.33GiB,0.67%
1791605028,23:03:48,taller5-api-1,98.04%,306MiB / 1GiB,29.88%
1791605028,23:03:48,taller5-mlflow,1.79%,2.27GiB / 15.33GiB,14.80%
1791605028,23:03:48,taller5-postgres-mlflow,0.00%,39.14MiB / 15.33GiB,0.25%
1791605028,23:03:48,taller5-nginx,2.35%,6.531MiB / 15.33GiB,0.04%
1791605028,23:03:48,taller5-minio,0.01%,105.9MiB / 15.33GiB,0.67%
1791605033,23:03:53,taller5-api-1,99.63%,316.2MiB / 1GiB,30.88%
1791605033,23:03:53,taller5-mlflow,1.81%,2.27GiB / 15.33GiB,14.80%
1791605033,23:03:53,taller5-postgres-mlflow,0.00%,39.14MiB / 15.33GiB,0.25%
1791605033,23:03:53,taller5-nginx,2.78%,6.531MiB / 15.33GiB,0.04%
1791605033,23:03:53,taller5-minio,0.00%,105.9MiB / 15.33GiB,0.67%
1791605037,23:03:57,taller5-api-1,98.83%,306.1MiB / 1GiB,29.89%
1791605037,23:03:57,taller5-mlflow,16.70%,2.27GiB / 15.33GiB,14.80%
1791605037,23:03:57,taller5-postgres-mlflow,0.00%,39.15MiB / 15.33GiB,0.25%
1791605037,23:03:57,taller5-nginx,2.50%,6.531MiB / 15.33GiB,0.04%
1791605037,23:03:57,taller5-minio,0.04%,105.9MiB / 15.33GiB,0.67%
1791605041,23:04:01,taller5-api-1,99.40%,306.1MiB / 1GiB,29.89%
1791605041,23:04:01,taller5-mlflow,2.45%,2.27GiB / 15.33GiB,14.80%
1791605041,23:04:01,taller5-postgres-mlflow,0.00%,39.15MiB / 15.33GiB,0.25%
1791605041,23:04:01,taller5-nginx,2.78%,6.773MiB / 15.33GiB,0.04%
1791605041,23:04:01,taller5-minio,0.00%,105.9MiB / 15.33GiB,0.67%
1791605045,23:04:05,taller5-api-1,96.41%,306.4MiB / 1GiB,29.92%
1791605045,23:04:05,taller5-mlflow,1.69%,2.27GiB / 15.33GiB,14.80%
1791605045,23:04:05,taller5-postgres-mlflow,0.01%,39.14MiB / 15.33GiB,0.25%
1791605045,23:04:05,taller5-nginx,2.44%,6.535MiB / 15.33GiB,0.04%
1791605045,23:04:05,taller5-minio,0.02%,105.9MiB / 15.33GiB,0.67%
1791605049,23:04:09,taller5-api-1,97.83%,306.4MiB / 1GiB,29.93%
1791605049,23:04:09,taller5-mlflow,1.69%,2.27GiB / 15.33GiB,14.80%
1791605049,23:04:09,taller5-postgres-mlflow,0.00%,39.14MiB / 15.33GiB,0.25%
1791605049,23:04:09,taller5-nginx,2.40%,6.742MiB / 15.33GiB,0.04%
1791605049,23:04:09,taller5-minio,6.86%,105.9MiB / 15.33GiB,0.67%
1791605053,23:04:13,taller5-api-1,99.96%,306.4MiB / 1GiB,29.93%
1791605053,23:04:13,taller5-mlflow,1.82%,2.27GiB / 15.33GiB,14.80%
1791605053,23:04:13,taller5-postgres-mlflow,0.00%,39.14MiB / 15.33GiB,0.25%
1791605053,23:04:13,taller5-nginx,2.99%,6.785MiB / 15.33GiB,0.04%
1791605053,23:04:13,taller5-minio,0.00%,105.9MiB / 15.33GiB,0.67%
1791605057,23:04:17,taller5-api-1,99.78%,316.8MiB / 1GiB,30.94%
1791605057,23:04:17,taller5-mlflow,1.85%,2.27GiB / 15.33GiB,14.80%
1791605057,23:04:17,taller5-postgres-mlflow,0.00%,39.15MiB / 15.33GiB,0.25%
1791605057,23:04:17,taller5-nginx,2.65%,6.531MiB / 15.33GiB,0.04%
1791605057,23:04:17,taller5-minio,0.00%,105.9MiB / 15.33GiB,0.67%
1791605061,23:04:21,taller5-api-1,98.20%,306.6MiB / 1GiB,29.94%
1791605061,23:04:21,taller5-mlflow,2.10%,2.27GiB / 15.33GiB,14.80%
1791605061,23:04:21,taller5-postgres-mlflow,0.00%,39.15MiB / 15.33GiB,0.25%
1791605061,23:04:21,taller5-nginx,2.44%,6.531MiB / 15.33GiB,0.04%
1791605061,23:04:21,taller5-minio,0.04%,105.9MiB / 15.33GiB,0.67%
1791605065,23:04:25,taller5-api-1,98.51%,306.9MiB / 1GiB,29.97%
1791605065,23:04:25,taller5-mlflow,16.67%,2.27GiB / 15.33GiB,14.80%
1791605065,23:04:25,taller5-postgres-mlflow,0.00%,39.14MiB / 15.33GiB,0.25%
1791605065,23:04:25,taller5-nginx,2.65%,6.539MiB / 15.33GiB,0.04%
1791605065,23:04:25,taller5-minio,0.00%,105.9MiB / 15.33GiB,0.67%
1791605070,23:04:30,taller5-api-1,98.91%,316.8MiB / 1GiB,30.94%
1791605070,23:04:30,taller5-mlflow,1.81%,2.27GiB / 15.33GiB,14.80%
1791605070,23:04:30,taller5-postgres-mlflow,0.00%,39.14MiB / 15.33GiB,0.25%
1791605070,23:04:30,taller5-nginx,0.01%,2.391MiB / 15.33GiB,0.02%
1791605070,23:04:30,taller5-minio,0.05%,105.9MiB / 15.33GiB,0.67%
1791605074,23:04:34,taller5-api-1,0.27%,306.6MiB / 1GiB,29.94%
1791605074,23:04:34,taller5-mlflow,2.08%,2.27GiB / 15.33GiB,14.80%
1791605074,23:04:34,taller5-postgres-mlflow,0.00%,39.14MiB / 15.33GiB,0.25%
1791605074,23:04:34,taller5-nginx,0.07%,2.336MiB / 15.33GiB,0.01%
1791605074,23:04:34,taller5-minio,0.46%,105.9MiB / 15.33GiB,0.67%
1791605078,23:04:38,taller5-api-1,0.21%,306.6MiB / 1GiB,29.94%
1791605078,23:04:38,taller5-mlflow,2.19%,2.27GiB / 15.33GiB,14.80%
1791605078,23:04:38,taller5-postgres-mlflow,0.00%,39.14MiB / 15.33GiB,0.25%
1791605078,23:04:38,taller5-nginx,0.00%,2.336MiB / 15.33GiB,0.01%
1791605078,23:04:38,taller5-minio,0.00%,105.9MiB / 15.33GiB,0.67%
1791605082,23:04:42,taller5-api-1,14.31%,305.2MiB / 1GiB,29.80%
1791605082,23:04:42,taller5-mlflow,2.12%,2.27GiB / 15.33GiB,14.81%
1791605082,23:04:42,taller5-postgres-mlflow,0.00%,39.14MiB / 15.33GiB,0.25%
1791605082,23:04:42,taller5-nginx,0.00%,2.336MiB / 15.33GiB,0.01%
1791605082,23:04:42,taller5-minio,0.00%,105.9MiB / 15.33GiB,0.67%
1791605086,23:04:46,taller5-api-1,0.24%,305.2MiB / 1GiB,29.80%
1791605086,23:04:46,taller5-mlflow,2.04%,2.27GiB / 15.33GiB,14.80%
1791605086,23:04:46,taller5-postgres-mlflow,0.00%,39.14MiB / 15.33GiB,0.25%
1791605086,23:04:46,taller5-nginx,0.00%,2.336MiB / 15.33GiB,0.01%
1791605086,23:04:46,taller5-minio,0.05%,105.9MiB / 15.33GiB,0.67%
1791605090,23:04:50,taller5-api-1,0.17%,305.2MiB / 1GiB,29.80%
1791605090,23:04:50,taller5-mlflow,2.24%,2.27GiB / 15.33GiB,14.80%
1791605090,23:04:50,taller5-postgres-mlflow,0.00%,39.14MiB / 15.33GiB,0.25%
1791605090,23:04:50,taller5-nginx,0.00%,2.336MiB / 15.33GiB,0.01%
1791605090,23:04:50,taller5-minio,0.00%,105.9MiB / 15.33GiB,0.67%
1791605094,23:04:54,taller5-api-1,0.20%,303.9MiB / 1GiB,29.68%
1791605094,23:04:54,taller5-mlflow,2.02%,2.27GiB / 15.33GiB,14.80%
1791605094,23:04:54,taller5-postgres-mlflow,0.77%,39.14MiB / 15.33GiB,0.25%
1791605094,23:04:54,taller5-nginx,0.00%,2.336MiB / 15.33GiB,0.01%
1791605094,23:04:54,taller5-minio,0.00%,105.9MiB / 15.33GiB,0.67%
1791605098,23:04:58,taller5-api-1,0.20%,303.9MiB / 1GiB,29.68%
1791605098,23:04:58,taller5-mlflow,2.42%,2.27GiB / 15.33GiB,14.80%
1791605098,23:04:58,taller5-postgres-mlflow,0.00%,39.15MiB / 15.33GiB,0.25%
1791605098,23:04:58,taller5-nginx,0.00%,2.336MiB / 15.33GiB,0.01%
1791605098,23:04:58,taller5-minio,0.02%,105.9MiB / 15.33GiB,0.67%
1791605102,23:05:02,taller5-api-1,0.19%,303.9MiB / 1GiB,29.68%
1791605102,23:05:02,taller5-mlflow,1.92%,2.27GiB / 15.33GiB,14.80%
1791605102,23:05:02,taller5-postgres-mlflow,0.00%,39.15MiB / 15.33GiB,0.25%
1791605102,23:05:02,taller5-nginx,0.00%,2.336MiB / 15.33GiB,0.01%
1791605102,23:05:02,taller5-minio,0.09%,105.9MiB / 15.33GiB,0.67%
1791605107,23:05:07,taller5-api-1,0.18%,303.9MiB / 1GiB,29.68%
1791605107,23:05:07,taller5-mlflow,1.97%,2.27GiB / 15.33GiB,14.80%
1791605107,23:05:07,taller5-postgres-mlflow,0.00%,39.14MiB / 15.33GiB,0.25%
1791605107,23:05:07,taller5-nginx,0.00%,2.336MiB / 15.33GiB,0.01%
1791605107,23:05:07,taller5-minio,0.00%,105.9MiB / 15.33GiB,0.67%
1791605111,23:05:11,taller5-api-1,0.19%,303.9MiB / 1GiB,29.68%
1791605111,23:05:11,taller5-mlflow,2.71%,2.27GiB / 15.33GiB,14.80%
1791605111,23:05:11,taller5-postgres-mlflow,0.00%,39.14MiB / 15.33GiB,0.25%
1791605111,23:05:11,taller5-nginx,0.00%,2.336MiB / 15.33GiB,0.01%
1791605111,23:05:11,taller5-minio,7.95%,105.9MiB / 15.33GiB,0.67%
