epoch,hora,container,cpu_pct,mem_usage,mem_pct
1791610441,00:34:01,taller5-api-3,10.49%,328.5MiB / 1GiB,32.08%
1791610441,00:34:01,taller5-api-2,0.18%,325.8MiB / 1GiB,31.82%
1791610441,00:34:01,taller5-api-1,12.94%,305.2MiB / 1GiB,29.81%
1791610441,00:34:01,taller5-mlflow,2.73%,2.272GiB / 15.33GiB,14.82%
1791610441,00:34:01,taller5-postgres-mlflow,0.00%,45.11MiB / 15.33GiB,0.29%
1791610441,00:34:01,taller5-nginx,0.00%,2.355MiB / 15.33GiB,0.02%
1791610441,00:34:01,taller5-minio,0.07%,112.3MiB / 15.33GiB,0.72%
1791610445,00:34:05,taller5-api-3,0.19%,328.5MiB / 1GiB,32.08%
1791610445,00:34:05,taller5-api-2,2.13%,332.7MiB / 1GiB,32.49%
1791610445,00:34:05,taller5-api-1,0.18%,305.2MiB / 1GiB,29.81%
1791610445,00:34:05,taller5-mlflow,2.03%,2.272GiB / 15.33GiB,14.82%
1791610445,00:34:05,taller5-postgres-mlflow,0.01%,45.11MiB / 15.33GiB,0.29%
1791610445,00:34:05,taller5-nginx,0.00%,2.355MiB / 15.33GiB,0.02%
1791610445,00:34:05,taller5-minio,0.16%,112.3MiB / 15.33GiB,0.72%
1791610449,00:34:09,taller5-api-3,0.18%,328.5MiB / 1GiB,32.08%
1791610449,00:34:09,taller5-api-2,0.20%,325.8MiB / 1GiB,31.82%
1791610449,00:34:09,taller5-api-1,0.18%,305.2MiB / 1GiB,29.81%
1791610449,00:34:09,taller5-mlflow,2.03%,2.272GiB / 15.33GiB,14.82%
1791610449,00:34:09,taller5-postgres-mlflow,7.74%,45.11MiB / 15.33GiB,0.29%
1791610449,00:34:09,taller5-nginx,0.00%,2.355MiB / 15.33GiB,0.02%
1791610449,00:34:09,taller5-minio,0.07%,112.3MiB / 15.33GiB,0.72%
1791610453,00:34:13,taller5-api-3,0.19%,328.5MiB / 1GiB,32.08%
1791610453,00:34:13,taller5-api-2,0.17%,325.8MiB / 1GiB,31.82%
1791610453,00:34:13,taller5-api-1,0.23%,305.2MiB / 1GiB,29.81%
1791610453,00:34:13,taller5-mlflow,2.16%,2.272GiB / 15.33GiB,14.82%
1791610453,00:34:13,taller5-postgres-mlflow,0.00%,45.11MiB / 15.33GiB,0.29%
1791610453,00:34:13,taller5-nginx,0.00%,2.355MiB / 15.33GiB,0.02%
1791610453,00:34:13,taller5-minio,0.00%,112.3MiB / 15.33GiB,0.72%
1791610457,00:34:17,taller5-api-3,0.19%,328.5MiB / 1GiB,32.08%
1791610457,00:34:17,taller5-api-2,0.23%,325.8MiB / 1GiB,31.82%
1791610457,00:34:17,taller5-api-1,0.22%,305.2MiB / 1GiB,29.81%
1791610457,00:34:17,taller5-mlflow,2.10%,2.272GiB / 15.33GiB,14.82%
1791610457,00:34:17,taller5-postgres-mlflow,0.00%,45.11MiB / 15.33GiB,0.29%
1791610457,00:34:17,taller5-nginx,0.00%,2.355MiB / 15.33GiB,0.02%
1791610457,00:34:17,taller5-minio,0.00%,112.3MiB / 15.33GiB,0.72%
1791610461,00:34:21,taller5-api-3,0.17%,328.5MiB / 1GiB,32.08%
1791610461,00:34:21,taller5-api-2,0.20%,325.8MiB / 1GiB,31.82%
1791610461,00:34:21,taller5-api-1,0.21%,305.2MiB / 1GiB,29.81%
1791610461,00:34:21,taller5-mlflow,2.12%,2.272GiB / 15.33GiB,14.82%
1791610461,00:34:21,taller5-postgres-mlflow,0.00%,45.11MiB / 15.33GiB,0.29%
1791610461,00:34:21,taller5-nginx,0.00%,2.355MiB / 15.33GiB,0.02%
1791610461,00:34:21,taller5-minio,0.03%,112.3MiB / 15.33GiB,0.72%
1791610465,00:34:25,taller5-api-3,0.18%,328.5MiB / 1GiB,32.08%
1791610465,00:34:25,taller5-api-2,12.92%,325.8MiB / 1GiB,31.82%
1791610465,00:34:25,taller5-api-1,0.18%,305.2MiB / 1GiB,29.81%
1791610465,00:34:25,taller5-mlflow,1.91%,2.272GiB / 15.33GiB,14.82%
1791610465,00:34:25,taller5-postgres-mlflow,0.00%,45.11MiB / 15.33GiB,0.29%
1791610465,00:34:25,taller5-nginx,0.00%,2.355MiB / 15.33GiB,0.02%
1791610465,00:34:25,taller5-minio,0.02%,112.3MiB / 15.33GiB,0.72%
1791610470,00:34:30,taller5-api-3,12.96%,328.5MiB / 1GiB,32.08%
1791610470,00:34:30,taller5-api-2,0.21%,325.8MiB / 1GiB,31.82%
1791610470,00:34:30,taller5-api-1,0.20%,305.2MiB / 1GiB,29.81%
1791610470,00:34:30,taller5-mlflow,1.91%,2.272GiB / 15.33GiB,14.82%
1791610470,00:34:30,taller5-postgres-mlflow,7.75%,45.11MiB / 15.33GiB,0.29%
1791610470,00:34:30,taller5-nginx,0.00%,2.355MiB / 15.33GiB,0.02%
1791610470,00:34:30,taller5-minio,6.85%,112.3MiB / 15.33GiB,0.72%
1791610474,00:34:34,taller5-api-3,2.24%,328.6MiB / 1GiB,32.09%
1791610474,00:34:34,taller5-api-2,1.98%,325.9MiB / 1GiB,31.82%
1791610474,00:34:34,taller5-api-1,2.97%,305.4MiB / 1GiB,29.82%
1791610474,00:34:34,taller5-mlflow,2.19%,2.272GiB / 15.33GiB,14.82%
1791610474,00:34:34,taller5-postgres-mlflow,0.00%,45.11MiB / 15.33GiB,0.29%
1791610474,00:34:34,taller5-nginx,0.21%,2.426MiB / 15.33GiB,0.02%
1791610474,00:34:34,taller5-minio,1.64%,112.3MiB / 15.33GiB,0.72%
1791610478,00:34:38,taller5-api-3,3.52%,328.6MiB / 1GiB,32.09%
1791610478,00:34:38,taller5-api-2,6.02%,325.9MiB / 1GiB,31.82%
1791610478,00:34:38,taller5-api-1,4.88%,305.4MiB / 1GiB,29.82%
1791610478,00:34:38,taller5-mlflow,1.82%,2.272GiB / 15.33GiB,14.82%
1791610478,00:34:38,taller5-postgres-mlflow,0.01%,45.11MiB / 15.33GiB,0.29%
1791610478,00:34:38,taller5-nginx,0.32%,2.395MiB / 15.33GiB,0.02%
1791610478,00:34:38,taller5-minio,7.76%,112.4MiB / 15.33GiB,0.72%
1791610482,00:34:42,taller5-api-3,4.54%,328MiB / 1GiB,32.03%
1791610482,00:34:42,taller5-api-2,4.10%,324.9MiB / 1GiB,31.73%
1791610482,00:34:42,taller5-api-1,4.16%,305MiB / 1GiB,29.78%
1791610482,00:34:42,taller5-mlflow,2.04%,2.272GiB / 15.33GiB,14.82%
1791610482,00:34:42,taller5-postgres-mlflow,0.00%,45.11MiB / 15.33GiB,0.29%
1791610482,00:34:42,taller5-nginx,0.22%,2.395MiB / 15.33GiB,0.02%
1791610482,00:34:42,taller5-minio,0.04%,112.3MiB / 15.33GiB,0.72%
1791610486,00:34:46,taller5-api-3,3.88%,328MiB / 1GiB,32.03%
1791610486,00:34:46,taller5-api-2,18.35%,324.9MiB / 1GiB,31.73%
1791610486,00:34:46,taller5-api-1,3.84%,305MiB / 1GiB,29.78%
1791610486,00:34:46,taller5-mlflow,2.04%,2.272GiB / 15.33GiB,14.82%
1791610486,00:34:46,taller5-postgres-mlflow,0.00%,45.11MiB / 15.33GiB,0.29%
1791610486,00:34:46,taller5-nginx,0.29%,2.395MiB / 15.33GiB,0.02%
1791610486,00:34:46,taller5-minio,0.03%,112.3MiB / 15.33GiB,0.72%
1791610490,00:34:50,taller5-api-3,1.93%,328MiB / 1GiB,32.03%
1791610490,00:34:50,taller5-api-2,4.31%,324.9MiB / 1GiB,31.73%
1791610490,00:34:50,taller5-api-1,5.66%,305MiB / 1GiB,29.78%
1791610490,00:34:50,taller5-mlflow,2.02%,2.272GiB / 15.33GiB,14.82%
1791610490,00:34:50,taller5-postgres-mlflow,6.37%,45.11MiB / 15.33GiB,0.29%
1791610490,00:34:50,taller5-nginx,0.32%,2.41MiB / 15.33GiB,0.02%
1791610490,00:34:50,taller5-minio,0.00%,112.3MiB / 15.33GiB,0.72%
1791610494,00:34:54,taller5-api-3,3.76%,328MiB / 1GiB,32.03%
1791610494,00:34:54,taller5-api-2,4.26%,324.9MiB / 1GiB,31.73%
1791610494,00:34:54,taller5-api-1,4.20%,305MiB / 1GiB,29.78%
1791610494,00:34:54,taller5-mlflow,2.03%,2.272GiB / 15.33GiB,14.82%
1791610494,00:34:54,taller5-postgres-mlflow,0.00%,45.11MiB / 15.33GiB,0.29%
1791610494,00:34:54,taller5-nginx,0.26%,2.395MiB / 15.33GiB,0.02%
1791610494,00:34:54,taller5-minio,0.10%,112.3MiB / 15.33GiB,0.72%
1791610499,00:34:59,taller5-api-3,4.64%,328MiB / 1GiB,32.03%
1791610499,00:34:59,taller5-api-2,5.13%,324.9MiB / 1GiB,31.73%
1791610499,00:34:59,taller5-api-1,3.08%,305MiB / 1GiB,29.78%
1791610499,00:34:59,taller5-mlflow,2.00%,2.272GiB / 15.33GiB,14.82%
1791610499,00:34:59,taller5-postgres-mlflow,0.00%,45.11MiB / 15.33GiB,0.29%
1791610499,00:34:59,taller5-nginx,0.34%,2.395MiB / 15.33GiB,0.02%
1791610499,00:34:59,taller5-minio,6.38%,112.4MiB / 15.33GiB,0.72%
1791610503,00:35:03,taller5-api-3,3.63%,328MiB / 1GiB,32.03%
1791610503,00:35:03,taller5-api-2,2.06%,324.9MiB / 1GiB,31.73%
1791610503,00:35:03,taller5-api-1,3.65%,305MiB / 1GiB,29.78%
1791610503,00:35:03,taller5-mlflow,2.43%,2.272GiB / 15.33GiB,14.82%
1791610503,00:35:03,taller5-postgres-mlflow,0.04%,45.11MiB / 15.33GiB,0.29%
1791610503,00:35:03,taller5-nginx,0.19%,2.395MiB / 15.33GiB,0.02%
1791610503,00:35:03,taller5-minio,0.00%,112.3MiB / 15.33GiB,0.72%
1791610507,00:35:07,taller5-api-3,4.10%,328MiB / 1GiB,32.03%
1791610507,00:35:07,taller5-api-2,16.38%,324.9MiB / 1GiB,31.73%
1791610507,00:35:07,taller5-api-1,1.86%,305MiB / 1GiB,29.78%
1791610507,00:35:07,taller5-mlflow,15.62%,2.272GiB / 15.33GiB,14.82%
1791610507,00:35:07,taller5-postgres-mlflow,0.00%,45.11MiB / 15.33GiB,0.29%
1791610507,00:35:07,taller5-nginx,0.19%,2.398MiB / 15.33GiB,0.02%
1791610507,00:35:07,taller5-minio,0.05%,112.3MiB / 15.33GiB,0.72%
1791610511,00:35:11,taller5-api-3,18.13%,328MiB / 1GiB,32.03%
1791610511,00:35:11,taller5-api-2,3.51%,324.9MiB / 1GiB,31.73%
1791610511,00:35:11,taller5-api-1,3.19%,305MiB / 1GiB,29.78%
1791610511,00:35:11,taller5-mlflow,2.52%,2.272GiB / 15.33GiB,14.82%
1791610511,00:35:11,taller5-postgres-mlflow,0.00%,45.11MiB / 15.33GiB,0.29%
1791610511,00:35:11,taller5-nginx,0.20%,2.395MiB / 15.33GiB,0.02%
1791610511,00:35:11,taller5-minio,0.04%,112.3MiB / 15.33GiB,0.72%
1791610515,00:35:15,taller5-api-3,4.28%,328MiB / 1GiB,32.03%
1791610515,00:35:15,taller5-api-2,3.79%,324.9MiB / 1GiB,31.73%
1791610515,00:35:15,taller5-api-1,3.27%,305MiB / 1GiB,29.78%
1791610515,00:35:15,taller5-mlflow,1.97%,2.272GiB / 15.33GiB,14.82%
1791610515,00:35:15,taller5-postgres-mlflow,0.00%,45.11MiB / 15.33GiB,0.29%
1791610515,00:35:15,taller5-nginx,0.27%,2.395MiB / 15.33GiB,0.02%
1791610515,00:35:15,taller5-minio,0.07%,112.3MiB / 15.33GiB,0.72%
1791610519,00:35:19,taller5-api-3,3.77%,328MiB / 1GiB,32.03%
1791610519,00:35:19,taller5-api-2,4.06%,324.9MiB / 1GiB,31.73%
1791610519,00:35:19,taller5-api-1,3.82%,305MiB / 1GiB,29.78%
1791610519,00:35:19,taller5-mlflow,1.98%,2.272GiB / 15.33GiB,14.82%
1791610519,00:35:19,taller5-postgres-mlflow,0.00%,45.11MiB / 15.33GiB,0.29%
1791610519,00:35:19,taller5-nginx,0.30%,2.395MiB / 15.33GiB,0.02%
1791610519,00:35:19,taller5-minio,8.17%,112.3MiB / 15.33GiB,0.72%
1791610523,00:35:23,taller5-api-3,3.71%,328MiB / 1GiB,32.03%
1791610523,00:35:23,taller5-api-2,3.65%,324.9MiB / 1GiB,31.73%
1791610523,00:35:23,taller5-api-1,1.99%,305MiB / 1GiB,29.78%
1791610523,00:35:23,taller5-mlflow,2.33%,2.272GiB / 15.33GiB,14.82%
1791610523,00:35:23,taller5-postgres-mlflow,0.00%,45.11MiB / 15.33GiB,0.29%
1791610523,00:35:23,taller5-nginx,0.19%,2.395MiB / 15.33GiB,0.02%
1791610523,00:35:23,taller5-minio,0.10%,112.3MiB / 15.33GiB,0.72%
1791610527,00:35:27,taller5-api-3,4.02%,328MiB / 1GiB,32.03%
1791610527,00:35:27,taller5-api-2,3.88%,324.9MiB / 1GiB,31.73%
1791610527,00:35:27,taller5-api-1,3.89%,305MiB / 1GiB,29.78%
1791610527,00:35:27,taller5-mlflow,2.09%,2.272GiB / 15.33GiB,14.82%
1791610527,00:35:27,taller5-postgres-mlflow,0.00%,45.11MiB / 15.33GiB,0.29%
1791610527,00:35:27,taller5-nginx,0.26%,2.637MiB / 15.33GiB,0.02%
1791610527,00:35:27,taller5-minio,0.00%,112.3MiB / 15.33GiB,0.72%
1791610532,00:35:32,taller5-api-3,4.41%,328MiB / 1GiB,32.03%
1791610532,00:35:32,taller5-api-2,2.07%,324.9MiB / 1GiB,31.73%
1791610532,00:35:32,taller5-api-1,14.17%,305MiB / 1GiB,29.78%
1791610532,00:35:32,taller5-mlflow,2.59%,2.272GiB / 15.33GiB,14.82%
1791610532,00:35:32,taller5-postgres-mlflow,0.00%,45.11MiB / 15.33GiB,0.29%
1791610532,00:35:32,taller5-nginx,0.16%,2.395MiB / 15.33GiB,0.02%
1791610532,00:35:32,taller5-minio,0.04%,112.3MiB / 15.33GiB,0.72%
1791610536,00:35:36,taller5-api-3,2.52%,328MiB / 1GiB,32.03%
1791610536,00:35:36,taller5-api-2,2.01%,325.2MiB / 1GiB,31.76%
1791610536,00:35:36,taller5-api-1,3.89%,305MiB / 1GiB,29.78%
1791610536,00:35:36,taller5-mlflow,1.95%,2.272GiB / 15.33GiB,14.82%
1791610536,00:35:36,taller5-postgres-mlflow,0.00%,45.11MiB / 15.33GiB,0.29%
1791610536,00:35:36,taller5-nginx,0.20%,2.395MiB / 15.33GiB,0.02%
1791610536,00:35:36,taller5-minio,0.00%,112.3MiB / 15.33GiB,0.72%
1791610540,00:35:40,taller5-api-3,3.73%,328MiB / 1GiB,32.03%
1791610540,00:35:40,taller5-api-2,4.66%,324.9MiB / 1GiB,31.73%
1791610540,00:35:40,taller5-api-1,3.96%,305MiB / 1GiB,29.78%
1791610540,00:35:40,taller5-mlflow,1.92%,2.272GiB / 15.33GiB,14.82%
1791610540,00:35:40,taller5-postgres-mlflow,8.76%,45.11MiB / 15.33GiB,0.29%
1791610540,00:35:40,taller5-nginx,0.25%,2.398MiB / 15.33GiB,0.02%
1791610540,00:35:40,taller5-minio,0.01%,112.3MiB / 15.33GiB,0.72%
1791610544,00:35:44,taller5-api-3,4.15%,328MiB / 1GiB,32.03%
1791610544,00:35:44,taller5-api-2,2.45%,324.9MiB / 1GiB,31.73%
1791610544,00:35:44,taller5-api-1,1.93%,305MiB / 1GiB,29.78%
1791610544,00:35:44,taller5-mlflow,2.15%,2.272GiB / 15.33GiB,14.82%
1791610544,00:35:44,taller5-postgres-mlflow,0.00%,45.11MiB / 15.33GiB,0.29%
1791610544,00:35:44,taller5-nginx,0.16%,2.395MiB / 15.33GiB,0.02%
1791610544,00:35:44,taller5-minio,0.05%,112.3MiB / 15.33GiB,0.72%
1791610548,00:35:48,taller5-api-3,2.80%,328MiB / 1GiB,32.03%
1791610548,00:35:48,taller5-api-2,4.58%,324.9MiB / 1GiB,31.73%
1791610548,00:35:48,taller5-api-1,4.16%,305MiB / 1GiB,29.78%
1791610548,00:35:48,taller5-mlflow,1.96%,2.272GiB / 15.33GiB,14.82%
1791610548,00:35:48,taller5-postgres-mlflow,0.00%,45.11MiB / 15.33GiB,0.29%
1791610548,00:35:48,taller5-nginx,0.21%,2.395MiB / 15.33GiB,0.02%
1791610548,00:35:48,taller5-minio,0.03%,112.3MiB / 15.33GiB,0.72%
1791610552,00:35:52,taller5-api-3,1.81%,328MiB / 1GiB,32.03%
1791610552,00:35:52,taller5-api-2,2.80%,324.9MiB / 1GiB,31.73%
1791610552,00:35:52,taller5-api-1,14.82%,305MiB / 1GiB,29.78%
1791610552,00:35:52,taller5-mlflow,15.35%,2.272GiB / 15.33GiB,14.82%
1791610552,00:35:52,taller5-postgres-mlflow,0.00%,45.11MiB / 15.33GiB,0.29%
1791610552,00:35:52,taller5-nginx,0.11%,2.395MiB / 15.33GiB,0.02%
1791610552,00:35:52,taller5-minio,0.04%,112.3MiB / 15.33GiB,0.72%
1791610556,00:35:56,taller5-api-3,5.72%,328MiB / 1GiB,32.03%
1791610556,00:35:56,taller5-api-2,3.63%,324.9MiB / 1GiB,31.73%
1791610556,00:35:56,taller5-api-1,3.83%,305MiB / 1GiB,29.78%
1791610556,00:35:56,taller5-mlflow,2.18%,2.272GiB / 15.33GiB,14.82%
1791610556,00:35:56,taller5-postgres-mlflow,0.83%,45.11MiB / 15.33GiB,0.29%
1791610556,00:35:56,taller5-nginx,0.16%,2.414MiB / 15.33GiB,0.02%
1791610556,00:35:56,taller5-minio,0.00%,112.3MiB / 15.33GiB,0.72%
1791610560,00:36:00,taller5-api-3,4.86%,328MiB / 1GiB,32.03%
1791610560,00:36:00,taller5-api-2,4.92%,324.9MiB / 1GiB,31.73%
1791610560,00:36:00,taller5-api-1,5.20%,305MiB / 1GiB,29.78%
1791610560,00:36:00,taller5-mlflow,2.82%,2.272GiB / 15.33GiB,14.82%
1791610560,00:36:00,taller5-postgres-mlflow,9.10%,45.11MiB / 15.33GiB,0.29%
1791610560,00:36:00,taller5-nginx,0.34%,2.395MiB / 15.33GiB,0.02%
1791610560,00:36:00,taller5-minio,7.47%,112.4MiB / 15.33GiB,0.72%
1791610565,00:36:05,taller5-api-3,3.52%,328MiB / 1GiB,32.03%
1791610565,00:36:05,taller5-api-2,2.39%,324.9MiB / 1GiB,31.73%
1791610565,00:36:05,taller5-api-1,3.63%,305MiB / 1GiB,29.78%
1791610565,00:36:05,taller5-mlflow,2.24%,2.272GiB / 15.33GiB,14.82%
1791610565,00:36:05,taller5-postgres-mlflow,0.00%,45.11MiB / 15.33GiB,0.29%
1791610565,00:36:05,taller5-nginx,0.22%,2.395MiB / 15.33GiB,0.02%
1791610565,00:36:05,taller5-minio,0.19%,112.3MiB / 15.33GiB,0.72%
1791610569,00:36:09,taller5-api-3,4.39%,328MiB / 1GiB,32.03%
1791610569,00:36:09,taller5-api-2,4.56%,324.9MiB / 1GiB,31.73%
1791610569,00:36:09,taller5-api-1,2.32%,305MiB / 1GiB,29.78%
1791610569,00:36:09,taller5-mlflow,2.25%,2.272GiB / 15.33GiB,14.82%
1791610569,00:36:09,taller5-postgres-mlflow,0.00%,45.11MiB / 15.33GiB,0.29%
1791610569,00:36:09,taller5-nginx,0.24%,2.395MiB / 15.33GiB,0.02%
1791610569,00:36:09,taller5-minio,0.00%,112.3MiB / 15.33GiB,0.72%
1791610573,00:36:13,taller5-api-3,16.08%,328MiB / 1GiB,32.03%
1791610573,00:36:13,taller5-api-2,4.20%,324.9MiB / 1GiB,31.73%
1791610573,00:36:13,taller5-api-1,17.23%,305.3MiB / 1GiB,29.81%
1791610573,00:36:13,taller5-mlflow,1.99%,2.272GiB / 15.33GiB,14.82%
1791610573,00:36:13,taller5-postgres-mlflow,0.00%,45.11MiB / 15.33GiB,0.29%
1791610573,00:36:13,taller5-nginx,0.30%,2.398MiB / 15.33GiB,0.02%
1791610573,00:36:13,taller5-minio,0.00%,112.3MiB / 15.33GiB,0.72%
1791610577,00:36:17,taller5-api-3,3.40%,328MiB / 1GiB,32.03%
1791610577,00:36:17,taller5-api-2,9.91%,327.8MiB / 1GiB,32.01%
1791610577,00:36:17,taller5-api-1,4.06%,305MiB / 1GiB,29.79%
1791610577,00:36:17,taller5-mlflow,2.02%,2.272GiB / 15.33GiB,14.82%
1791610577,00:36:17,taller5-postgres-mlflow,0.62%,45.11MiB / 15.33GiB,0.29%
1791610577,00:36:17,taller5-nginx,0.28%,2.395MiB / 15.33GiB,0.02%
1791610577,00:36:17,taller5-minio,0.03%,112.3MiB / 15.33GiB,0.72%
1791610581,00:36:21,taller5-api-3,5.21%,329.4MiB / 1GiB,32.17%
1791610581,00:36:21,taller5-api-2,3.01%,324.9MiB / 1GiB,31.73%
1791610581,00:36:21,taller5-api-1,4.79%,305MiB / 1GiB,29.79%
1791610581,00:36:21,taller5-mlflow,2.74%,2.272GiB / 15.33GiB,14.82%
1791610581,00:36:21,taller5-postgres-mlflow,0.00%,45.11MiB / 15.33GiB,0.29%
1791610581,00:36:21,taller5-nginx,0.21%,2.395MiB / 15.33GiB,0.02%
1791610581,00:36:21,taller5-minio,0.06%,112.3MiB / 15.33GiB,0.72%
1791610585,00:36:25,taller5-api-3,3.46%,328MiB / 1GiB,32.03%
1791610585,00:36:25,taller5-api-2,6.03%,324.9MiB / 1GiB,31.73%
1791610585,00:36:25,taller5-api-1,5.87%,305MiB / 1GiB,29.78%
1791610585,00:36:25,taller5-mlflow,1.95%,2.272GiB / 15.33GiB,14.82%
1791610585,00:36:25,taller5-postgres-mlflow,0.00%,45.11MiB / 15.33GiB,0.29%
1791610585,00:36:25,taller5-nginx,0.32%,2.395MiB / 15.33GiB,0.02%
1791610585,00:36:25,taller5-minio,0.06%,112.3MiB / 15.33GiB,0.72%
1791610589,00:36:29,taller5-api-3,2.21%,328MiB / 1GiB,32.03%
1791610589,00:36:29,taller5-api-2,2.48%,324.9MiB / 1GiB,31.73%
1791610589,00:36:29,taller5-api-1,3.71%,305MiB / 1GiB,29.78%
1791610589,00:36:29,taller5-mlflow,1.91%,2.272GiB / 15.33GiB,14.82%
1791610589,00:36:29,taller5-postgres-mlflow,0.00%,45.11MiB / 15.33GiB,0.29%
1791610589,00:36:29,taller5-nginx,0.13%,2.395MiB / 15.33GiB,0.02%
1791610589,00:36:29,taller5-minio,8.89%,112.4MiB / 15.33GiB,0.72%
1791610593,00:36:33,taller5-api-3,0.23%,328MiB / 1GiB,32.03%
1791610593,00:36:33,taller5-api-2,0.21%,324.9MiB / 1GiB,31.73%
1791610593,00:36:33,taller5-api-1,0.18%,305MiB / 1GiB,29.78%
1791610593,00:36:33,taller5-mlflow,2.24%,2.272GiB / 15.33GiB,14.82%
1791610593,00:36:33,taller5-postgres-mlflow,0.00%,45.11MiB / 15.33GiB,0.29%
1791610593,00:36:33,taller5-nginx,0.00%,2.375MiB / 15.33GiB,0.02%
1791610593,00:36:33,taller5-minio,0.05%,112.3MiB / 15.33GiB,0.72%
1791610597,00:36:37,taller5-api-3,0.21%,328MiB / 1GiB,32.03%
1791610597,00:36:37,taller5-api-2,12.53%,324.9MiB / 1GiB,31.73%
1791610597,00:36:37,taller5-api-1,0.19%,305MiB / 1GiB,29.78%
1791610597,00:36:37,taller5-mlflow,14.52%,2.272GiB / 15.33GiB,14.82%
1791610597,00:36:37,taller5-postgres-mlflow,0.01%,45.11MiB / 15.33GiB,0.29%
1791610597,00:36:37,taller5-nginx,0.00%,2.355MiB / 15.33GiB,0.02%
1791610597,00:36:37,taller5-minio,0.01%,112.4MiB / 15.33GiB,0.72%
1791610602,00:36:42,taller5-api-3,12.21%,328MiB / 1GiB,32.03%
1791610602,00:36:42,taller5-api-2,0.17%,324.9MiB / 1GiB,31.73%
1791610602,00:36:42,taller5-api-1,0.17%,305MiB / 1GiB,29.78%
1791610602,00:36:42,taller5-mlflow,4.37%,2.272GiB / 15.33GiB,14.82%
1791610602,00:36:42,taller5-postgres-mlflow,0.08%,45.11MiB / 15.33GiB,0.29%
1791610602,00:36:42,taller5-nginx,0.00%,2.355MiB / 15.33GiB,0.02%
1791610602,00:36:42,taller5-minio,0.06%,112.4MiB / 15.33GiB,0.72%
1791610606,00:36:46,taller5-api-3,0.18%,328MiB / 1GiB,32.03%
1791610606,00:36:46,taller5-api-2,0.15%,324.9MiB / 1GiB,31.73%
1791610606,00:36:46,taller5-api-1,0.17%,305MiB / 1GiB,29.78%
1791610606,00:36:46,taller5-mlflow,1.88%,2.272GiB / 15.33GiB,14.82%
1791610606,00:36:46,taller5-postgres-mlflow,0.00%,45.11MiB / 15.33GiB,0.29%
1791610606,00:36:46,taller5-nginx,0.00%,2.355MiB / 15.33GiB,0.02%
1791610606,00:36:46,taller5-minio,0.00%,112.3MiB / 15.33GiB,0.72%
1791610610,00:36:50,taller5-api-3,0.19%,328MiB / 1GiB,32.03%
1791610610,00:36:50,taller5-api-2,0.15%,324.9MiB / 1GiB,31.73%
1791610610,00:36:50,taller5-api-1,0.19%,305MiB / 1GiB,29.78%
1791610610,00:36:50,taller5-mlflow,2.03%,2.272GiB / 15.33GiB,14.82%
1791610610,00:36:50,taller5-postgres-mlflow,0.00%,45.11MiB / 15.33GiB,0.29%
1791610610,00:36:50,taller5-nginx,0.00%,2.355MiB / 15.33GiB,0.02%
1791610610,00:36:50,taller5-minio,6.81%,112.4MiB / 15.33GiB,0.72%
1791610614,00:36:54,taller5-api-3,0.17%,328MiB / 1GiB,32.03%
1791610614,00:36:54,taller5-api-2,0.17%,324.9MiB / 1GiB,31.73%
1791610614,00:36:54,taller5-api-1,0.19%,305MiB / 1GiB,29.78%
1791610614,00:36:54,taller5-mlflow,2.10%,2.272GiB / 15.33GiB,14.82%
1791610614,00:36:54,taller5-postgres-mlflow,0.00%,45.11MiB / 15.33GiB,0.29%
1791610614,00:36:54,taller5-nginx,0.00%,2.355MiB / 15.33GiB,0.02%
1791610614,00:36:54,taller5-minio,0.06%,112.4MiB / 15.33GiB,0.72%
1791610618,00:36:58,taller5-api-3,0.19%,328MiB / 1GiB,32.03%
1791610618,00:36:58,taller5-api-2,12.54%,324.9MiB / 1GiB,31.73%
1791610618,00:36:58,taller5-api-1,0.18%,305MiB / 1GiB,29.78%
1791610618,00:36:58,taller5-mlflow,2.61%,2.272GiB / 15.33GiB,14.82%
1791610618,00:36:58,taller5-postgres-mlflow,0.04%,45.11MiB / 15.33GiB,0.29%
1791610618,00:36:58,taller5-nginx,0.00%,2.355MiB / 15.33GiB,0.02%
1791610618,00:36:58,taller5-minio,0.05%,112.4MiB / 15.33GiB,0.72%
1791610622,00:37:02,taller5-api-3,12.54%,328MiB / 1GiB,32.03%
1791610622,00:37:02,taller5-api-2,0.19%,324.9MiB / 1GiB,31.73%
1791610622,00:37:02,taller5-api-1,0.18%,305MiB / 1GiB,29.78%
1791610622,00:37:02,taller5-mlflow,1.99%,2.272GiB / 15.33GiB,14.82%
1791610622,00:37:02,taller5-postgres-mlflow,8.27%,45.11MiB / 15.33GiB,0.29%
1791610622,00:37:02,taller5-nginx,0.01%,2.355MiB / 15.33GiB,0.02%
1791610622,00:37:02,taller5-minio,0.00%,112.4MiB / 15.33GiB,0.72%
1791610626,00:37:06,taller5-api-3,0.19%,328MiB / 1GiB,32.03%
1791610626,00:37:06,taller5-api-2,0.18%,324.9MiB / 1GiB,31.73%
1791610626,00:37:06,taller5-api-1,0.18%,305MiB / 1GiB,29.78%
1791610626,00:37:06,taller5-mlflow,2.15%,2.272GiB / 15.33GiB,14.82%
1791610626,00:37:06,taller5-postgres-mlflow,0.00%,45.11MiB / 15.33GiB,0.29%
1791610626,00:37:06,taller5-nginx,0.00%,2.355MiB / 15.33GiB,0.02%
1791610626,00:37:06,taller5-minio,0.04%,112.4MiB / 15.33GiB,0.72%
1791610630,00:37:10,taller5-api-3,8.37%,328.2MiB / 1GiB,32.06%
1791610630,00:37:10,taller5-api-2,8.62%,325.2MiB / 1GiB,31.76%
1791610630,00:37:10,taller5-api-1,11.07%,305.3MiB / 1GiB,29.81%
1791610630,00:37:10,taller5-mlflow,1.93%,2.272GiB / 15.33GiB,14.82%
1791610630,00:37:10,taller5-postgres-mlflow,8.01%,45.11MiB / 15.33GiB,0.29%
1791610630,00:37:10,taller5-nginx,0.48%,2.508MiB / 15.33GiB,0.02%
1791610630,00:37:10,taller5-minio,7.37%,112.4MiB / 15.33GiB,0.72%
1791610635,00:37:15,taller5-api-3,8.53%,328.3MiB / 1GiB,32.06%
1791610635,00:37:15,taller5-api-2,8.77%,325.3MiB / 1GiB,31.76%
1791610635,00:37:15,taller5-api-1,24.49%,305.3MiB / 1GiB,29.81%
1791610635,00:37:15,taller5-mlflow,2.14%,2.272GiB / 15.33GiB,14.82%
1791610635,00:37:15,taller5-postgres-mlflow,0.00%,45.11MiB / 15.33GiB,0.29%
1791610635,00:37:15,taller5-nginx,0.58%,2.441MiB / 15.33GiB,0.02%
1791610635,00:37:15,taller5-minio,0.04%,112.3MiB / 15.33GiB,0.72%
1791610639,00:37:19,taller5-api-3,11.40%,328.2MiB / 1GiB,32.05%
1791610639,00:37:19,taller5-api-2,25.68%,325.1MiB / 1GiB,31.75%
1791610639,00:37:19,taller5-api-1,11.42%,305MiB / 1GiB,29.79%
1791610639,00:37:19,taller5-mlflow,2.04%,2.272GiB / 15.33GiB,14.82%
1791610639,00:37:19,taller5-postgres-mlflow,0.01%,45.11MiB / 15.33GiB,0.29%
1791610639,00:37:19,taller5-nginx,0.79%,2.461MiB / 15.33GiB,0.02%
1791610639,00:37:19,taller5-minio,0.07%,112.3MiB / 15.33GiB,0.72%
1791610643,00:37:23,taller5-api-3,21.56%,328.2MiB / 1GiB,32.05%
1791610643,00:37:23,taller5-api-2,10.29%,325.1MiB / 1GiB,31.75%
1791610643,00:37:23,taller5-api-1,8.68%,305MiB / 1GiB,29.79%
1791610643,00:37:23,taller5-mlflow,6.82%,2.274GiB / 15.33GiB,14.83%
1791610643,00:37:23,taller5-postgres-mlflow,0.00%,45.11MiB / 15.33GiB,0.29%
1791610643,00:37:23,taller5-nginx,0.82%,2.457MiB / 15.33GiB,0.02%
1791610643,00:37:23,taller5-minio,0.05%,112.3MiB / 15.33GiB,0.72%
1791610647,00:37:27,taller5-api-3,8.26%,328.2MiB / 1GiB,32.05%
1791610647,00:37:27,taller5-api-2,11.22%,325.1MiB / 1GiB,31.75%
1791610647,00:37:27,taller5-api-1,12.21%,305.1MiB / 1GiB,29.79%
1791610647,00:37:27,taller5-mlflow,1.93%,2.272GiB / 15.33GiB,14.82%
1791610647,00:37:27,taller5-postgres-mlflow,0.00%,45.11MiB / 15.33GiB,0.29%
1791610647,00:37:27,taller5-nginx,0.90%,2.441MiB / 15.33GiB,0.02%
1791610647,00:37:27,taller5-minio,0.04%,112.3MiB / 15.33GiB,0.72%
1791610651,00:37:31,taller5-api-3,7.34%,328.2MiB / 1GiB,32.05%
1791610651,00:37:31,taller5-api-2,7.42%,325.1MiB / 1GiB,31.75%
1791610651,00:37:31,taller5-api-1,9.49%,305.1MiB / 1GiB,29.79%
1791610651,00:37:31,taller5-mlflow,2.64%,2.272GiB / 15.33GiB,14.82%
1791610651,00:37:31,taller5-postgres-mlflow,9.08%,45.11MiB / 15.33GiB,0.29%
1791610651,00:37:31,taller5-nginx,0.57%,2.438MiB / 15.33GiB,0.02%
1791610651,00:37:31,taller5-minio,9.04%,112.3MiB / 15.33GiB,0.72%
1791610655,00:37:35,taller5-api-3,13.82%,328.2MiB / 1GiB,32.05%
1791610655,00:37:35,taller5-api-2,11.71%,325.1MiB / 1GiB,31.75%
1791610655,00:37:35,taller5-api-1,10.92%,305MiB / 1GiB,29.78%
1791610655,00:37:35,taller5-mlflow,2.10%,2.272GiB / 15.33GiB,14.82%
1791610655,00:37:35,taller5-postgres-mlflow,0.16%,46.43MiB / 15.33GiB,0.30%
1791610655,00:37:35,taller5-nginx,0.79%,2.438MiB / 15.33GiB,0.02%
1791610655,00:37:35,taller5-minio,0.02%,112.3MiB / 15.33GiB,0.72%
1791610659,00:37:39,taller5-api-3,9.09%,328.2MiB / 1GiB,32.05%
1791610659,00:37:39,taller5-api-2,22.83%,325.1MiB / 1GiB,31.75%
1791610659,00:37:39,taller5-api-1,7.11%,305MiB / 1GiB,29.78%
1791610659,00:37:39,taller5-mlflow,2.03%,2.272GiB / 15.33GiB,14.82%
1791610659,00:37:39,taller5-postgres-mlflow,0.00%,45.11MiB / 15.33GiB,0.29%
1791610659,00:37:39,taller5-nginx,0.64%,2.438MiB / 15.33GiB,0.02%
1791610659,00:37:39,taller5-minio,0.00%,112.3MiB / 15.33GiB,0.72%
1791610664,00:37:44,taller5-api-3,11.14%,328.2MiB / 1GiB,32.05%
1791610664,00:37:44,taller5-api-2,10.27%,325.2MiB / 1GiB,31.75%
1791610664,00:37:44,taller5-api-1,20.48%,305MiB / 1GiB,29.78%
1791610664,00:37:44,taller5-mlflow,2.23%,2.272GiB / 15.33GiB,14.82%
1791610664,00:37:44,taller5-postgres-mlflow,0.00%,45.11MiB / 15.33GiB,0.29%
1791610664,00:37:44,taller5-nginx,0.67%,2.441MiB / 15.33GiB,0.02%
1791610664,00:37:44,taller5-minio,0.02%,112.3MiB / 15.33GiB,0.72%
1791610668,00:37:48,taller5-api-3,11.22%,328.2MiB / 1GiB,32.05%
1791610668,00:37:48,taller5-api-2,11.86%,325.2MiB / 1GiB,31.75%
1791610668,00:37:48,taller5-api-1,12.21%,305MiB / 1GiB,29.78%
1791610668,00:37:48,taller5-mlflow,2.11%,2.272GiB / 15.33GiB,14.82%
1791610668,00:37:48,taller5-postgres-mlflow,0.00%,45.11MiB / 15.33GiB,0.29%
1791610668,00:37:48,taller5-nginx,0.74%,2.438MiB / 15.33GiB,0.02%
1791610668,00:37:48,taller5-minio,0.02%,112.3MiB / 15.33GiB,0.72%
1791610672,00:37:52,taller5-api-3,9.88%,328.2MiB / 1GiB,32.05%
1791610672,00:37:52,taller5-api-2,9.62%,325.1MiB / 1GiB,31.74%
1791610672,00:37:52,taller5-api-1,8.56%,305MiB / 1GiB,29.78%
1791610672,00:37:52,taller5-mlflow,2.42%,2.272GiB / 15.33GiB,14.82%
1791610672,00:37:52,taller5-postgres-mlflow,7.64%,45.11MiB / 15.33GiB,0.29%
1791610672,00:37:52,taller5-nginx,0.64%,2.441MiB / 15.33GiB,0.02%
1791610672,00:37:52,taller5-minio,0.04%,112.3MiB / 15.33GiB,0.72%
1791610676,00:37:56,taller5-api-3,10.68%,328.2MiB / 1GiB,32.05%
1791610676,00:37:56,taller5-api-2,9.26%,325.1MiB / 1GiB,31.74%
1791610676,00:37:56,taller5-api-1,9.24%,305MiB / 1GiB,29.78%
1791610676,00:37:56,taller5-mlflow,2.83%,2.272GiB / 15.33GiB,14.82%
1791610676,00:37:56,taller5-postgres-mlflow,0.98%,45.11MiB / 15.33GiB,0.29%
1791610676,00:37:56,taller5-nginx,0.64%,2.461MiB / 15.33GiB,0.02%
1791610676,00:37:56,taller5-minio,0.04%,112.3MiB / 15.33GiB,0.72%
1791610680,00:38:00,taller5-api-3,12.11%,328.5MiB / 1GiB,32.08%
1791610680,00:38:00,taller5-api-2,12.65%,325.1MiB / 1GiB,31.74%
1791610680,00:38:00,taller5-api-1,12.14%,305MiB / 1GiB,29.78%
1791610680,00:38:00,taller5-mlflow,2.02%,2.272GiB / 15.33GiB,14.82%
1791610680,00:38:00,taller5-postgres-mlflow,0.00%,45.11MiB / 15.33GiB,0.29%
1791610680,00:38:00,taller5-nginx,0.76%,2.441MiB / 15.33GiB,0.02%
1791610680,00:38:00,taller5-minio,7.94%,112.3MiB / 15.33GiB,0.72%
1791610684,00:38:04,taller5-api-3,13.00%,328.2MiB / 1GiB,32.05%
1791610684,00:38:04,taller5-api-2,11.67%,325.1MiB / 1GiB,31.74%
1791610684,00:38:04,taller5-api-1,23.38%,305MiB / 1GiB,29.78%
1791610684,00:38:04,taller5-mlflow,2.01%,2.272GiB / 15.33GiB,14.82%
1791610684,00:38:04,taller5-postgres-mlflow,0.00%,45.11MiB / 15.33GiB,0.29%
1791610684,00:38:04,taller5-nginx,0.85%,2.449MiB / 15.33GiB,0.02%
1791610684,00:38:04,taller5-minio,0.11%,112.3MiB / 15.33GiB,0.72%
1791610688,00:38:08,taller5-api-3,8.05%,328.2MiB / 1GiB,32.05%
1791610688,00:38:08,taller5-api-2,8.60%,325.1MiB / 1GiB,31.74%
1791610688,00:38:08,taller5-api-1,12.82%,305MiB / 1GiB,29.78%
1791610688,00:38:08,taller5-mlflow,2.17%,2.272GiB / 15.33GiB,14.82%
1791610688,00:38:08,taller5-postgres-mlflow,0.00%,45.11MiB / 15.33GiB,0.29%
1791610688,00:38:08,taller5-nginx,0.56%,2.441MiB / 15.33GiB,0.02%
1791610688,00:38:08,taller5-minio,0.00%,112.3MiB / 15.33GiB,0.72%
1791610692,00:38:12,taller5-api-3,9.90%,328.2MiB / 1GiB,32.05%
1791610692,00:38:12,taller5-api-2,10.26%,325.1MiB / 1GiB,31.75%
1791610692,00:38:12,taller5-api-1,11.57%,305MiB / 1GiB,29.78%
1791610692,00:38:12,taller5-mlflow,2.06%,2.272GiB / 15.33GiB,14.82%
1791610692,00:38:12,taller5-postgres-mlflow,0.00%,45.11MiB / 15.33GiB,0.29%
1791610692,00:38:12,taller5-nginx,0.68%,2.438MiB / 15.33GiB,0.02%
1791610692,00:38:12,taller5-minio,0.05%,112.3MiB / 15.33GiB,0.72%
1791610697,00:38:17,taller5-api-3,9.68%,328.2MiB / 1GiB,32.05%
1791610697,00:38:17,taller5-api-2,7.77%,325.1MiB / 1GiB,31.75%
1791610697,00:38:17,taller5-api-1,13.25%,305MiB / 1GiB,29.78%
1791610697,00:38:17,taller5-mlflow,2.03%,2.272GiB / 15.33GiB,14.82%
1791610697,00:38:17,taller5-postgres-mlflow,0.00%,45.11MiB / 15.33GiB,0.29%
1791610697,00:38:17,taller5-nginx,0.60%,2.465MiB / 15.33GiB,0.02%
1791610697,00:38:17,taller5-minio,0.02%,112.3MiB / 15.33GiB,0.72%
1791610701,00:38:21,taller5-api-3,10.26%,328.3MiB / 1GiB,32.06%
1791610701,00:38:21,taller5-api-2,22.88%,325.1MiB / 1GiB,31.74%
1791610701,00:38:21,taller5-api-1,10.98%,305MiB / 1GiB,29.78%
1791610701,00:38:21,taller5-mlflow,2.49%,2.272GiB / 15.33GiB,14.82%
1791610701,00:38:21,taller5-postgres-mlflow,0.00%,45.11MiB / 15.33GiB,0.29%
1791610701,00:38:21,taller5-nginx,0.69%,2.445MiB / 15.33GiB,0.02%
1791610701,00:38:21,taller5-minio,7.74%,112.3MiB / 15.33GiB,0.72%
1791610705,00:38:25,taller5-api-3,6.92%,328.3MiB / 1GiB,32.06%
1791610705,00:38:25,taller5-api-2,9.59%,325.1MiB / 1GiB,31.74%
1791610705,00:38:25,taller5-api-1,22.59%,305MiB / 1GiB,29.79%
1791610705,00:38:25,taller5-mlflow,2.00%,2.272GiB / 15.33GiB,14.82%
1791610705,00:38:25,taller5-postgres-mlflow,0.00%,45.11MiB / 15.33GiB,0.29%
1791610705,00:38:25,taller5-nginx,0.55%,2.484MiB / 15.33GiB,0.02%
1791610705,00:38:25,taller5-minio,0.07%,112.3MiB / 15.33GiB,0.72%
1791610709,00:38:29,taller5-api-3,8.95%,328.2MiB / 1GiB,32.05%
1791610709,00:38:29,taller5-api-2,13.40%,327MiB / 1GiB,31.93%
1791610709,00:38:29,taller5-api-1,7.91%,305MiB / 1GiB,29.79%
1791610709,00:38:29,taller5-mlflow,1.94%,2.272GiB / 15.33GiB,14.82%
1791610709,00:38:29,taller5-postgres-mlflow,0.00%,45.11MiB / 15.33GiB,0.29%
1791610709,00:38:29,taller5-nginx,0.49%,2.441MiB / 15.33GiB,0.02%
1791610709,00:38:29,taller5-minio,0.00%,112.3MiB / 15.33GiB,0.72%
1791610713,00:38:33,taller5-api-3,15.75%,332MiB / 1GiB,32.42%
1791610713,00:38:33,taller5-api-2,11.92%,325.1MiB / 1GiB,31.75%
1791610713,00:38:33,taller5-api-1,8.65%,305MiB / 1GiB,29.79%
1791610713,00:38:33,taller5-mlflow,1.94%,2.272GiB / 15.33GiB,14.82%
1791610713,00:38:33,taller5-postgres-mlflow,0.00%,45.11MiB / 15.33GiB,0.29%
1791610713,00:38:33,taller5-nginx,0.71%,2.445MiB / 15.33GiB,0.02%
1791610713,00:38:33,taller5-minio,0.00%,112.3MiB / 15.33GiB,0.72%
1791610717,00:38:37,taller5-api-3,7.67%,328.4MiB / 1GiB,32.07%
1791610717,00:38:37,taller5-api-2,10.18%,325.1MiB / 1GiB,31.75%
1791610717,00:38:37,taller5-api-1,7.19%,305MiB / 1GiB,29.78%
1791610717,00:38:37,taller5-mlflow,1.96%,2.272GiB / 15.33GiB,14.82%
1791610717,00:38:37,taller5-postgres-mlflow,0.00%,45.11MiB / 15.33GiB,0.29%
1791610717,00:38:37,taller5-nginx,0.58%,2.441MiB / 15.33GiB,0.02%
1791610717,00:38:37,taller5-minio,0.00%,112.3MiB / 15.33GiB,0.72%
1791610721,00:38:41,taller5-api-3,9.62%,328.4MiB / 1GiB,32.07%
1791610721,00:38:41,taller5-api-2,10.71%,325.1MiB / 1GiB,31.74%
1791610721,00:38:41,taller5-api-1,11.59%,305MiB / 1GiB,29.78%
1791610721,00:38:41,taller5-mlflow,5.30%,2.272GiB / 15.33GiB,14.82%
1791610721,00:38:41,taller5-postgres-mlflow,3.31%,52.72MiB / 15.33GiB,0.34%
1791610721,00:38:41,taller5-nginx,0.68%,2.438MiB / 15.33GiB,0.02%
1791610721,00:38:41,taller5-minio,6.84%,112.3MiB / 15.33GiB,0.72%
1791610725,00:38:45,taller5-api-3,8.31%,328.3MiB / 1GiB,32.07%
1791610725,00:38:45,taller5-api-2,11.27%,325.1MiB / 1GiB,31.74%
1791610725,00:38:45,taller5-api-1,8.64%,305MiB / 1GiB,29.78%
1791610725,00:38:45,taller5-mlflow,1.97%,2.272GiB / 15.33GiB,14.82%
1791610725,00:38:45,taller5-postgres-mlflow,0.00%,45.11MiB / 15.33GiB,0.29%
1791610725,00:38:45,taller5-nginx,0.52%,2.438MiB / 15.33GiB,0.02%
1791610725,00:38:45,taller5-minio,0.04%,112.3MiB / 15.33GiB,0.72%
1791610730,00:38:50,taller5-api-3,10.64%,328.3MiB / 1GiB,32.07%
1791610730,00:38:50,taller5-api-2,22.93%,325.1MiB / 1GiB,31.74%
1791610730,00:38:50,taller5-api-1,10.33%,305MiB / 1GiB,29.78%
1791610730,00:38:50,taller5-mlflow,1.81%,2.272GiB / 15.33GiB,14.82%
1791610730,00:38:50,taller5-postgres-mlflow,0.00%,45.11MiB / 15.33GiB,0.29%
1791610730,00:38:50,taller5-nginx,0.58%,2.438MiB / 15.33GiB,0.02%
1791610730,00:38:50,taller5-minio,0.15%,112.3MiB / 15.33GiB,0.72%
1791610734,00:38:54,taller5-api-3,23.08%,328.3MiB / 1GiB,32.07%
1791610734,00:38:54,taller5-api-2,11.51%,325.1MiB / 1GiB,31.74%
1791610734,00:38:54,taller5-api-1,9.62%,305MiB / 1GiB,29.78%
1791610734,00:38:54,taller5-mlflow,1.99%,2.272GiB / 15.33GiB,14.82%
1791610734,00:38:54,taller5-postgres-mlflow,0.00%,45.11MiB / 15.33GiB,0.29%
1791610734,00:38:54,taller5-nginx,0.65%,2.438MiB / 15.33GiB,0.02%
1791610734,00:38:54,taller5-minio,0.06%,112.3MiB / 15.33GiB,0.72%
1791610738,00:38:58,taller5-api-3,10.92%,328.3MiB / 1GiB,32.07%
1791610738,00:38:58,taller5-api-2,9.13%,325.1MiB / 1GiB,31.75%
1791610738,00:38:58,taller5-api-1,8.27%,305MiB / 1GiB,29.78%
1791610738,00:38:58,taller5-mlflow,2.25%,2.272GiB / 15.33GiB,14.82%
1791610738,00:38:58,taller5-postgres-mlflow,0.00%,45.11MiB / 15.33GiB,0.29%
1791610738,00:38:58,taller5-nginx,0.62%,2.441MiB / 15.33GiB,0.02%
1791610738,00:38:58,taller5-minio,0.00%,112.3MiB / 15.33GiB,0.72%
1791610742,00:39:02,taller5-api-3,12.26%,328.3MiB / 1GiB,32.07%
1791610742,00:39:02,taller5-api-2,11.97%,325.1MiB / 1GiB,31.75%
1791610742,00:39:02,taller5-api-1,8.55%,305MiB / 1GiB,29.78%
1791610742,00:39:02,taller5-mlflow,3.09%,2.272GiB / 15.33GiB,14.82%
1791610742,00:39:02,taller5-postgres-mlflow,6.96%,45.11MiB / 15.33GiB,0.29%
1791610742,00:39:02,taller5-nginx,0.66%,2.438MiB / 15.33GiB,0.02%
1791610742,00:39:02,taller5-minio,7.52%,112.4MiB / 15.33GiB,0.72%
1791610746,00:39:06,taller5-api-3,11.01%,328.4MiB / 1GiB,32.07%
1791610746,00:39:06,taller5-api-2,10.96%,325.1MiB / 1GiB,31.74%
1791610746,00:39:06,taller5-api-1,8.80%,305MiB / 1GiB,29.78%
1791610746,00:39:06,taller5-mlflow,2.12%,2.272GiB / 15.33GiB,14.82%
1791610746,00:39:06,taller5-postgres-mlflow,0.00%,45.11MiB / 15.33GiB,0.29%
1791610746,00:39:06,taller5-nginx,0.73%,2.438MiB / 15.33GiB,0.02%
1791610746,00:39:06,taller5-minio,0.04%,112.3MiB / 15.33GiB,0.72%
1791610750,00:39:10,taller5-api-3,5.96%,328.4MiB / 1GiB,32.07%
1791610750,00:39:10,taller5-api-2,12.26%,325.1MiB / 1GiB,31.74%
1791610750,00:39:10,taller5-api-1,0.19%,305MiB / 1GiB,29.78%
1791610750,00:39:10,taller5-mlflow,2.24%,2.272GiB / 15.33GiB,14.82%
1791610750,00:39:10,taller5-postgres-mlflow,0.00%,45.11MiB / 15.33GiB,0.29%
1791610750,00:39:10,taller5-nginx,0.00%,2.375MiB / 15.33GiB,0.02%
1791610750,00:39:10,taller5-minio,4.70%,115MiB / 15.33GiB,0.73%
1791610754,00:39:14,taller5-api-3,12.63%,328.4MiB / 1GiB,32.07%
1791610754,00:39:14,taller5-api-2,0.20%,325.1MiB / 1GiB,31.74%
1791610754,00:39:14,taller5-api-1,0.25%,305MiB / 1GiB,29.78%
1791610754,00:39:14,taller5-mlflow,2.01%,2.272GiB / 15.33GiB,14.82%
1791610754,00:39:14,taller5-postgres-mlflow,0.00%,45.11MiB / 15.33GiB,0.29%
1791610754,00:39:14,taller5-nginx,0.06%,2.355MiB / 15.33GiB,0.02%
1791610754,00:39:14,taller5-minio,0.10%,112.3MiB / 15.33GiB,0.72%
1791610758,00:39:18,taller5-api-3,0.16%,328.4MiB / 1GiB,32.07%
1791610758,00:39:18,taller5-api-2,0.18%,325.1MiB / 1GiB,31.74%
1791610758,00:39:18,taller5-api-1,0.18%,305MiB / 1GiB,29.78%
1791610758,00:39:18,taller5-mlflow,1.89%,2.272GiB / 15.33GiB,14.82%
1791610758,00:39:18,taller5-postgres-mlflow,0.00%,45.11MiB / 15.33GiB,0.29%
1791610758,00:39:18,taller5-nginx,0.00%,2.355MiB / 15.33GiB,0.02%
1791610758,00:39:18,taller5-minio,0.16%,112.3MiB / 15.33GiB,0.72%
1791610763,00:39:23,taller5-api-3,0.17%,328.4MiB / 1GiB,32.07%
1791610763,00:39:23,taller5-api-2,0.19%,325.1MiB / 1GiB,31.74%
1791610763,00:39:23,taller5-api-1,0.19%,305MiB / 1GiB,29.78%
1791610763,00:39:23,taller5-mlflow,2.17%,2.272GiB / 15.33GiB,14.82%
1791610763,00:39:23,taller5-postgres-mlflow,7.86%,45.11MiB / 15.33GiB,0.29%
1791610763,00:39:23,taller5-nginx,0.00%,2.355MiB / 15.33GiB,0.02%
1791610763,00:39:23,taller5-minio,0.00%,112.3MiB / 15.33GiB,0.72%
1791610767,00:39:27,taller5-api-3,0.21%,328.4MiB / 1GiB,32.07%
1791610767,00:39:27,taller5-api-2,0.17%,325.1MiB / 1GiB,31.74%
1791610767,00:39:27,taller5-api-1,0.19%,305MiB / 1GiB,29.78%
1791610767,00:39:27,taller5-mlflow,1.97%,2.272GiB / 15.33GiB,14.82%
1791610767,00:39:27,taller5-postgres-mlflow,0.00%,45.11MiB / 15.33GiB,0.29%
1791610767,00:39:27,taller5-nginx,0.02%,2.355MiB / 15.33GiB,0.02%
1791610767,00:39:27,taller5-minio,0.04%,112.3MiB / 15.33GiB,0.72%
1791610771,00:39:31,taller5-api-3,0.19%,328.4MiB / 1GiB,32.07%
1791610771,00:39:31,taller5-api-2,10.54%,325.1MiB / 1GiB,31.74%
1791610771,00:39:31,taller5-api-1,0.18%,305MiB / 1GiB,29.78%
1791610771,00:39:31,taller5-mlflow,2.38%,2.272GiB / 15.33GiB,14.82%
1791610771,00:39:31,taller5-postgres-mlflow,0.01%,45.11MiB / 15.33GiB,0.29%
1791610771,00:39:31,taller5-nginx,0.00%,2.355MiB / 15.33GiB,0.02%
1791610771,00:39:31,taller5-minio,6.80%,112.3MiB / 15.33GiB,0.72%
1791610775,00:39:35,taller5-api-3,8.67%,328.4MiB / 1GiB,32.07%
1791610775,00:39:35,taller5-api-2,0.18%,325.1MiB / 1GiB,31.74%
1791610775,00:39:35,taller5-api-1,0.18%,305MiB / 1GiB,29.78%
1791610775,00:39:35,taller5-mlflow,2.17%,2.272GiB / 15.33GiB,14.82%
1791610775,00:39:35,taller5-postgres-mlflow,0.00%,45.11MiB / 15.33GiB,0.29%
1791610775,00:39:35,taller5-nginx,0.00%,2.355MiB / 15.33GiB,0.02%
1791610775,00:39:35,taller5-minio,0.39%,112.3MiB / 15.33GiB,0.72%
1791610779,00:39:39,taller5-api-3,0.17%,328.4MiB / 1GiB,32.07%
1791610779,00:39:39,taller5-api-2,0.19%,325.1MiB / 1GiB,31.74%
1791610779,00:39:39,taller5-api-1,0.16%,305MiB / 1GiB,29.78%
1791610779,00:39:39,taller5-mlflow,2.00%,2.272GiB / 15.33GiB,14.82%
1791610779,00:39:39,taller5-postgres-mlflow,0.00%,45.11MiB / 15.33GiB,0.29%
1791610779,00:39:39,taller5-nginx,0.00%,2.355MiB / 15.33GiB,0.02%
1791610779,00:39:39,taller5-minio,0.00%,112.3MiB / 15.33GiB,0.72%
1791610783,00:39:43,taller5-api-3,0.16%,328.4MiB / 1GiB,32.07%
1791610783,00:39:43,taller5-api-2,0.22%,325.1MiB / 1GiB,31.74%
1791610783,00:39:43,taller5-api-1,0.19%,305MiB / 1GiB,29.78%
1791610783,00:39:43,taller5-mlflow,2.01%,2.272GiB / 15.33GiB,14.82%
1791610783,00:39:43,taller5-postgres-mlflow,7.89%,45.11MiB / 15.33GiB,0.29%
1791610783,00:39:43,taller5-nginx,0.00%,2.355MiB / 15.33GiB,0.02%
1791610783,00:39:43,taller5-minio,0.06%,112.3MiB / 15.33GiB,0.72%
1791610787,00:39:47,taller5-api-3,20.18%,328.8MiB / 1GiB,32.11%
1791610787,00:39:47,taller5-api-2,34.60%,325.4MiB / 1GiB,31.78%
1791610787,00:39:47,taller5-api-1,21.24%,305.4MiB / 1GiB,29.83%
1791610787,00:39:47,taller5-mlflow,1.90%,2.272GiB / 15.33GiB,14.82%
1791610787,00:39:47,taller5-postgres-mlflow,0.00%,45.11MiB / 15.33GiB,0.29%
1791610787,00:39:47,taller5-nginx,1.08%,2.582MiB / 15.33GiB,0.02%
1791610787,00:39:47,taller5-minio,0.00%,112.3MiB / 15.33GiB,0.72%
1791610791,00:39:51,taller5-api-3,21.45%,328.8MiB / 1GiB,32.11%
1791610791,00:39:51,taller5-api-2,23.06%,325.4MiB / 1GiB,31.78%
1791610791,00:39:51,taller5-api-1,21.14%,305.4MiB / 1GiB,29.83%
1791610791,00:39:51,taller5-mlflow,2.68%,2.272GiB / 15.33GiB,14.82%
1791610791,00:39:51,taller5-postgres-mlflow,0.00%,45.11MiB / 15.33GiB,0.29%
1791610791,00:39:51,taller5-nginx,1.36%,2.598MiB / 15.33GiB,0.02%
1791610791,00:39:51,taller5-minio,0.00%,112.3MiB / 15.33GiB,0.72%
1791610796,00:39:56,taller5-api-3,22.69%,328.9MiB / 1GiB,32.12%
1791610796,00:39:56,taller5-api-2,20.01%,325.4MiB / 1GiB,31.78%
1791610796,00:39:56,taller5-api-1,19.98%,305.4MiB / 1GiB,29.82%
1791610796,00:39:56,taller5-mlflow,4.94%,2.272GiB / 15.33GiB,14.82%
1791610796,00:39:56,taller5-postgres-mlflow,0.74%,45.11MiB / 15.33GiB,0.29%
1791610796,00:39:56,taller5-nginx,1.39%,2.77MiB / 15.33GiB,0.02%
1791610796,00:39:56,taller5-minio,0.00%,112.3MiB / 15.33GiB,0.72%
1791610800,00:40:00,taller5-api-3,21.96%,328.7MiB / 1GiB,32.10%
1791610800,00:40:00,taller5-api-2,23.21%,325.2MiB / 1GiB,31.76%
1791610800,00:40:00,taller5-api-1,23.08%,305.2MiB / 1GiB,29.81%
1791610800,00:40:00,taller5-mlflow,2.69%,2.272GiB / 15.33GiB,14.82%
1791610800,00:40:00,taller5-postgres-mlflow,0.06%,45.11MiB / 15.33GiB,0.29%
1791610800,00:40:00,taller5-nginx,1.38%,2.531MiB / 15.33GiB,0.02%
1791610800,00:40:00,taller5-minio,0.03%,112.3MiB / 15.33GiB,0.72%
1791610804,00:40:04,taller5-api-3,19.51%,328.7MiB / 1GiB,32.10%
1791610804,00:40:04,taller5-api-2,22.06%,325.3MiB / 1GiB,31.77%
1791610804,00:40:04,taller5-api-1,20.22%,305.2MiB / 1GiB,29.81%
1791610804,00:40:04,taller5-mlflow,2.09%,2.272GiB / 15.33GiB,14.82%
1791610804,00:40:04,taller5-postgres-mlflow,0.00%,45.11MiB / 15.33GiB,0.29%
1791610804,00:40:04,taller5-nginx,1.46%,2.512MiB / 15.33GiB,0.02%
1791610804,00:40:04,taller5-minio,0.20%,112.3MiB / 15.33GiB,0.72%
1791610808,00:40:08,taller5-api-3,20.67%,328.7MiB / 1GiB,32.10%
1791610808,00:40:08,taller5-api-2,21.39%,325.3MiB / 1GiB,31.77%
1791610808,00:40:08,taller5-api-1,20.62%,305MiB / 1GiB,29.79%
1791610808,00:40:08,taller5-mlflow,2.31%,2.272GiB / 15.33GiB,14.82%
1791610808,00:40:08,taller5-postgres-mlflow,0.00%,45.11MiB / 15.33GiB,0.29%
1791610808,00:40:08,taller5-nginx,1.33%,2.547MiB / 15.33GiB,0.02%
1791610808,00:40:08,taller5-minio,0.05%,112.3MiB / 15.33GiB,0.72%
1791610812,00:40:12,taller5-api-3,18.97%,328.7MiB / 1GiB,32.10%
1791610812,00:40:12,taller5-api-2,20.01%,325.3MiB / 1GiB,31.77%
1791610812,00:40:12,taller5-api-1,19.41%,305MiB / 1GiB,29.79%
1791610812,00:40:12,taller5-mlflow,2.14%,2.272GiB / 15.33GiB,14.82%
1791610812,00:40:12,taller5-postgres-mlflow,0.01%,45.11MiB / 15.33GiB,0.29%
1791610812,00:40:12,taller5-nginx,1.32%,2.559MiB / 15.33GiB,0.02%
1791610812,00:40:12,taller5-minio,0.00%,112.3MiB / 15.33GiB,0.72%
1791610816,00:40:16,taller5-api-3,20.02%,328.7MiB / 1GiB,32.10%
1791610816,00:40:16,taller5-api-2,21.08%,325.3MiB / 1GiB,31.77%
1791610816,00:40:16,taller5-api-1,30.03%,305MiB / 1GiB,29.79%
1791610816,00:40:16,taller5-mlflow,2.00%,2.272GiB / 15.33GiB,14.82%
1791610816,00:40:16,taller5-postgres-mlflow,0.75%,45.11MiB / 15.33GiB,0.29%
1791610816,00:40:16,taller5-nginx,1.39%,2.793MiB / 15.33GiB,0.02%
1791610816,00:40:16,taller5-minio,0.00%,112.3MiB / 15.33GiB,0.72%
1791610820,00:40:20,taller5-api-3,20.08%,328.7MiB / 1GiB,32.10%
1791610820,00:40:20,taller5-api-2,22.56%,325.3MiB / 1GiB,31.77%
1791610820,00:40:20,taller5-api-1,21.08%,305MiB / 1GiB,29.79%
1791610820,00:40:20,taller5-mlflow,2.09%,2.272GiB / 15.33GiB,14.82%
1791610820,00:40:20,taller5-postgres-mlflow,0.00%,45.11MiB / 15.33GiB,0.29%
1791610820,00:40:20,taller5-nginx,1.42%,2.527MiB / 15.33GiB,0.02%
1791610820,00:40:20,taller5-minio,0.05%,112.3MiB / 15.33GiB,0.72%
1791610825,00:40:25,taller5-api-3,20.90%,328.7MiB / 1GiB,32.10%
1791610825,00:40:25,taller5-api-2,22.75%,325.3MiB / 1GiB,31.77%
1791610825,00:40:25,taller5-api-1,20.99%,305MiB / 1GiB,29.79%
1791610825,00:40:25,taller5-mlflow,1.85%,2.272GiB / 15.33GiB,14.82%
1791610825,00:40:25,taller5-postgres-mlflow,0.00%,45.11MiB / 15.33GiB,0.29%
1791610825,00:40:25,taller5-nginx,1.43%,2.508MiB / 15.33GiB,0.02%
1791610825,00:40:25,taller5-minio,0.08%,112.3MiB / 15.33GiB,0.72%
1791610829,00:40:29,taller5-api-3,20.00%,328.7MiB / 1GiB,32.10%
1791610829,00:40:29,taller5-api-2,23.59%,325.3MiB / 1GiB,31.77%
1791610829,00:40:29,taller5-api-1,21.21%,305MiB / 1GiB,29.79%
1791610829,00:40:29,taller5-mlflow,1.90%,2.272GiB / 15.33GiB,14.82%
1791610829,00:40:29,taller5-postgres-mlflow,0.00%,45.11MiB / 15.33GiB,0.29%
1791610829,00:40:29,taller5-nginx,1.33%,2.762MiB / 15.33GiB,0.02%
1791610829,00:40:29,taller5-minio,0.00%,112.3MiB / 15.33GiB,0.72%
1791610833,00:40:33,taller5-api-3,19.21%,328.8MiB / 1GiB,32.11%
1791610833,00:40:33,taller5-api-2,22.41%,325.3MiB / 1GiB,31.77%
1791610833,00:40:33,taller5-api-1,21.09%,305MiB / 1GiB,29.79%
1791610833,00:40:33,taller5-mlflow,2.11%,2.272GiB / 15.33GiB,14.82%
1791610833,00:40:33,taller5-postgres-mlflow,8.00%,45.11MiB / 15.33GiB,0.29%
1791610833,00:40:33,taller5-nginx,1.51%,2.527MiB / 15.33GiB,0.02%
1791610833,00:40:33,taller5-minio,1.42%,112.4MiB / 15.33GiB,0.72%
1791610837,00:40:37,taller5-api-3,19.12%,328.8MiB / 1GiB,32.11%
1791610837,00:40:37,taller5-api-2,19.78%,325.3MiB / 1GiB,31.77%
1791610837,00:40:37,taller5-api-1,35.03%,305MiB / 1GiB,29.79%
1791610837,00:40:37,taller5-mlflow,2.16%,2.272GiB / 15.33GiB,14.82%
1791610837,00:40:37,taller5-postgres-mlflow,0.00%,45.11MiB / 15.33GiB,0.29%
1791610837,00:40:37,taller5-nginx,1.37%,2.508MiB / 15.33GiB,0.02%
1791610837,00:40:37,taller5-minio,0.00%,112.4MiB / 15.33GiB,0.72%
1791610841,00:40:41,taller5-api-3,23.50%,328.6MiB / 1GiB,32.09%
1791610841,00:40:41,taller5-api-2,29.26%,330.8MiB / 1GiB,32.30%
1791610841,00:40:41,taller5-api-1,24.19%,305MiB / 1GiB,29.79%
1791610841,00:40:41,taller5-mlflow,15.06%,2.272GiB / 15.33GiB,14.82%
1791610841,00:40:41,taller5-postgres-mlflow,0.08%,45.11MiB / 15.33GiB,0.29%
1791610841,00:40:41,taller5-nginx,1.50%,2.512MiB / 15.33GiB,0.02%
1791610841,00:40:41,taller5-minio,0.00%,112.4MiB / 15.33GiB,0.72%
1791610845,00:40:45,taller5-api-3,27.70%,334.4MiB / 1GiB,32.65%
1791610845,00:40:45,taller5-api-2,23.51%,325.3MiB / 1GiB,31.77%
1791610845,00:40:45,taller5-api-1,20.50%,305MiB / 1GiB,29.79%
1791610845,00:40:45,taller5-mlflow,2.10%,2.272GiB / 15.33GiB,14.82%
1791610845,00:40:45,taller5-postgres-mlflow,0.00%,45.11MiB / 15.33GiB,0.29%
1791610845,00:40:45,taller5-nginx,1.24%,2.758MiB / 15.33GiB,0.02%
1791610845,00:40:45,taller5-minio,0.03%,112.4MiB / 15.33GiB,0.72%
1791610849,00:40:49,taller5-api-3,21.15%,328.6MiB / 1GiB,32.09%
1791610849,00:40:49,taller5-api-2,25.58%,325.3MiB / 1GiB,31.77%
1791610849,00:40:49,taller5-api-1,22.51%,305MiB / 1GiB,29.79%
1791610849,00:40:49,taller5-mlflow,1.87%,2.272GiB / 15.33GiB,14.82%
1791610849,00:40:49,taller5-postgres-mlflow,0.00%,45.11MiB / 15.33GiB,0.29%
1791610849,00:40:49,taller5-nginx,1.54%,2.512MiB / 15.33GiB,0.02%
1791610849,00:40:49,taller5-minio,0.04%,112.4MiB / 15.33GiB,0.72%
1791610853,00:40:53,taller5-api-3,18.92%,328.6MiB / 1GiB,32.09%
1791610853,00:40:53,taller5-api-2,17.75%,325.3MiB / 1GiB,31.77%
1791610853,00:40:53,taller5-api-1,16.89%,305MiB / 1GiB,29.78%
1791610853,00:40:53,taller5-mlflow,2.44%,2.272GiB / 15.33GiB,14.82%
1791610853,00:40:53,taller5-postgres-mlflow,8.13%,45.11MiB / 15.33GiB,0.29%
1791610853,00:40:53,taller5-nginx,1.05%,2.562MiB / 15.33GiB,0.02%
1791610853,00:40:53,taller5-minio,0.00%,112.4MiB / 15.33GiB,0.72%
1791610858,00:40:58,taller5-api-3,20.81%,328.6MiB / 1GiB,32.09%
1791610858,00:40:58,taller5-api-2,20.32%,325.3MiB / 1GiB,31.77%
1791610858,00:40:58,taller5-api-1,25.86%,313.6MiB / 1GiB,30.63%
1791610858,00:40:58,taller5-mlflow,2.50%,2.272GiB / 15.33GiB,14.82%
1791610858,00:40:58,taller5-postgres-mlflow,0.05%,45.11MiB / 15.33GiB,0.29%
1791610858,00:40:58,taller5-nginx,1.29%,2.566MiB / 15.33GiB,0.02%
1791610858,00:40:58,taller5-minio,0.01%,112.4MiB / 15.33GiB,0.72%
1791610862,00:41:02,taller5-api-3,23.68%,328.6MiB / 1GiB,32.09%
1791610862,00:41:02,taller5-api-2,36.42%,325.3MiB / 1GiB,31.77%
1791610862,00:41:02,taller5-api-1,21.02%,305MiB / 1GiB,29.79%
1791610862,00:41:02,taller5-mlflow,1.93%,2.272GiB / 15.33GiB,14.82%
1791610862,00:41:02,taller5-postgres-mlflow,0.00%,45.11MiB / 15.33GiB,0.29%
1791610862,00:41:02,taller5-nginx,1.23%,2.512MiB / 15.33GiB,0.02%
1791610862,00:41:02,taller5-minio,7.06%,112.4MiB / 15.33GiB,0.72%
1791610866,00:41:06,taller5-api-3,35.24%,328.7MiB / 1GiB,32.09%
1791610866,00:41:06,taller5-api-2,25.13%,325.3MiB / 1GiB,31.77%
1791610866,00:41:06,taller5-api-1,21.75%,305MiB / 1GiB,29.79%
1791610866,00:41:06,taller5-mlflow,1.78%,2.272GiB / 15.33GiB,14.82%
1791610866,00:41:06,taller5-postgres-mlflow,0.00%,45.11MiB / 15.33GiB,0.29%
1791610866,00:41:06,taller5-nginx,1.58%,2.773MiB / 15.33GiB,0.02%
1791610866,00:41:06,taller5-minio,0.07%,112.4MiB / 15.33GiB,0.72%
1791610870,00:41:10,taller5-api-3,19.14%,328.6MiB / 1GiB,32.09%
1791610870,00:41:10,taller5-api-2,19.66%,325.3MiB / 1GiB,31.77%
1791610870,00:41:10,taller5-api-1,19.76%,305MiB / 1GiB,29.79%
1791610870,00:41:10,taller5-mlflow,1.86%,2.272GiB / 15.33GiB,14.82%
1791610870,00:41:10,taller5-postgres-mlflow,0.00%,45.11MiB / 15.33GiB,0.29%
1791610870,00:41:10,taller5-nginx,1.32%,2.527MiB / 15.33GiB,0.02%
1791610870,00:41:10,taller5-minio,0.04%,112.4MiB / 15.33GiB,0.72%
1791610874,00:41:14,taller5-api-3,22.17%,328.6MiB / 1GiB,32.09%
1791610874,00:41:14,taller5-api-2,23.60%,325.3MiB / 1GiB,31.77%
1791610874,00:41:14,taller5-api-1,21.62%,305MiB / 1GiB,29.79%
1791610874,00:41:14,taller5-mlflow,2.13%,2.272GiB / 15.33GiB,14.82%
1791610874,00:41:14,taller5-postgres-mlflow,0.00%,45.11MiB / 15.33GiB,0.29%
1791610874,00:41:14,taller5-nginx,1.44%,2.531MiB / 15.33GiB,0.02%
1791610874,00:41:14,taller5-minio,0.03%,112.4MiB / 15.33GiB,0.72%
1791610878,00:41:18,taller5-api-3,16.81%,328.7MiB / 1GiB,32.09%
1791610878,00:41:18,taller5-api-2,22.48%,325.3MiB / 1GiB,31.77%
1791610878,00:41:18,taller5-api-1,16.33%,305MiB / 1GiB,29.79%
1791610878,00:41:18,taller5-mlflow,1.97%,2.272GiB / 15.33GiB,14.82%
1791610878,00:41:18,taller5-postgres-mlflow,0.00%,45.11MiB / 15.33GiB,0.29%
1791610878,00:41:18,taller5-nginx,1.26%,2.566MiB / 15.33GiB,0.02%
1791610878,00:41:18,taller5-minio,0.07%,112.4MiB / 15.33GiB,0.72%
1791610882,00:41:22,taller5-api-3,20.60%,328.7MiB / 1GiB,32.10%
1791610882,00:41:22,taller5-api-2,31.60%,325.4MiB / 1GiB,31.77%
1791610882,00:41:22,taller5-api-1,19.15%,305MiB / 1GiB,29.79%
1791610882,00:41:22,taller5-mlflow,1.91%,2.272GiB / 15.33GiB,14.82%
1791610882,00:41:22,taller5-postgres-mlflow,0.00%,45.11MiB / 15.33GiB,0.29%
1791610882,00:41:22,taller5-nginx,1.19%,2.77MiB / 15.33GiB,0.02%
1791610882,00:41:22,taller5-minio,0.04%,112.4MiB / 15.33GiB,0.72%
1791610886,00:41:26,taller5-api-3,22.78%,328.7MiB / 1GiB,32.10%
1791610886,00:41:26,taller5-api-2,22.27%,325.4MiB / 1GiB,31.77%
1791610886,00:41:26,taller5-api-1,19.11%,305MiB / 1GiB,29.79%
1791610886,00:41:26,taller5-mlflow,13.95%,2.272GiB / 15.33GiB,14.82%
1791610886,00:41:26,taller5-postgres-mlflow,0.00%,45.11MiB / 15.33GiB,0.29%
1791610886,00:41:26,taller5-nginx,1.31%,2.531MiB / 15.33GiB,0.02%
1791610886,00:41:26,taller5-minio,0.02%,112.4MiB / 15.33GiB,0.72%
1791610891,00:41:31,taller5-api-3,21.54%,328.7MiB / 1GiB,32.10%
1791610891,00:41:31,taller5-api-2,20.36%,325.4MiB / 1GiB,31.77%
1791610891,00:41:31,taller5-api-1,17.42%,305MiB / 1GiB,29.79%
1791610891,00:41:31,taller5-mlflow,2.70%,2.272GiB / 15.33GiB,14.82%
1791610891,00:41:31,taller5-postgres-mlflow,0.00%,45.11MiB / 15.33GiB,0.29%
1791610891,00:41:31,taller5-nginx,1.43%,2.504MiB / 15.33GiB,0.02%
1791610891,00:41:31,taller5-minio,0.01%,112.4MiB / 15.33GiB,0.72%
1791610895,00:41:35,taller5-api-3,21.33%,328.7MiB / 1GiB,32.10%
1791610895,00:41:35,taller5-api-2,19.30%,325.4MiB / 1GiB,31.77%
1791610895,00:41:35,taller5-api-1,18.97%,305MiB / 1GiB,29.79%
1791610895,00:41:35,taller5-mlflow,2.15%,2.272GiB / 15.33GiB,14.82%
1791610895,00:41:35,taller5-postgres-mlflow,7.07%,45.11MiB / 15.33GiB,0.29%
1791610895,00:41:35,taller5-nginx,1.24%,2.535MiB / 15.33GiB,0.02%
1791610895,00:41:35,taller5-minio,1.21%,112.4MiB / 15.33GiB,0.72%
1791610899,00:41:39,taller5-api-3,19.05%,328.7MiB / 1GiB,32.10%
1791610899,00:41:39,taller5-api-2,20.75%,325.4MiB / 1GiB,31.77%
1791610899,00:41:39,taller5-api-1,19.91%,305MiB / 1GiB,29.79%
1791610899,00:41:39,taller5-mlflow,2.07%,2.272GiB / 15.33GiB,14.82%
1791610899,00:41:39,taller5-postgres-mlflow,0.00%,45.11MiB / 15.33GiB,0.29%
1791610899,00:41:39,taller5-nginx,1.24%,2.516MiB / 15.33GiB,0.02%
1791610899,00:41:39,taller5-minio,0.00%,112.4MiB / 15.33GiB,0.72%
1791610903,00:41:43,taller5-api-3,16.33%,328.7MiB / 1GiB,32.10%
1791610903,00:41:43,taller5-api-2,28.78%,325.4MiB / 1GiB,31.77%
1791610903,00:41:43,taller5-api-1,16.07%,305MiB / 1GiB,29.79%
1791610903,00:41:43,taller5-mlflow,2.23%,2.272GiB / 15.33GiB,14.82%
1791610903,00:41:43,taller5-postgres-mlflow,0.00%,45.11MiB / 15.33GiB,0.29%
1791610903,00:41:43,taller5-nginx,1.07%,2.523MiB / 15.33GiB,0.02%
1791610903,00:41:43,taller5-minio,7.43%,112.4MiB / 15.33GiB,0.72%
1791610907,00:41:47,taller5-api-3,29.16%,328.7MiB / 1GiB,32.10%
1791610907,00:41:47,taller5-api-2,24.64%,325.4MiB / 1GiB,31.77%
1791610907,00:41:47,taller5-api-1,17.13%,305MiB / 1GiB,29.78%
1791610907,00:41:47,taller5-mlflow,2.11%,2.272GiB / 15.33GiB,14.82%
1791610907,00:41:47,taller5-postgres-mlflow,0.00%,45.11MiB / 15.33GiB,0.29%
1791610907,00:41:47,taller5-nginx,1.51%,2.512MiB / 15.33GiB,0.02%
1791610907,00:41:47,taller5-minio,0.03%,112.4MiB / 15.33GiB,0.72%
1791610911,00:41:51,taller5-api-3,0.19%,328.7MiB / 1GiB,32.10%
1791610911,00:41:51,taller5-api-2,0.18%,325.4MiB / 1GiB,31.77%
1791610911,00:41:51,taller5-api-1,0.17%,305MiB / 1GiB,29.78%
1791610911,00:41:51,taller5-mlflow,2.61%,2.272GiB / 15.33GiB,14.82%
1791610911,00:41:51,taller5-postgres-mlflow,0.00%,45.11MiB / 15.33GiB,0.29%
1791610911,00:41:51,taller5-nginx,0.00%,2.387MiB / 15.33GiB,0.02%
1791610911,00:41:51,taller5-minio,0.00%,112.4MiB / 15.33GiB,0.72%
1791610915,00:41:55,taller5-api-3,0.22%,328.7MiB / 1GiB,32.10%
1791610915,00:41:55,taller5-api-2,0.18%,325.4MiB / 1GiB,31.77%
1791610915,00:41:55,taller5-api-1,0.16%,305MiB / 1GiB,29.78%
1791610915,00:41:55,taller5-mlflow,2.83%,2.272GiB / 15.33GiB,14.82%
1791610915,00:41:55,taller5-postgres-mlflow,0.76%,45.11MiB / 15.33GiB,0.29%
1791610915,00:41:55,taller5-nginx,0.00%,2.355MiB / 15.33GiB,0.02%
1791610915,00:41:55,taller5-minio,0.05%,112.4MiB / 15.33GiB,0.72%
1791610920,00:42:00,taller5-api-3,0.18%,328.7MiB / 1GiB,32.10%
1791610920,00:42:00,taller5-api-2,0.17%,325.4MiB / 1GiB,31.77%
1791610920,00:42:00,taller5-api-1,0.20%,305MiB / 1GiB,29.78%
1791610920,00:42:00,taller5-mlflow,1.90%,2.272GiB / 15.33GiB,14.82%
1791610920,00:42:00,taller5-postgres-mlflow,0.00%,45.11MiB / 15.33GiB,0.29%
1791610920,00:42:00,taller5-nginx,0.00%,2.355MiB / 15.33GiB,0.02%
1791610920,00:42:00,taller5-minio,0.01%,112.4MiB / 15.33GiB,0.72%
1791610924,00:42:04,taller5-api-3,0.17%,328.7MiB / 1GiB,32.10%
1791610924,00:42:04,taller5-api-2,0.19%,325.2MiB / 1GiB,31.76%
1791610924,00:42:04,taller5-api-1,0.22%,305MiB / 1GiB,29.78%
1791610924,00:42:04,taller5-mlflow,2.32%,2.272GiB / 15.33GiB,14.82%
1791610924,00:42:04,taller5-postgres-mlflow,7.72%,45.11MiB / 15.33GiB,0.29%
1791610924,00:42:04,taller5-nginx,0.00%,2.355MiB / 15.33GiB,0.02%
1791610924,00:42:04,taller5-minio,7.35%,112.4MiB / 15.33GiB,0.72%
1791610928,00:42:08,taller5-api-3,0.18%,328.6MiB / 1GiB,32.09%
1791610928,00:42:08,taller5-api-2,0.22%,325.2MiB / 1GiB,31.76%
1791610928,00:42:08,taller5-api-1,0.22%,305MiB / 1GiB,29.78%
1791610928,00:42:08,taller5-mlflow,2.01%,2.272GiB / 15.33GiB,14.82%
1791610928,00:42:08,taller5-postgres-mlflow,0.00%,45.11MiB / 15.33GiB,0.29%
1791610928,00:42:08,taller5-nginx,0.00%,2.355MiB / 15.33GiB,0.02%
1791610928,00:42:08,taller5-minio,0.00%,112.4MiB / 15.33GiB,0.72%
1791610932,00:42:12,taller5-api-3,0.18%,328.6MiB / 1GiB,32.09%
1791610932,00:42:12,taller5-api-2,0.23%,325.2MiB / 1GiB,31.76%
1791610932,00:42:12,taller5-api-1,0.20%,305MiB / 1GiB,29.78%
1791610932,00:42:12,taller5-mlflow,16.70%,2.272GiB / 15.33GiB,14.82%
1791610932,00:42:12,taller5-postgres-mlflow,0.00%,45.11MiB / 15.33GiB,0.29%
1791610932,00:42:12,taller5-nginx,0.00%,2.355MiB / 15.33GiB,0.02%
1791610932,00:42:12,taller5-minio,0.03%,112.4MiB / 15.33GiB,0.72%
1791610936,00:42:16,taller5-api-3,0.20%,328.6MiB / 1GiB,32.09%
1791610936,00:42:16,taller5-api-2,0.19%,325.2MiB / 1GiB,31.76%
1791610936,00:42:16,taller5-api-1,0.20%,305MiB / 1GiB,29.78%
1791610936,00:42:16,taller5-mlflow,2.15%,2.272GiB / 15.33GiB,14.82%
1791610936,00:42:16,taller5-postgres-mlflow,0.62%,45.11MiB / 15.33GiB,0.29%
1791610936,00:42:16,taller5-nginx,0.00%,2.355MiB / 15.33GiB,0.02%
1791610936,00:42:16,taller5-minio,0.05%,112.3MiB / 15.33GiB,0.72%
1791610940,00:42:20,taller5-api-3,0.19%,328.6MiB / 1GiB,32.09%
1791610940,00:42:20,taller5-api-2,0.21%,325.2MiB / 1GiB,31.76%
1791610940,00:42:20,taller5-api-1,0.20%,305MiB / 1GiB,29.78%
1791610940,00:42:20,taller5-mlflow,1.98%,2.272GiB / 15.33GiB,14.82%
1791610940,00:42:20,taller5-postgres-mlflow,0.00%,45.11MiB / 15.33GiB,0.29%
1791610940,00:42:20,taller5-nginx,0.01%,2.355MiB / 15.33GiB,0.02%
1791610940,00:42:20,taller5-minio,0.16%,112.3MiB / 15.33GiB,0.72%
1791610944,00:42:24,taller5-api-3,0.21%,328.6MiB / 1GiB,32.09%
1791610944,00:42:24,taller5-api-2,0.24%,325.2MiB / 1GiB,31.76%
1791610944,00:42:24,taller5-api-1,0.20%,305MiB / 1GiB,29.78%
1791610944,00:42:24,taller5-mlflow,2.07%,2.272GiB / 15.33GiB,14.82%
1791610944,00:42:24,taller5-postgres-mlflow,7.69%,45.11MiB / 15.33GiB,0.29%
1791610944,00:42:24,taller5-nginx,0.00%,2.355MiB / 15.33GiB,0.02%
1791610944,00:42:24,taller5-minio,0.02%,112.3MiB / 15.33GiB,0.72%
1791610948,00:42:28,taller5-api-3,27.23%,329.3MiB / 1GiB,32.16%
1791610948,00:42:28,taller5-api-2,25.00%,325.7MiB / 1GiB,31.81%
1791610948,00:42:28,taller5-api-1,38.34%,305.6MiB / 1GiB,29.85%
1791610948,00:42:28,taller5-mlflow,1.74%,2.272GiB / 15.33GiB,14.82%
1791610948,00:42:28,taller5-postgres-mlflow,0.00%,45.11MiB / 15.33GiB,0.29%
1791610948,00:42:28,taller5-nginx,1.04%,3.051MiB / 15.33GiB,0.02%
1791610948,00:42:28,taller5-minio,0.00%,112.3MiB / 15.33GiB,0.72%
1791610953,00:42:33,taller5-api-3,32.40%,329.4MiB / 1GiB,32.16%
1791610953,00:42:33,taller5-api-2,33.28%,325.8MiB / 1GiB,31.81%
1791610953,00:42:33,taller5-api-1,32.55%,305.6MiB / 1GiB,29.85%
1791610953,00:42:33,taller5-mlflow,1.72%,2.272GiB / 15.33GiB,14.82%
1791610953,00:42:33,taller5-postgres-mlflow,0.00%,45.11MiB / 15.33GiB,0.29%
1791610953,00:42:33,taller5-nginx,2.05%,2.77MiB / 15.33GiB,0.02%
1791610953,00:42:33,taller5-minio,0.01%,112.3MiB / 15.33GiB,0.72%
1791610957,00:42:37,taller5-api-3,33.18%,329.4MiB / 1GiB,32.17%
1791610957,00:42:37,taller5-api-2,33.73%,325.8MiB / 1GiB,31.81%
1791610957,00:42:37,taller5-api-1,33.56%,305.6MiB / 1GiB,29.85%
1791610957,00:42:37,taller5-mlflow,1.69%,2.272GiB / 15.33GiB,14.82%
1791610957,00:42:37,taller5-postgres-mlflow,0.00%,45.11MiB / 15.33GiB,0.29%
1791610957,00:42:37,taller5-nginx,2.24%,2.617MiB / 15.33GiB,0.02%
1791610957,00:42:37,taller5-minio,0.04%,112.3MiB / 15.33GiB,0.72%
1791610961,00:42:41,taller5-api-3,34.85%,329.1MiB / 1GiB,32.14%
1791610961,00:42:41,taller5-api-2,33.99%,325.5MiB / 1GiB,31.78%
1791610961,00:42:41,taller5-api-1,31.94%,305.3MiB / 1GiB,29.82%
1791610961,00:42:41,taller5-mlflow,2.38%,2.272GiB / 15.33GiB,14.82%
1791610961,00:42:41,taller5-postgres-mlflow,0.00%,45.11MiB / 15.33GiB,0.29%
1791610961,00:42:41,taller5-nginx,1.97%,2.703MiB / 15.33GiB,0.02%
1791610961,00:42:41,taller5-minio,0.02%,112.3MiB / 15.33GiB,0.72%
1791610965,00:42:45,taller5-api-3,30.84%,329.1MiB / 1GiB,32.14%
1791610965,00:42:45,taller5-api-2,31.47%,325.4MiB / 1GiB,31.78%
1791610965,00:42:45,taller5-api-1,32.24%,305.1MiB / 1GiB,29.80%
1791610965,00:42:45,taller5-mlflow,1.89%,2.272GiB / 15.33GiB,14.82%
1791610965,00:42:45,taller5-postgres-mlflow,0.01%,45.11MiB / 15.33GiB,0.29%
1791610965,00:42:45,taller5-nginx,1.83%,2.648MiB / 15.33GiB,0.02%
1791610965,00:42:45,taller5-minio,0.03%,112.3MiB / 15.33GiB,0.72%
1791610969,00:42:49,taller5-api-3,30.74%,328.9MiB / 1GiB,32.12%
1791610969,00:42:49,taller5-api-2,33.52%,325.3MiB / 1GiB,31.76%
1791610969,00:42:49,taller5-api-1,44.93%,305.1MiB / 1GiB,29.80%
1791610969,00:42:49,taller5-mlflow,1.84%,2.272GiB / 15.33GiB,14.82%
1791610969,00:42:49,taller5-postgres-mlflow,0.00%,45.11MiB / 15.33GiB,0.29%
1791610969,00:42:49,taller5-nginx,1.80%,2.891MiB / 15.33GiB,0.02%
1791610969,00:42:49,taller5-minio,0.01%,112.3MiB / 15.33GiB,0.72%
1791610973,00:42:53,taller5-api-3,28.81%,328.9MiB / 1GiB,32.12%
1791610973,00:42:53,taller5-api-2,31.37%,325.3MiB / 1GiB,31.76%
1791610973,00:42:53,taller5-api-1,29.06%,305.1MiB / 1GiB,29.80%
1791610973,00:42:53,taller5-mlflow,2.13%,2.272GiB / 15.33GiB,14.82%
1791610973,00:42:53,taller5-postgres-mlflow,0.00%,45.11MiB / 15.33GiB,0.29%
1791610973,00:42:53,taller5-nginx,1.78%,2.625MiB / 15.33GiB,0.02%
1791610973,00:42:53,taller5-minio,0.00%,112.3MiB / 15.33GiB,0.72%
1791610977,00:42:57,taller5-api-3,32.28%,328.9MiB / 1GiB,32.12%
1791610977,00:42:57,taller5-api-2,30.75%,325.3MiB / 1GiB,31.77%
1791610977,00:42:57,taller5-api-1,32.17%,305.1MiB / 1GiB,29.80%
1791610977,00:42:57,taller5-mlflow,15.20%,2.272GiB / 15.33GiB,14.82%
1791610977,00:42:57,taller5-postgres-mlflow,0.00%,45.11MiB / 15.33GiB,0.29%
1791610977,00:42:57,taller5-nginx,2.21%,2.605MiB / 15.33GiB,0.02%
1791610977,00:42:57,taller5-minio,0.00%,112.3MiB / 15.33GiB,0.72%
1791610981,00:43:01,taller5-api-3,34.96%,329MiB / 1GiB,32.13%
1791610981,00:43:01,taller5-api-2,33.09%,325.4MiB / 1GiB,31.77%
1791610981,00:43:01,taller5-api-1,30.79%,305.2MiB / 1GiB,29.80%
1791610981,00:43:01,taller5-mlflow,3.06%,2.272GiB / 15.33GiB,14.82%
1791610981,00:43:01,taller5-postgres-mlflow,0.06%,45.11MiB / 15.33GiB,0.29%
1791610981,00:43:01,taller5-nginx,2.08%,2.66MiB / 15.33GiB,0.02%
1791610981,00:43:01,taller5-minio,0.00%,112.3MiB / 15.33GiB,0.72%
1791610986,00:43:06,taller5-api-3,31.42%,329MiB / 1GiB,32.13%
1791610986,00:43:06,taller5-api-2,34.35%,325.4MiB / 1GiB,31.77%
1791610986,00:43:06,taller5-api-1,31.86%,305.2MiB / 1GiB,29.80%
1791610986,00:43:06,taller5-mlflow,1.93%,2.272GiB / 15.33GiB,14.82%
1791610986,00:43:06,taller5-postgres-mlflow,0.00%,45.11MiB / 15.33GiB,0.29%
1791610986,00:43:06,taller5-nginx,2.20%,2.605MiB / 15.33GiB,0.02%
1791610986,00:43:06,taller5-minio,0.05%,112.3MiB / 15.33GiB,0.72%
1791610990,00:43:10,taller5-api-3,36.30%,328.9MiB / 1GiB,32.12%
1791610990,00:43:10,taller5-api-2,33.81%,325.3MiB / 1GiB,31.77%
1791610990,00:43:10,taller5-api-1,34.88%,305.2MiB / 1GiB,29.80%
1791610990,00:43:10,taller5-mlflow,1.77%,2.272GiB / 15.33GiB,14.82%
1791610990,00:43:10,taller5-postgres-mlflow,0.00%,45.11MiB / 15.33GiB,0.29%
1791610990,00:43:10,taller5-nginx,2.22%,2.648MiB / 15.33GiB,0.02%
1791610990,00:43:10,taller5-minio,0.03%,112.3MiB / 15.33GiB,0.72%
1791610994,00:43:14,taller5-api-3,33.76%,328.9MiB / 1GiB,32.12%
1791610994,00:43:14,taller5-api-2,45.75%,325.3MiB / 1GiB,31.77%
1791610994,00:43:14,taller5-api-1,31.76%,305.4MiB / 1GiB,29.83%
1791610994,00:43:14,taller5-mlflow,1.68%,2.272GiB / 15.33GiB,14.82%
1791610994,00:43:14,taller5-postgres-mlflow,0.00%,45.11MiB / 15.33GiB,0.29%
1791610994,00:43:14,taller5-nginx,1.82%,2.695MiB / 15.33GiB,0.02%
1791610994,00:43:14,taller5-minio,7.36%,112.3MiB / 15.33GiB,0.72%
1791610998,00:43:18,taller5-api-3,48.47%,329MiB / 1GiB,32.13%
1791610998,00:43:18,taller5-api-2,32.17%,325.3MiB / 1GiB,31.77%
1791610998,00:43:18,taller5-api-1,32.14%,305.2MiB / 1GiB,29.80%
1791610998,00:43:18,taller5-mlflow,1.72%,2.272GiB / 15.33GiB,14.82%
1791610998,00:43:18,taller5-postgres-mlflow,0.00%,45.11MiB / 15.33GiB,0.29%
1791610998,00:43:18,taller5-nginx,1.94%,2.621MiB / 15.33GiB,0.02%
1791610998,00:43:18,taller5-minio,0.04%,112.3MiB / 15.33GiB,0.72%
1791611002,00:43:22,taller5-api-3,36.60%,329MiB / 1GiB,32.13%
1791611002,00:43:22,taller5-api-2,32.81%,325.3MiB / 1GiB,31.77%
1791611002,00:43:22,taller5-api-1,31.66%,305.4MiB / 1GiB,29.83%
1791611002,00:43:22,taller5-mlflow,1.92%,2.272GiB / 15.33GiB,14.82%
1791611002,00:43:22,taller5-postgres-mlflow,0.00%,45.11MiB / 15.33GiB,0.29%
1791611002,00:43:22,taller5-nginx,2.04%,2.891MiB / 15.33GiB,0.02%
1791611002,00:43:22,taller5-minio,0.04%,112.3MiB / 15.33GiB,0.72%
1791611006,00:43:26,taller5-api-3,33.56%,329MiB / 1GiB,32.13%
1791611006,00:43:26,taller5-api-2,35.26%,325.4MiB / 1GiB,31.77%
1791611006,00:43:26,taller5-api-1,31.71%,305.2MiB / 1GiB,29.80%
1791611006,00:43:26,taller5-mlflow,1.81%,2.272GiB / 15.33GiB,14.82%
1791611006,00:43:26,taller5-postgres-mlflow,0.01%,45.11MiB / 15.33GiB,0.29%
1791611006,00:43:26,taller5-nginx,2.20%,2.664MiB / 15.33GiB,0.02%
1791611006,00:43:26,taller5-minio,0.00%,112.3MiB / 15.33GiB,0.72%
1791611010,00:43:30,taller5-api-3,27.87%,329MiB / 1GiB,32.13%
1791611010,00:43:30,taller5-api-2,28.85%,325.4MiB / 1GiB,31.77%
1791611010,00:43:30,taller5-api-1,44.81%,305.2MiB / 1GiB,29.80%
1791611010,00:43:30,taller5-mlflow,2.23%,2.272GiB / 15.33GiB,14.82%
1791611010,00:43:30,taller5-postgres-mlflow,0.00%,45.11MiB / 15.33GiB,0.29%
1791611010,00:43:30,taller5-nginx,1.84%,2.637MiB / 15.33GiB,0.02%
1791611010,00:43:30,taller5-minio,0.00%,112.3MiB / 15.33GiB,0.72%
1791611014,00:43:34,taller5-api-3,33.13%,329MiB / 1GiB,32.13%
1791611014,00:43:34,taller5-api-2,49.18%,325.4MiB / 1GiB,31.78%
1791611014,00:43:34,taller5-api-1,30.48%,305.2MiB / 1GiB,29.81%
1791611014,00:43:34,taller5-mlflow,1.77%,2.272GiB / 15.33GiB,14.82%
1791611014,00:43:34,taller5-postgres-mlflow,8.11%,45.11MiB / 15.33GiB,0.29%
1791611014,00:43:34,taller5-nginx,1.77%,2.621MiB / 15.33GiB,0.02%
1791611014,00:43:34,taller5-minio,13.20%,112.3MiB / 15.33GiB,0.72%
1791611019,00:43:39,taller5-api-3,44.85%,329.2MiB / 1GiB,32.15%
1791611019,00:43:39,taller5-api-2,30.80%,325.4MiB / 1GiB,31.78%
1791611019,00:43:39,taller5-api-1,33.02%,305.2MiB / 1GiB,29.81%
1791611019,00:43:39,taller5-mlflow,1.79%,2.272GiB / 15.33GiB,14.82%
1791611019,00:43:39,taller5-postgres-mlflow,0.01%,45.11MiB / 15.33GiB,0.29%
1791611019,00:43:39,taller5-nginx,1.99%,2.664MiB / 15.33GiB,0.02%
1791611019,00:43:39,taller5-minio,0.00%,112.3MiB / 15.33GiB,0.72%
1791611023,00:43:43,taller5-api-3,33.14%,329MiB / 1GiB,32.13%
1791611023,00:43:43,taller5-api-2,32.06%,325.4MiB / 1GiB,31.78%
1791611023,00:43:43,taller5-api-1,29.79%,305.3MiB / 1GiB,29.81%
1791611023,00:43:43,taller5-mlflow,14.55%,2.272GiB / 15.33GiB,14.82%
1791611023,00:43:43,taller5-postgres-mlflow,0.00%,45.11MiB / 15.33GiB,0.29%
1791611023,00:43:43,taller5-nginx,1.94%,2.637MiB / 15.33GiB,0.02%
1791611023,00:43:43,taller5-minio,0.00%,112.3MiB / 15.33GiB,0.72%
1791611027,00:43:47,taller5-api-3,30.67%,329MiB / 1GiB,32.13%
1791611027,00:43:47,taller5-api-2,30.95%,325.4MiB / 1GiB,31.77%
1791611027,00:43:47,taller5-api-1,34.31%,305.3MiB / 1GiB,29.81%
1791611027,00:43:47,taller5-mlflow,1.83%,2.272GiB / 15.33GiB,14.82%
1791611027,00:43:47,taller5-postgres-mlflow,0.00%,45.11MiB / 15.33GiB,0.29%
1791611027,00:43:47,taller5-nginx,2.08%,2.633MiB / 15.33GiB,0.02%
1791611027,00:43:47,taller5-minio,0.02%,112.4MiB / 15.33GiB,0.72%
1791611031,00:43:51,taller5-api-3,33.34%,329MiB / 1GiB,32.13%
1791611031,00:43:51,taller5-api-2,31.63%,325.4MiB / 1GiB,31.77%
1791611031,00:43:51,taller5-api-1,30.49%,305.3MiB / 1GiB,29.81%
1791611031,00:43:51,taller5-mlflow,2.28%,2.272GiB / 15.33GiB,14.82%
1791611031,00:43:51,taller5-postgres-mlflow,0.00%,45.11MiB / 15.33GiB,0.29%
1791611031,00:43:51,taller5-nginx,1.94%,2.629MiB / 15.33GiB,0.02%
1791611031,00:43:51,taller5-minio,0.00%,112.3MiB / 15.33GiB,0.72%
1791611035,00:43:55,taller5-api-3,37.81%,329MiB / 1GiB,32.13%
1791611035,00:43:55,taller5-api-2,44.16%,325.3MiB / 1GiB,31.77%
1791611035,00:43:55,taller5-api-1,28.51%,305.3MiB / 1GiB,29.81%
1791611035,00:43:55,taller5-mlflow,1.79%,2.272GiB / 15.33GiB,14.82%
1791611035,00:43:55,taller5-postgres-mlflow,7.58%,45.11MiB / 15.33GiB,0.29%
1791611035,00:43:55,taller5-nginx,2.03%,2.617MiB / 15.33GiB,0.02%
1791611035,00:43:55,taller5-minio,0.04%,112.3MiB / 15.33GiB,0.72%
1791611039,00:43:59,taller5-api-3,47.39%,329MiB / 1GiB,32.13%
1791611039,00:43:59,taller5-api-2,37.23%,325.4MiB / 1GiB,31.78%
1791611039,00:43:59,taller5-api-1,35.33%,305.3MiB / 1GiB,29.81%
1791611039,00:43:59,taller5-mlflow,2.43%,2.272GiB / 15.33GiB,14.82%
1791611039,00:43:59,taller5-postgres-mlflow,0.04%,45.11MiB / 15.33GiB,0.29%
1791611039,00:43:59,taller5-nginx,2.29%,2.633MiB / 15.33GiB,0.02%
1791611039,00:43:59,taller5-minio,0.00%,112.3MiB / 15.33GiB,0.72%
1791611043,00:44:03,taller5-api-3,35.65%,329MiB / 1GiB,32.13%
1791611043,00:44:03,taller5-api-2,35.81%,325.4MiB / 1GiB,31.78%
1791611043,00:44:03,taller5-api-1,33.06%,305.3MiB / 1GiB,29.81%
1791611043,00:44:03,taller5-mlflow,1.96%,2.272GiB / 15.33GiB,14.82%
1791611043,00:44:03,taller5-postgres-mlflow,0.00%,45.11MiB / 15.33GiB,0.29%
1791611043,00:44:03,taller5-nginx,2.07%,2.691MiB / 15.33GiB,0.02%
1791611043,00:44:03,taller5-minio,0.02%,112.3MiB / 15.33GiB,0.72%
1791611048,00:44:08,taller5-api-3,33.43%,329MiB / 1GiB,32.13%
1791611048,00:44:08,taller5-api-2,30.33%,325.4MiB / 1GiB,31.78%
1791611048,00:44:08,taller5-api-1,29.26%,305.3MiB / 1GiB,29.81%
1791611048,00:44:08,taller5-mlflow,1.99%,2.272GiB / 15.33GiB,14.82%
1791611048,00:44:08,taller5-postgres-mlflow,0.00%,45.11MiB / 15.33GiB,0.29%
1791611048,00:44:08,taller5-nginx,1.93%,2.609MiB / 15.33GiB,0.02%
1791611048,00:44:08,taller5-minio,0.03%,112.3MiB / 15.33GiB,0.72%
1791611052,00:44:12,taller5-api-3,29.01%,328.9MiB / 1GiB,32.12%
1791611052,00:44:12,taller5-api-2,29.61%,325.4MiB / 1GiB,31.77%
1791611052,00:44:12,taller5-api-1,28.67%,305.2MiB / 1GiB,29.80%
1791611052,00:44:12,taller5-mlflow,1.86%,2.272GiB / 15.33GiB,14.82%
1791611052,00:44:12,taller5-postgres-mlflow,0.00%,45.11MiB / 15.33GiB,0.29%
1791611052,00:44:12,taller5-nginx,1.88%,2.641MiB / 15.33GiB,0.02%
1791611052,00:44:12,taller5-minio,0.03%,112.3MiB / 15.33GiB,0.72%
1791611056,00:44:16,taller5-api-3,33.26%,329MiB / 1GiB,32.13%
1791611056,00:44:16,taller5-api-2,36.79%,325.4MiB / 1GiB,31.77%
1791611056,00:44:16,taller5-api-1,33.53%,305.2MiB / 1GiB,29.81%
1791611056,00:44:16,taller5-mlflow,2.08%,2.272GiB / 15.33GiB,14.82%
1791611056,00:44:16,taller5-postgres-mlflow,8.65%,45.11MiB / 15.33GiB,0.29%
1791611056,00:44:16,taller5-nginx,2.08%,2.918MiB / 15.33GiB,0.02%
1791611056,00:44:16,taller5-minio,0.08%,112.3MiB / 15.33GiB,0.72%
1791611060,00:44:20,taller5-api-3,33.23%,329MiB / 1GiB,32.13%
1791611060,00:44:20,taller5-api-2,31.61%,325.4MiB / 1GiB,31.77%
1791611060,00:44:20,taller5-api-1,36.16%,309.1MiB / 1GiB,30.19%
1791611060,00:44:20,taller5-mlflow,1.80%,2.272GiB / 15.33GiB,14.82%
1791611060,00:44:20,taller5-postgres-mlflow,0.00%,45.11MiB / 15.33GiB,0.29%
1791611060,00:44:20,taller5-nginx,2.20%,2.609MiB / 15.33GiB,0.02%
1791611060,00:44:20,taller5-minio,0.08%,112.3MiB / 15.33GiB,0.72%
1791611064,00:44:24,taller5-api-3,35.40%,329MiB / 1GiB,32.13%
1791611064,00:44:24,taller5-api-2,29.63%,325.4MiB / 1GiB,31.77%
1791611064,00:44:24,taller5-api-1,25.73%,305.2MiB / 1GiB,29.81%
1791611064,00:44:24,taller5-mlflow,1.87%,2.272GiB / 15.33GiB,14.82%
1791611064,00:44:24,taller5-postgres-mlflow,0.00%,45.11MiB / 15.33GiB,0.29%
1791611064,00:44:24,taller5-nginx,1.71%,2.637MiB / 15.33GiB,0.02%
1791611064,00:44:24,taller5-minio,8.14%,112.3MiB / 15.33GiB,0.72%
1791611068,00:44:28,taller5-api-3,35.81%,329MiB / 1GiB,32.13%
1791611068,00:44:28,taller5-api-2,31.29%,325.3MiB / 1GiB,31.77%
1791611068,00:44:28,taller5-api-1,33.55%,305.2MiB / 1GiB,29.81%
1791611068,00:44:28,taller5-mlflow,14.25%,2.272GiB / 15.33GiB,14.82%
1791611068,00:44:28,taller5-postgres-mlflow,0.00%,45.11MiB / 15.33GiB,0.29%
1791611068,00:44:28,taller5-nginx,2.14%,2.625MiB / 15.33GiB,0.02%
1791611068,00:44:28,taller5-minio,0.00%,112.3MiB / 15.33GiB,0.72%
1791611072,00:44:32,taller5-api-3,0.18%,328.9MiB / 1GiB,32.12%
1791611072,00:44:32,taller5-api-2,0.19%,325.3MiB / 1GiB,31.77%
1791611072,00:44:32,taller5-api-1,0.23%,305.2MiB / 1GiB,29.81%
1791611072,00:44:32,taller5-mlflow,2.10%,2.272GiB / 15.33GiB,14.82%
1791611072,00:44:32,taller5-postgres-mlflow,0.00%,45.11MiB / 15.33GiB,0.29%
1791611072,00:44:32,taller5-nginx,0.02%,2.387MiB / 15.33GiB,0.02%
1791611072,00:44:32,taller5-minio,0.04%,112.3MiB / 15.33GiB,0.72%
1791611076,00:44:36,taller5-api-3,0.20%,328.9MiB / 1GiB,32.12%
1791611076,00:44:36,taller5-api-2,0.12%,325.3MiB / 1GiB,31.77%
1791611076,00:44:36,taller5-api-1,0.17%,305.2MiB / 1GiB,29.81%
1791611076,00:44:36,taller5-mlflow,1.91%,2.272GiB / 15.33GiB,14.82%
1791611076,00:44:36,taller5-postgres-mlflow,0.00%,45.11MiB / 15.33GiB,0.29%
1791611076,00:44:36,taller5-nginx,0.00%,2.355MiB / 15.33GiB,0.02%
1791611076,00:44:36,taller5-minio,0.00%,112.4MiB / 15.33GiB,0.72%
1791611081,00:44:41,taller5-api-3,13.65%,328.9MiB / 1GiB,32.12%
1791611081,00:44:41,taller5-api-2,0.17%,325.3MiB / 1GiB,31.77%
1791611081,00:44:41,taller5-api-1,0.16%,305.2MiB / 1GiB,29.81%
1791611081,00:44:41,taller5-mlflow,2.29%,2.272GiB / 15.33GiB,14.82%
1791611081,00:44:41,taller5-postgres-mlflow,0.00%,45.11MiB / 15.33GiB,0.29%
1791611081,00:44:41,taller5-nginx,0.00%,2.355MiB / 15.33GiB,0.02%
1791611081,00:44:41,taller5-minio,0.04%,112.4MiB / 15.33GiB,0.72%
1791611085,00:44:45,taller5-api-3,0.21%,328.9MiB / 1GiB,32.11%
1791611085,00:44:45,taller5-api-2,0.19%,325.3MiB / 1GiB,31.77%
1791611085,00:44:45,taller5-api-1,0.20%,305.1MiB / 1GiB,29.80%
1791611085,00:44:45,taller5-mlflow,1.99%,2.272GiB / 15.33GiB,14.82%
1791611085,00:44:45,taller5-postgres-mlflow,0.00%,45.11MiB / 15.33GiB,0.29%
1791611085,00:44:45,taller5-nginx,0.01%,2.355MiB / 15.33GiB,0.02%
1791611085,00:44:45,taller5-minio,0.09%,112.4MiB / 15.33GiB,0.72%
1791611089,00:44:49,taller5-api-3,0.18%,328.9MiB / 1GiB,32.11%
1791611089,00:44:49,taller5-api-2,0.19%,325.3MiB / 1GiB,31.76%
1791611089,00:44:49,taller5-api-1,0.19%,305.1MiB / 1GiB,29.80%
1791611089,00:44:49,taller5-mlflow,2.03%,2.272GiB / 15.33GiB,14.82%
1791611089,00:44:49,taller5-postgres-mlflow,0.00%,45.11MiB / 15.33GiB,0.29%
1791611089,00:44:49,taller5-nginx,0.00%,2.355MiB / 15.33GiB,0.02%
1791611089,00:44:49,taller5-minio,0.02%,112.4MiB / 15.33GiB,0.72%
1791611093,00:44:53,taller5-api-3,0.21%,328.9MiB / 1GiB,32.11%
1791611093,00:44:53,taller5-api-2,0.17%,325.3MiB / 1GiB,31.76%
1791611093,00:44:53,taller5-api-1,0.18%,305.1MiB / 1GiB,29.80%
1791611093,00:44:53,taller5-mlflow,1.98%,2.272GiB / 15.33GiB,14.82%
1791611093,00:44:53,taller5-postgres-mlflow,0.00%,45.11MiB / 15.33GiB,0.29%
1791611093,00:44:53,taller5-nginx,0.00%,2.355MiB / 15.33GiB,0.02%
1791611093,00:44:53,taller5-minio,0.00%,112.4MiB / 15.33GiB,0.72%
1791611097,00:44:57,taller5-api-3,0.20%,328.9MiB / 1GiB,32.11%
1791611097,00:44:57,taller5-api-2,0.18%,325.3MiB / 1GiB,31.76%
1791611097,00:44:57,taller5-api-1,0.17%,305.1MiB / 1GiB,29.80%
1791611097,00:44:57,taller5-mlflow,2.59%,2.272GiB / 15.33GiB,14.82%
1791611097,00:44:57,taller5-postgres-mlflow,0.05%,45.11MiB / 15.33GiB,0.29%
1791611097,00:44:57,taller5-nginx,0.02%,2.355MiB / 15.33GiB,0.02%
1791611097,00:44:57,taller5-minio,0.00%,112.4MiB / 15.33GiB,0.72%
1791611101,00:45:01,taller5-api-3,0.21%,328.9MiB / 1GiB,32.11%
1791611101,00:45:01,taller5-api-2,0.19%,325.3MiB / 1GiB,31.76%
1791611101,00:45:01,taller5-api-1,12.98%,305.1MiB / 1GiB,29.80%
1791611101,00:45:01,taller5-mlflow,2.71%,2.272GiB / 15.33GiB,14.82%
1791611101,00:45:01,taller5-postgres-mlflow,0.00%,45.11MiB / 15.33GiB,0.29%
1791611101,00:45:01,taller5-nginx,0.00%,2.355MiB / 15.33GiB,0.02%
1791611101,00:45:01,taller5-minio,0.00%,112.4MiB / 15.33GiB,0.72%
1791611105,00:45:05,taller5-api-3,9.52%,329.2MiB / 1GiB,32.15%
1791611105,00:45:05,taller5-api-2,9.44%,325.5MiB / 1GiB,31.78%
1791611105,00:45:05,taller5-api-1,9.81%,305.4MiB / 1GiB,29.83%
1791611105,00:45:05,taller5-mlflow,1.86%,2.272GiB / 15.33GiB,14.82%
1791611105,00:45:05,taller5-postgres-mlflow,0.66%,47.01MiB / 15.33GiB,0.30%
1791611105,00:45:05,taller5-nginx,0.37%,2.695MiB / 15.33GiB,0.02%
1791611105,00:45:05,taller5-minio,8.06%,112.4MiB / 15.33GiB,0.72%
1791611109,00:45:09,taller5-api-3,35.12%,330.9MiB / 1GiB,32.32%
1791611109,00:45:09,taller5-api-2,33.82%,325.8MiB / 1GiB,31.81%
1791611109,00:45:09,taller5-api-1,32.16%,305.6MiB / 1GiB,29.84%
1791611109,00:45:09,taller5-mlflow,1.70%,2.272GiB / 15.33GiB,14.82%
1791611109,00:45:09,taller5-postgres-mlflow,0.01%,45.11MiB / 15.33GiB,0.29%
1791611109,00:45:09,taller5-nginx,1.51%,2.688MiB / 15.33GiB,0.02%
1791611109,00:45:09,taller5-minio,0.05%,112.4MiB / 15.33GiB,0.72%
1791611114,00:45:14,taller5-api-3,47.01%,329.6MiB / 1GiB,32.19%
1791611114,00:45:14,taller5-api-2,51.79%,326MiB / 1GiB,31.83%
1791611114,00:45:14,taller5-api-1,47.53%,305.8MiB / 1GiB,29.86%
1791611114,00:45:14,taller5-mlflow,15.13%,2.272GiB / 15.33GiB,14.82%
1791611114,00:45:14,taller5-postgres-mlflow,0.00%,45.11MiB / 15.33GiB,0.29%
1791611114,00:45:14,taller5-nginx,2.48%,2.84MiB / 15.33GiB,0.02%
1791611114,00:45:14,taller5-minio,0.02%,112.4MiB / 15.33GiB,0.72%
1791611118,00:45:18,taller5-api-3,47.81%,329.6MiB / 1GiB,32.19%
1791611118,00:45:18,taller5-api-2,50.89%,326MiB / 1GiB,31.83%
1791611118,00:45:18,taller5-api-1,45.55%,305.8MiB / 1GiB,29.86%
1791611118,00:45:18,taller5-mlflow,1.69%,2.272GiB / 15.33GiB,14.82%
1791611118,00:45:18,taller5-postgres-mlflow,0.01%,45.11MiB / 15.33GiB,0.29%
1791611118,00:45:18,taller5-nginx,2.64%,2.773MiB / 15.33GiB,0.02%
1791611118,00:45:18,taller5-minio,0.03%,112.4MiB / 15.33GiB,0.72%
1791611122,00:45:22,taller5-api-3,49.35%,329.4MiB / 1GiB,32.16%
1791611122,00:45:22,taller5-api-2,47.70%,325.8MiB / 1GiB,31.81%
1791611122,00:45:22,taller5-api-1,60.08%,305.5MiB / 1GiB,29.84%
1791611122,00:45:22,taller5-mlflow,1.86%,2.272GiB / 15.33GiB,14.82%
1791611122,00:45:22,taller5-postgres-mlflow,0.00%,45.11MiB / 15.33GiB,0.29%
1791611122,00:45:22,taller5-nginx,2.85%,2.746MiB / 15.33GiB,0.02%
1791611122,00:45:22,taller5-minio,0.04%,112.4MiB / 15.33GiB,0.72%
1791611126,00:45:26,taller5-api-3,45.69%,329MiB / 1GiB,32.13%
1791611126,00:45:26,taller5-api-2,49.28%,327.7MiB / 1GiB,32.00%
1791611126,00:45:26,taller5-api-1,41.00%,305.5MiB / 1GiB,29.83%
1791611126,00:45:26,taller5-mlflow,1.58%,2.272GiB / 15.33GiB,14.82%
1791611126,00:45:26,taller5-postgres-mlflow,7.64%,45.11MiB / 15.33GiB,0.29%
1791611126,00:45:26,taller5-nginx,2.24%,2.793MiB / 15.33GiB,0.02%
1791611126,00:45:26,taller5-minio,0.03%,112.4MiB / 15.33GiB,0.72%
1791611130,00:45:30,taller5-api-3,53.56%,329MiB / 1GiB,32.13%
1791611130,00:45:30,taller5-api-2,45.88%,325.7MiB / 1GiB,31.80%
1791611130,00:45:30,taller5-api-1,43.06%,305.5MiB / 1GiB,29.83%
1791611130,00:45:30,taller5-mlflow,1.59%,2.272GiB / 15.33GiB,14.82%
1791611130,00:45:30,taller5-postgres-mlflow,0.00%,45.11MiB / 15.33GiB,0.29%
1791611130,00:45:30,taller5-nginx,2.60%,2.785MiB / 15.33GiB,0.02%
1791611130,00:45:30,taller5-minio,0.00%,112.4MiB / 15.33GiB,0.72%
1791611134,00:45:34,taller5-api-3,45.56%,329.2MiB / 1GiB,32.15%
1791611134,00:45:34,taller5-api-2,42.40%,325.7MiB / 1GiB,31.80%
1791611134,00:45:34,taller5-api-1,42.60%,305.6MiB / 1GiB,29.84%
1791611134,00:45:34,taller5-mlflow,1.70%,2.272GiB / 15.33GiB,14.82%
1791611134,00:45:34,taller5-postgres-mlflow,0.00%,45.11MiB / 15.33GiB,0.29%
1791611134,00:45:34,taller5-nginx,2.41%,2.797MiB / 15.33GiB,0.02%
1791611134,00:45:34,taller5-minio,7.43%,112.4MiB / 15.33GiB,0.72%
1791611138,00:45:38,taller5-api-3,45.17%,329.2MiB / 1GiB,32.15%
1791611138,00:45:38,taller5-api-2,44.32%,325.8MiB / 1GiB,31.82%
1791611138,00:45:38,taller5-api-1,43.65%,305.5MiB / 1GiB,29.84%
1791611138,00:45:38,taller5-mlflow,1.66%,2.272GiB / 15.33GiB,14.82%
1791611138,00:45:38,taller5-postgres-mlflow,0.00%,45.11MiB / 15.33GiB,0.29%
1791611138,00:45:38,taller5-nginx,2.39%,2.773MiB / 15.33GiB,0.02%
1791611138,00:45:38,taller5-minio,0.04%,112.4MiB / 15.33GiB,0.72%
1791611142,00:45:42,taller5-api-3,45.41%,329.2MiB / 1GiB,32.15%
1791611142,00:45:42,taller5-api-2,48.20%,325.8MiB / 1GiB,31.82%
1791611142,00:45:42,taller5-api-1,49.08%,305.5MiB / 1GiB,29.84%
1791611142,00:45:42,taller5-mlflow,1.65%,2.272GiB / 15.33GiB,14.82%
1791611142,00:45:42,taller5-postgres-mlflow,0.00%,45.11MiB / 15.33GiB,0.29%
1791611142,00:45:42,taller5-nginx,2.37%,2.777MiB / 15.33GiB,0.02%
1791611142,00:45:42,taller5-minio,0.00%,112.4MiB / 15.33GiB,0.72%
1791611147,00:45:47,taller5-api-3,48.09%,329.2MiB / 1GiB,32.15%
1791611147,00:45:47,taller5-api-2,60.46%,325.9MiB / 1GiB,31.82%
1791611147,00:45:47,taller5-api-1,46.39%,305.5MiB / 1GiB,29.84%
1791611147,00:45:47,taller5-mlflow,1.64%,2.272GiB / 15.33GiB,14.82%
1791611147,00:45:47,taller5-postgres-mlflow,8.27%,45.11MiB / 15.33GiB,0.29%
1791611147,00:45:47,taller5-nginx,2.42%,2.742MiB / 15.33GiB,0.02%
1791611147,00:45:47,taller5-minio,0.02%,112.4MiB / 15.33GiB,0.72%
1791611151,00:45:51,taller5-api-3,51.24%,329.2MiB / 1GiB,32.15%
1791611151,00:45:51,taller5-api-2,37.04%,325.9MiB / 1GiB,31.82%
1791611151,00:45:51,taller5-api-1,38.44%,305.5MiB / 1GiB,29.83%
1791611151,00:45:51,taller5-mlflow,2.21%,2.272GiB / 15.33GiB,14.82%
1791611151,00:45:51,taller5-postgres-mlflow,0.00%,45.11MiB / 15.33GiB,0.29%
1791611151,00:45:51,taller5-nginx,2.03%,3.039MiB / 15.33GiB,0.02%
1791611151,00:45:51,taller5-minio,0.03%,112.4MiB / 15.33GiB,0.72%
1791611155,00:45:55,taller5-api-3,53.17%,329.2MiB / 1GiB,32.15%
1791611155,00:45:55,taller5-api-2,52.82%,325.7MiB / 1GiB,31.80%
1791611155,00:45:55,taller5-api-1,52.46%,305.5MiB / 1GiB,29.83%
1791611155,00:45:55,taller5-mlflow,1.64%,2.272GiB / 15.33GiB,14.82%
1791611155,00:45:55,taller5-postgres-mlflow,0.03%,45.11MiB / 15.33GiB,0.29%
1791611155,00:45:55,taller5-nginx,2.88%,2.816MiB / 15.33GiB,0.02%
1791611155,00:45:55,taller5-minio,7.89%,112.4MiB / 15.33GiB,0.72%
1791611159,00:45:59,taller5-api-3,49.32%,329.2MiB / 1GiB,32.15%
1791611159,00:45:59,taller5-api-2,53.76%,325.7MiB / 1GiB,31.81%
1791611159,00:45:59,taller5-api-1,48.69%,305.5MiB / 1GiB,29.83%
1791611159,00:45:59,taller5-mlflow,14.18%,2.272GiB / 15.33GiB,14.82%
1791611159,00:45:59,taller5-postgres-mlflow,0.00%,45.11MiB / 15.33GiB,0.29%
1791611159,00:45:59,taller5-nginx,2.63%,2.773MiB / 15.33GiB,0.02%
1791611159,00:45:59,taller5-minio,0.06%,112.4MiB / 15.33GiB,0.72%
1791611163,00:46:03,taller5-api-3,51.32%,329.2MiB / 1GiB,32.15%
1791611163,00:46:03,taller5-api-2,49.54%,325.7MiB / 1GiB,31.81%
1791611163,00:46:03,taller5-api-1,47.72%,305.5MiB / 1GiB,29.83%
1791611163,00:46:03,taller5-mlflow,1.77%,2.272GiB / 15.33GiB,14.82%
1791611163,00:46:03,taller5-postgres-mlflow,0.00%,45.11MiB / 15.33GiB,0.29%
1791611163,00:46:03,taller5-nginx,2.85%,3.008MiB / 15.33GiB,0.02%
1791611163,00:46:03,taller5-minio,0.08%,112.4MiB / 15.33GiB,0.72%
1791611167,00:46:07,taller5-api-3,37.78%,329.2MiB / 1GiB,32.15%
1791611167,00:46:07,taller5-api-2,53.48%,325.7MiB / 1GiB,31.81%
1791611167,00:46:07,taller5-api-1,54.24%,305.5MiB / 1GiB,29.83%
1791611167,00:46:07,taller5-mlflow,1.71%,2.272GiB / 15.33GiB,14.82%
1791611167,00:46:07,taller5-postgres-mlflow,0.00%,45.11MiB / 15.33GiB,0.29%
1791611167,00:46:07,taller5-nginx,2.27%,2.746MiB / 15.33GiB,0.02%
1791611167,00:46:07,taller5-minio,0.04%,112.4MiB / 15.33GiB,0.72%
1791611171,00:46:11,taller5-api-3,62.72%,329.2MiB / 1GiB,32.15%
1791611171,00:46:11,taller5-api-2,45.21%,325.7MiB / 1GiB,31.81%
1791611171,00:46:11,taller5-api-1,46.55%,305.5MiB / 1GiB,29.83%
1791611171,00:46:11,taller5-mlflow,2.06%,2.272GiB / 15.33GiB,14.82%
1791611171,00:46:11,taller5-postgres-mlflow,0.00%,45.11MiB / 15.33GiB,0.29%
1791611171,00:46:11,taller5-nginx,2.50%,2.785MiB / 15.33GiB,0.02%
1791611171,00:46:11,taller5-minio,0.03%,112.4MiB / 15.33GiB,0.72%
1791611175,00:46:15,taller5-api-3,45.68%,329.2MiB / 1GiB,32.15%
1791611175,00:46:15,taller5-api-2,49.67%,325.7MiB / 1GiB,31.81%
1791611175,00:46:15,taller5-api-1,47.03%,305.8MiB / 1GiB,29.86%
1791611175,00:46:15,taller5-mlflow,1.79%,2.272GiB / 15.33GiB,14.82%
1791611175,00:46:15,taller5-postgres-mlflow,0.79%,45.11MiB / 15.33GiB,0.29%
1791611175,00:46:15,taller5-nginx,2.67%,2.75MiB / 15.33GiB,0.02%
1791611175,00:46:15,taller5-minio,0.04%,112.4MiB / 15.33GiB,0.72%
1791611180,00:46:20,taller5-api-3,44.58%,329.2MiB / 1GiB,32.15%
1791611180,00:46:20,taller5-api-2,48.71%,325.7MiB / 1GiB,31.81%
1791611180,00:46:20,taller5-api-1,43.91%,305.5MiB / 1GiB,29.84%
1791611180,00:46:20,taller5-mlflow,1.96%,2.272GiB / 15.33GiB,14.82%
1791611180,00:46:20,taller5-postgres-mlflow,0.00%,45.11MiB / 15.33GiB,0.29%
1791611180,00:46:20,taller5-nginx,2.42%,2.855MiB / 15.33GiB,0.02%
1791611180,00:46:20,taller5-minio,0.12%,112.4MiB / 15.33GiB,0.72%
1791611184,00:46:24,taller5-api-3,48.63%,329.2MiB / 1GiB,32.15%
1791611184,00:46:24,taller5-api-2,44.19%,325.7MiB / 1GiB,31.81%
1791611184,00:46:24,taller5-api-1,60.96%,305.5MiB / 1GiB,29.84%
1791611184,00:46:24,taller5-mlflow,1.69%,2.272GiB / 15.33GiB,14.82%
1791611184,00:46:24,taller5-postgres-mlflow,0.00%,45.11MiB / 15.33GiB,0.29%
1791611184,00:46:24,taller5-nginx,2.73%,3.055MiB / 15.33GiB,0.02%
1791611184,00:46:24,taller5-minio,0.04%,112.4MiB / 15.33GiB,0.72%
1791611188,00:46:28,taller5-api-3,44.35%,329.3MiB / 1GiB,32.16%
1791611188,00:46:28,taller5-api-2,65.10%,325.8MiB / 1GiB,31.81%
1791611188,00:46:28,taller5-api-1,44.67%,305.5MiB / 1GiB,29.83%
1791611188,00:46:28,taller5-mlflow,1.59%,2.272GiB / 15.33GiB,14.82%
1791611188,00:46:28,taller5-postgres-mlflow,0.00%,45.11MiB / 15.33GiB,0.29%
1791611188,00:46:28,taller5-nginx,2.51%,2.766MiB / 15.33GiB,0.02%
1791611188,00:46:28,taller5-minio,0.03%,112.4MiB / 15.33GiB,0.72%
1791611192,00:46:32,taller5-api-3,63.59%,329.3MiB / 1GiB,32.16%
1791611192,00:46:32,taller5-api-2,48.89%,325.8MiB / 1GiB,31.81%
1791611192,00:46:32,taller5-api-1,49.41%,305.5MiB / 1GiB,29.83%
1791611192,00:46:32,taller5-mlflow,1.85%,2.272GiB / 15.33GiB,14.82%
1791611192,00:46:32,taller5-postgres-mlflow,0.00%,45.11MiB / 15.33GiB,0.29%
1791611192,00:46:32,taller5-nginx,2.93%,2.801MiB / 15.33GiB,0.02%
1791611192,00:46:32,taller5-minio,0.05%,112.4MiB / 15.33GiB,0.72%
1791611196,00:46:36,taller5-api-3,50.55%,329.4MiB / 1GiB,32.17%
1791611196,00:46:36,taller5-api-2,49.11%,325.8MiB / 1GiB,31.82%
1791611196,00:46:36,taller5-api-1,47.20%,305.5MiB / 1GiB,29.84%
1791611196,00:46:36,taller5-mlflow,1.82%,2.272GiB / 15.33GiB,14.82%
1791611196,00:46:36,taller5-postgres-mlflow,0.95%,45.11MiB / 15.33GiB,0.29%
1791611196,00:46:36,taller5-nginx,2.66%,3.02MiB / 15.33GiB,0.02%
1791611196,00:46:36,taller5-minio,7.24%,112.4MiB / 15.33GiB,0.72%
1791611200,00:46:40,taller5-api-3,45.86%,329.4MiB / 1GiB,32.17%
1791611200,00:46:40,taller5-api-2,49.14%,325.8MiB / 1GiB,31.82%
1791611200,00:46:40,taller5-api-1,45.82%,305.5MiB / 1GiB,29.84%
1791611200,00:46:40,taller5-mlflow,1.73%,2.272GiB / 15.33GiB,14.82%
1791611200,00:46:40,taller5-postgres-mlflow,0.00%,45.11MiB / 15.33GiB,0.29%
1791611200,00:46:40,taller5-nginx,2.64%,2.738MiB / 15.33GiB,0.02%
1791611200,00:46:40,taller5-minio,0.04%,112.4MiB / 15.33GiB,0.72%
1791611204,00:46:44,taller5-api-3,41.93%,329.4MiB / 1GiB,32.17%
1791611204,00:46:44,taller5-api-2,43.01%,325.8MiB / 1GiB,31.82%
1791611204,00:46:44,taller5-api-1,40.29%,305.5MiB / 1GiB,29.84%
1791611204,00:46:44,taller5-mlflow,15.12%,2.272GiB / 15.33GiB,14.82%
1791611204,00:46:44,taller5-postgres-mlflow,0.00%,45.11MiB / 15.33GiB,0.29%
1791611204,00:46:44,taller5-nginx,2.23%,2.82MiB / 15.33GiB,0.02%
1791611204,00:46:44,taller5-minio,0.05%,112.4MiB / 15.33GiB,0.72%
1791611208,00:46:48,taller5-api-3,44.79%,329.4MiB / 1GiB,32.17%
1791611208,00:46:48,taller5-api-2,56.49%,325.7MiB / 1GiB,31.81%
1791611208,00:46:48,taller5-api-1,41.07%,305.5MiB / 1GiB,29.84%
1791611208,00:46:48,taller5-mlflow,1.75%,2.272GiB / 15.33GiB,14.82%
1791611208,00:46:48,taller5-postgres-mlflow,0.00%,45.11MiB / 15.33GiB,0.29%
1791611208,00:46:48,taller5-nginx,2.45%,2.762MiB / 15.33GiB,0.02%
1791611208,00:46:48,taller5-minio,0.06%,112.4MiB / 15.33GiB,0.72%
1791611213,00:46:53,taller5-api-3,65.23%,329.4MiB / 1GiB,32.17%
1791611213,00:46:53,taller5-api-2,49.44%,325.8MiB / 1GiB,31.81%
1791611213,00:46:53,taller5-api-1,49.46%,312.7MiB / 1GiB,30.54%
1791611213,00:46:53,taller5-mlflow,1.60%,2.272GiB / 15.33GiB,14.82%
1791611213,00:46:53,taller5-postgres-mlflow,0.00%,45.11MiB / 15.33GiB,0.29%
1791611213,00:46:53,taller5-nginx,2.53%,2.75MiB / 15.33GiB,0.02%
1791611213,00:46:53,taller5-minio,0.00%,112.4MiB / 15.33GiB,0.72%
1791611217,00:46:57,taller5-api-3,46.15%,329.4MiB / 1GiB,32.17%
1791611217,00:46:57,taller5-api-2,50.20%,325.8MiB / 1GiB,31.82%
1791611217,00:46:57,taller5-api-1,46.21%,305.5MiB / 1GiB,29.84%
1791611217,00:46:57,taller5-mlflow,1.53%,2.272GiB / 15.33GiB,14.82%
1791611217,00:46:57,taller5-postgres-mlflow,7.65%,45.11MiB / 15.33GiB,0.29%
1791611217,00:46:57,taller5-nginx,2.32%,2.832MiB / 15.33GiB,0.02%
1791611217,00:46:57,taller5-minio,0.04%,112.4MiB / 15.33GiB,0.72%
1791611221,00:47:01,taller5-api-3,47.07%,329.4MiB / 1GiB,32.17%
1791611221,00:47:01,taller5-api-2,49.25%,325.8MiB / 1GiB,31.82%
1791611221,00:47:01,taller5-api-1,45.45%,305.5MiB / 1GiB,29.83%
1791611221,00:47:01,taller5-mlflow,2.52%,2.272GiB / 15.33GiB,14.82%
1791611221,00:47:01,taller5-postgres-mlflow,0.04%,45.11MiB / 15.33GiB,0.29%
1791611221,00:47:01,taller5-nginx,2.32%,2.73MiB / 15.33GiB,0.02%
1791611221,00:47:01,taller5-minio,0.03%,112.4MiB / 15.33GiB,0.72%
1791611225,00:47:05,taller5-api-3,50.24%,329.5MiB / 1GiB,32.18%
1791611225,00:47:05,taller5-api-2,48.69%,325.8MiB / 1GiB,31.82%
1791611225,00:47:05,taller5-api-1,43.88%,305.5MiB / 1GiB,29.84%
1791611225,00:47:05,taller5-mlflow,1.76%,2.272GiB / 15.33GiB,14.82%
1791611225,00:47:05,taller5-postgres-mlflow,0.00%,45.11MiB / 15.33GiB,0.29%
1791611225,00:47:05,taller5-nginx,2.69%,2.746MiB / 15.33GiB,0.02%
1791611225,00:47:05,taller5-minio,0.13%,112.4MiB / 15.33GiB,0.72%
1791611229,00:47:09,taller5-api-3,48.71%,329.5MiB / 1GiB,32.18%
1791611229,00:47:09,taller5-api-2,56.82%,325.8MiB / 1GiB,31.82%
1791611229,00:47:09,taller5-api-1,48.25%,305.5MiB / 1GiB,29.84%
1791611229,00:47:09,taller5-mlflow,1.78%,2.272GiB / 15.33GiB,14.82%
1791611229,00:47:09,taller5-postgres-mlflow,0.00%,45.11MiB / 15.33GiB,0.29%
1791611229,00:47:09,taller5-nginx,2.84%,2.766MiB / 15.33GiB,0.02%
1791611229,00:47:09,taller5-minio,0.00%,112.4MiB / 15.33GiB,0.72%
1791611233,00:47:13,taller5-api-3,58.66%,337.8MiB / 1GiB,32.99%
1791611233,00:47:13,taller5-api-2,32.00%,325.8MiB / 1GiB,31.82%
1791611233,00:47:13,taller5-api-1,46.43%,305.5MiB / 1GiB,29.84%
1791611233,00:47:13,taller5-mlflow,1.98%,2.272GiB / 15.33GiB,14.82%
1791611233,00:47:13,taller5-postgres-mlflow,0.00%,45.11MiB / 15.33GiB,0.29%
1791611233,00:47:13,taller5-nginx,2.12%,2.406MiB / 15.33GiB,0.02%
1791611233,00:47:13,taller5-minio,0.06%,112.4MiB / 15.33GiB,0.72%
1791611237,00:47:17,taller5-api-3,0.24%,329.5MiB / 1GiB,32.18%
1791611237,00:47:17,taller5-api-2,0.21%,325.8MiB / 1GiB,31.82%
1791611237,00:47:17,taller5-api-1,0.20%,305.5MiB / 1GiB,29.84%
1791611237,00:47:17,taller5-mlflow,2.12%,2.272GiB / 15.33GiB,14.82%
1791611237,00:47:17,taller5-postgres-mlflow,7.45%,45.11MiB / 15.33GiB,0.29%
1791611237,00:47:17,taller5-nginx,0.05%,2.383MiB / 15.33GiB,0.02%
1791611237,00:47:17,taller5-minio,0.00%,112.4MiB / 15.33GiB,0.72%
1791611242,00:47:22,taller5-api-3,0.21%,329.5MiB / 1GiB,32.18%
1791611242,00:47:22,taller5-api-2,0.20%,325.8MiB / 1GiB,31.81%
1791611242,00:47:22,taller5-api-1,0.14%,305.5MiB / 1GiB,29.84%
1791611242,00:47:22,taller5-mlflow,2.42%,2.272GiB / 15.33GiB,14.82%
1791611242,00:47:22,taller5-postgres-mlflow,0.00%,45.11MiB / 15.33GiB,0.29%
1791611242,00:47:22,taller5-nginx,0.00%,2.355MiB / 15.33GiB,0.02%
1791611242,00:47:22,taller5-minio,0.02%,112.3MiB / 15.33GiB,0.72%
1791611246,00:47:26,taller5-api-3,0.19%,329.3MiB / 1GiB,32.16%
1791611246,00:47:26,taller5-api-2,0.19%,325.8MiB / 1GiB,31.81%
1791611246,00:47:26,taller5-api-1,0.17%,305.4MiB / 1GiB,29.82%
1791611246,00:47:26,taller5-mlflow,2.00%,2.272GiB / 15.33GiB,14.82%
1791611246,00:47:26,taller5-postgres-mlflow,0.00%,45.11MiB / 15.33GiB,0.29%
1791611246,00:47:26,taller5-nginx,0.00%,2.355MiB / 15.33GiB,0.02%
1791611246,00:47:26,taller5-minio,0.07%,112.3MiB / 15.33GiB,0.72%
1791611250,00:47:30,taller5-api-3,0.22%,329.3MiB / 1GiB,32.16%
1791611250,00:47:30,taller5-api-2,0.19%,325.6MiB / 1GiB,31.80%
1791611250,00:47:30,taller5-api-1,0.19%,305.4MiB / 1GiB,29.82%
1791611250,00:47:30,taller5-mlflow,15.71%,2.272GiB / 15.33GiB,14.82%
1791611250,00:47:30,taller5-postgres-mlflow,0.00%,45.11MiB / 15.33GiB,0.29%
1791611250,00:47:30,taller5-nginx,0.00%,2.355MiB / 15.33GiB,0.02%
1791611250,00:47:30,taller5-minio,0.03%,112.3MiB / 15.33GiB,0.72%
1791611254,00:47:34,taller5-api-3,0.18%,329.2MiB / 1GiB,32.15%
1791611254,00:47:34,taller5-api-2,0.16%,325.6MiB / 1GiB,31.80%
1791611254,00:47:34,taller5-api-1,12.70%,305.4MiB / 1GiB,29.82%
1791611254,00:47:34,taller5-mlflow,1.96%,2.272GiB / 15.33GiB,14.82%
1791611254,00:47:34,taller5-postgres-mlflow,0.00%,45.11MiB / 15.33GiB,0.29%
1791611254,00:47:34,taller5-nginx,0.00%,2.355MiB / 15.33GiB,0.02%
1791611254,00:47:34,taller5-minio,5.35%,112.3MiB / 15.33GiB,0.72%
1791611258,00:47:38,taller5-api-3,0.21%,329.2MiB / 1GiB,32.15%
1791611258,00:47:38,taller5-api-2,0.18%,325.6MiB / 1GiB,31.80%
1791611258,00:47:38,taller5-api-1,0.23%,305.4MiB / 1GiB,29.82%
1791611258,00:47:38,taller5-mlflow,2.12%,2.272GiB / 15.33GiB,14.82%
1791611258,00:47:38,taller5-postgres-mlflow,0.00%,45.11MiB / 15.33GiB,0.29%
1791611258,00:47:38,taller5-nginx,0.00%,2.355MiB / 15.33GiB,0.02%
1791611258,00:47:38,taller5-minio,0.06%,112.3MiB / 15.33GiB,0.72%
1791611262,00:47:42,taller5-api-3,0.20%,329.2MiB / 1GiB,32.15%
1791611262,00:47:42,taller5-api-2,0.19%,325.6MiB / 1GiB,31.80%
1791611262,00:47:42,taller5-api-1,0.17%,305.4MiB / 1GiB,29.82%
1791611262,00:47:42,taller5-mlflow,2.09%,2.272GiB / 15.33GiB,14.82%
1791611262,00:47:42,taller5-postgres-mlflow,0.00%,45.11MiB / 15.33GiB,0.29%
1791611262,00:47:42,taller5-nginx,0.00%,2.355MiB / 15.33GiB,0.02%
1791611262,00:47:42,taller5-minio,0.06%,112.3MiB / 15.33GiB,0.72%
1791611266,00:47:46,taller5-api-3,0.19%,329.2MiB / 1GiB,32.15%
1791611266,00:47:46,taller5-api-2,0.18%,325.6MiB / 1GiB,31.80%
1791611266,00:47:46,taller5-api-1,0.17%,305.4MiB / 1GiB,29.82%
1791611266,00:47:46,taller5-mlflow,2.14%,2.272GiB / 15.33GiB,14.82%
1791611266,00:47:46,taller5-postgres-mlflow,0.00%,45.11MiB / 15.33GiB,0.29%
1791611266,00:47:46,taller5-nginx,0.00%,2.355MiB / 15.33GiB,0.02%
1791611266,00:47:46,taller5-minio,8.30%,112.4MiB / 15.33GiB,0.72%
1791611270,00:47:50,taller5-api-3,11.59%,329.4MiB / 1GiB,32.16%
1791611270,00:47:50,taller5-api-2,13.75%,326MiB / 1GiB,31.83%
1791611270,00:47:50,taller5-api-1,14.53%,305.7MiB / 1GiB,29.85%
1791611270,00:47:50,taller5-mlflow,2.13%,2.272GiB / 15.33GiB,14.82%
1791611270,00:47:50,taller5-postgres-mlflow,0.00%,45.11MiB / 15.33GiB,0.29%
1791611270,00:47:50,taller5-nginx,0.62%,2.484MiB / 15.33GiB,0.02%
1791611270,00:47:50,taller5-minio,0.04%,112.3MiB / 15.33GiB,0.72%
1791611275,00:47:55,taller5-api-3,42.63%,329.7MiB / 1GiB,32.20%
1791611275,00:47:55,taller5-api-2,42.73%,326.3MiB / 1GiB,31.86%
1791611275,00:47:55,taller5-api-1,49.40%,306MiB / 1GiB,29.88%
1791611275,00:47:55,taller5-mlflow,1.77%,2.272GiB / 15.33GiB,14.82%
1791611275,00:47:55,taller5-postgres-mlflow,0.00%,45.11MiB / 15.33GiB,0.29%
1791611275,00:47:55,taller5-nginx,1.99%,2.793MiB / 15.33GiB,0.02%
1791611275,00:47:55,taller5-minio,0.02%,112.3MiB / 15.33GiB,0.72%
1791611279,00:47:59,taller5-api-3,62.79%,329.8MiB / 1GiB,32.21%
1791611279,00:47:59,taller5-api-2,66.15%,334MiB / 1GiB,32.62%
1791611279,00:47:59,taller5-api-1,65.63%,306.3MiB / 1GiB,29.91%
1791611279,00:47:59,taller5-mlflow,2.04%,2.272GiB / 15.33GiB,14.82%
1791611279,00:47:59,taller5-postgres-mlflow,0.03%,45.11MiB / 15.33GiB,0.29%
1791611279,00:47:59,taller5-nginx,2.57%,3.254MiB / 15.33GiB,0.02%
1791611279,00:47:59,taller5-minio,0.00%,112.3MiB / 15.33GiB,0.72%
1791611283,00:48:03,taller5-api-3,67.98%,330MiB / 1GiB,32.23%
1791611283,00:48:03,taller5-api-2,63.74%,326.8MiB / 1GiB,31.91%
1791611283,00:48:03,taller5-api-1,55.44%,306.4MiB / 1GiB,29.92%
1791611283,00:48:03,taller5-mlflow,1.68%,2.272GiB / 15.33GiB,14.82%
1791611283,00:48:03,taller5-postgres-mlflow,0.00%,45.11MiB / 15.33GiB,0.29%
1791611283,00:48:03,taller5-nginx,2.97%,3.062MiB / 15.33GiB,0.02%
1791611283,00:48:03,taller5-minio,0.08%,112.3MiB / 15.33GiB,0.72%
1791611287,00:48:07,taller5-api-3,70.17%,330MiB / 1GiB,32.23%
1791611287,00:48:07,taller5-api-2,69.76%,326.8MiB / 1GiB,31.92%
1791611287,00:48:07,taller5-api-1,67.90%,306.5MiB / 1GiB,29.93%
1791611287,00:48:07,taller5-mlflow,1.47%,2.272GiB / 15.33GiB,14.82%
1791611287,00:48:07,taller5-postgres-mlflow,0.00%,45.11MiB / 15.33GiB,0.29%
1791611287,00:48:07,taller5-nginx,3.14%,2.918MiB / 15.33GiB,0.02%
1791611287,00:48:07,taller5-minio,7.14%,112.3MiB / 15.33GiB,0.72%
1791611291,00:48:11,taller5-api-3,66.05%,329.7MiB / 1GiB,32.19%
1791611291,00:48:11,taller5-api-2,63.36%,326.6MiB / 1GiB,31.90%
1791611291,00:48:11,taller5-api-1,66.18%,306.6MiB / 1GiB,29.94%
1791611291,00:48:11,taller5-mlflow,1.96%,2.272GiB / 15.33GiB,14.82%
1791611291,00:48:11,taller5-postgres-mlflow,0.00%,45.11MiB / 15.33GiB,0.29%
1791611291,00:48:11,taller5-nginx,3.40%,2.965MiB / 15.33GiB,0.02%
1791611291,00:48:11,taller5-minio,0.03%,112.3MiB / 15.33GiB,0.72%
1791611295,00:48:15,taller5-api-3,63.16%,329.7MiB / 1GiB,32.20%
1791611295,00:48:15,taller5-api-2,60.46%,326.4MiB / 1GiB,31.87%
1791611295,00:48:15,taller5-api-1,56.84%,306.1MiB / 1GiB,29.89%
1791611295,00:48:15,taller5-mlflow,14.15%,2.272GiB / 15.33GiB,14.82%
1791611295,00:48:15,taller5-postgres-mlflow,0.00%,45.11MiB / 15.33GiB,0.29%
1791611295,00:48:15,taller5-nginx,2.93%,2.93MiB / 15.33GiB,0.02%
1791611295,00:48:15,taller5-minio,0.02%,112.3MiB / 15.33GiB,0.72%
1791611299,00:48:19,taller5-api-3,62.46%,329.7MiB / 1GiB,32.20%
1791611299,00:48:19,taller5-api-2,74.21%,336.7MiB / 1GiB,32.88%
1791611299,00:48:19,taller5-api-1,63.15%,306MiB / 1GiB,29.88%
1791611299,00:48:19,taller5-mlflow,1.38%,2.272GiB / 15.33GiB,14.82%
1791611299,00:48:19,taller5-postgres-mlflow,0.00%,45.11MiB / 15.33GiB,0.29%
1791611299,00:48:19,taller5-nginx,3.07%,3.562MiB / 15.33GiB,0.02%
1791611299,00:48:19,taller5-minio,0.07%,112.3MiB / 15.33GiB,0.72%
1791611304,00:48:24,taller5-api-3,73.70%,335.9MiB / 1GiB,32.81%
1791611304,00:48:24,taller5-api-2,63.44%,326.5MiB / 1GiB,31.89%
1791611304,00:48:24,taller5-api-1,63.18%,306MiB / 1GiB,29.88%
1791611304,00:48:24,taller5-mlflow,1.63%,2.272GiB / 15.33GiB,14.82%
1791611304,00:48:24,taller5-postgres-mlflow,0.00%,45.11MiB / 15.33GiB,0.29%
1791611304,00:48:24,taller5-nginx,3.17%,2.961MiB / 15.33GiB,0.02%
1791611304,00:48:24,taller5-minio,0.03%,112.3MiB / 15.33GiB,0.72%
1791611308,00:48:28,taller5-api-3,60.78%,329.9MiB / 1GiB,32.22%
1791611308,00:48:28,taller5-api-2,63.80%,326.5MiB / 1GiB,31.89%
1791611308,00:48:28,taller5-api-1,59.35%,306MiB / 1GiB,29.88%
1791611308,00:48:28,taller5-mlflow,1.58%,2.272GiB / 15.33GiB,14.82%
1791611308,00:48:28,taller5-postgres-mlflow,7.21%,45.11MiB / 15.33GiB,0.29%
1791611308,00:48:28,taller5-nginx,2.74%,3.059MiB / 15.33GiB,0.02%
1791611308,00:48:28,taller5-minio,0.03%,112.3MiB / 15.33GiB,0.72%
1791611312,00:48:32,taller5-api-3,60.21%,330.1MiB / 1GiB,32.24%
1791611312,00:48:32,taller5-api-2,61.11%,326.5MiB / 1GiB,31.88%
1791611312,00:48:32,taller5-api-1,58.87%,306.2MiB / 1GiB,29.90%
1791611312,00:48:32,taller5-mlflow,1.62%,2.272GiB / 15.33GiB,14.82%
1791611312,00:48:32,taller5-postgres-mlflow,0.00%,45.11MiB / 15.33GiB,0.29%
1791611312,00:48:32,taller5-nginx,2.94%,3.008MiB / 15.33GiB,0.02%
1791611312,00:48:32,taller5-minio,0.02%,112.3MiB / 15.33GiB,0.72%
1791611316,00:48:36,taller5-api-3,63.89%,329.9MiB / 1GiB,32.21%
1791611316,00:48:36,taller5-api-2,63.72%,326.4MiB / 1GiB,31.88%
1791611316,00:48:36,taller5-api-1,63.47%,305.9MiB / 1GiB,29.87%
1791611316,00:48:36,taller5-mlflow,1.58%,2.272GiB / 15.33GiB,14.82%
1791611316,00:48:36,taller5-postgres-mlflow,0.52%,45.11MiB / 15.33GiB,0.29%
1791611316,00:48:36,taller5-nginx,3.08%,2.91MiB / 15.33GiB,0.02%
1791611316,00:48:36,taller5-minio,0.03%,112.4MiB / 15.33GiB,0.72%
1791611320,00:48:40,taller5-api-3,60.63%,329.9MiB / 1GiB,32.21%
1791611320,00:48:40,taller5-api-2,74.29%,326.4MiB / 1GiB,31.87%
1791611320,00:48:40,taller5-api-1,58.10%,306MiB / 1GiB,29.89%
1791611320,00:48:40,taller5-mlflow,1.54%,2.272GiB / 15.33GiB,14.82%
1791611320,00:48:40,taller5-postgres-mlflow,0.00%,45.11MiB / 15.33GiB,0.29%
1791611320,00:48:40,taller5-nginx,2.92%,2.977MiB / 15.33GiB,0.02%
1791611320,00:48:40,taller5-minio,0.04%,112.4MiB / 15.33GiB,0.72%
1791611324,00:48:44,taller5-api-3,70.35%,329.9MiB / 1GiB,32.22%
1791611324,00:48:44,taller5-api-2,54.62%,326.4MiB / 1GiB,31.87%
1791611324,00:48:44,taller5-api-1,49.43%,306MiB / 1GiB,29.89%
1791611324,00:48:44,taller5-mlflow,1.48%,2.272GiB / 15.33GiB,14.82%
1791611324,00:48:44,taller5-postgres-mlflow,0.00%,45.11MiB / 15.33GiB,0.29%
1791611324,00:48:44,taller5-nginx,2.75%,2.887MiB / 15.33GiB,0.02%
1791611324,00:48:44,taller5-minio,0.01%,112.4MiB / 15.33GiB,0.72%
1791611328,00:48:48,taller5-api-3,70.19%,330MiB / 1GiB,32.23%
1791611328,00:48:48,taller5-api-2,53.12%,326.5MiB / 1GiB,31.88%
1791611328,00:48:48,taller5-api-1,56.17%,306.1MiB / 1GiB,29.89%
1791611328,00:48:48,taller5-mlflow,1.54%,2.272GiB / 15.33GiB,14.82%
1791611328,00:48:48,taller5-postgres-mlflow,7.50%,45.11MiB / 15.33GiB,0.29%
1791611328,00:48:48,taller5-nginx,2.64%,3.035MiB / 15.33GiB,0.02%
1791611328,00:48:48,taller5-minio,0.03%,112.4MiB / 15.33GiB,0.72%
1791611333,00:48:53,taller5-api-3,54.27%,330MiB / 1GiB,32.23%
1791611333,00:48:53,taller5-api-2,58.19%,326.5MiB / 1GiB,31.88%
1791611333,00:48:53,taller5-api-1,53.84%,306.1MiB / 1GiB,29.89%
1791611333,00:48:53,taller5-mlflow,1.64%,2.272GiB / 15.33GiB,14.82%
1791611333,00:48:53,taller5-postgres-mlflow,0.01%,45.11MiB / 15.33GiB,0.29%
1791611333,00:48:53,taller5-nginx,2.67%,2.879MiB / 15.33GiB,0.02%
1791611333,00:48:53,taller5-minio,0.01%,112.4MiB / 15.33GiB,0.72%
1791611337,00:48:57,taller5-api-3,61.58%,330.1MiB / 1GiB,32.23%
1791611337,00:48:57,taller5-api-2,63.84%,326.3MiB / 1GiB,31.87%
1791611337,00:48:57,taller5-api-1,60.39%,306MiB / 1GiB,29.88%
1791611337,00:48:57,taller5-mlflow,2.33%,2.272GiB / 15.33GiB,14.82%
1791611337,00:48:57,taller5-postgres-mlflow,0.06%,45.11MiB / 15.33GiB,0.29%
1791611337,00:48:57,taller5-nginx,3.11%,3.086MiB / 15.33GiB,0.02%
1791611337,00:48:57,taller5-minio,7.73%,112.4MiB / 15.33GiB,0.72%
1791611341,00:49:01,taller5-api-3,58.44%,330.3MiB / 1GiB,32.26%
1791611341,00:49:01,taller5-api-2,70.69%,326.3MiB / 1GiB,31.87%
1791611341,00:49:01,taller5-api-1,59.51%,306MiB / 1GiB,29.89%
1791611341,00:49:01,taller5-mlflow,15.15%,2.272GiB / 15.33GiB,14.82%
1791611341,00:49:01,taller5-postgres-mlflow,0.00%,45.11MiB / 15.33GiB,0.29%
1791611341,00:49:01,taller5-nginx,2.88%,2.902MiB / 15.33GiB,0.02%
1791611341,00:49:01,taller5-minio,0.02%,112.4MiB / 15.33GiB,0.72%
1791611345,00:49:05,taller5-api-3,65.78%,330MiB / 1GiB,32.23%
1791611345,00:49:05,taller5-api-2,54.84%,326.3MiB / 1GiB,31.87%
1791611345,00:49:05,taller5-api-1,55.15%,306MiB / 1GiB,29.89%
1791611345,00:49:05,taller5-mlflow,1.54%,2.272GiB / 15.33GiB,14.82%
1791611345,00:49:05,taller5-postgres-mlflow,0.00%,45.11MiB / 15.33GiB,0.29%
1791611345,00:49:05,taller5-nginx,2.51%,2.988MiB / 15.33GiB,0.02%
1791611345,00:49:05,taller5-minio,0.06%,112.4MiB / 15.33GiB,0.72%
1791611349,00:49:09,taller5-api-3,54.79%,330MiB / 1GiB,32.23%
1791611349,00:49:09,taller5-api-2,55.48%,326.4MiB / 1GiB,31.87%
1791611349,00:49:09,taller5-api-1,51.79%,306MiB / 1GiB,29.89%
1791611349,00:49:09,taller5-mlflow,1.51%,2.272GiB / 15.33GiB,14.82%
1791611349,00:49:09,taller5-postgres-mlflow,2.73%,45.11MiB / 15.33GiB,0.29%
1791611349,00:49:09,taller5-nginx,3.00%,2.938MiB / 15.33GiB,0.02%
1791611349,00:49:09,taller5-minio,0.00%,112.4MiB / 15.33GiB,0.72%
1791611353,00:49:13,taller5-api-3,52.91%,329.9MiB / 1GiB,32.22%
1791611353,00:49:13,taller5-api-2,56.86%,326.4MiB / 1GiB,31.87%
1791611353,00:49:13,taller5-api-1,52.29%,306MiB / 1GiB,29.88%
1791611353,00:49:13,taller5-mlflow,1.64%,2.272GiB / 15.33GiB,14.82%
1791611353,00:49:13,taller5-postgres-mlflow,0.00%,45.11MiB / 15.33GiB,0.29%
1791611353,00:49:13,taller5-nginx,2.85%,2.895MiB / 15.33GiB,0.02%
1791611353,00:49:13,taller5-minio,0.00%,112.4MiB / 15.33GiB,0.72%
1791611357,00:49:17,taller5-api-3,53.11%,329.9MiB / 1GiB,32.22%
1791611357,00:49:17,taller5-api-2,53.48%,326.4MiB / 1GiB,31.87%
1791611357,00:49:17,taller5-api-1,76.65%,306MiB / 1GiB,29.88%
1791611357,00:49:17,taller5-mlflow,1.82%,2.272GiB / 15.33GiB,14.82%
1791611357,00:49:17,taller5-postgres-mlflow,0.00%,45.11MiB / 15.33GiB,0.29%
1791611357,00:49:17,taller5-nginx,2.80%,2.891MiB / 15.33GiB,0.02%
1791611357,00:49:17,taller5-minio,0.08%,112.4MiB / 15.33GiB,0.72%
1791611361,00:49:21,taller5-api-3,57.70%,330MiB / 1GiB,32.23%
1791611361,00:49:21,taller5-api-2,71.45%,326.4MiB / 1GiB,31.87%
1791611361,00:49:21,taller5-api-1,58.31%,306MiB / 1GiB,29.88%
1791611361,00:49:21,taller5-mlflow,1.95%,2.272GiB / 15.33GiB,14.82%
1791611361,00:49:21,taller5-postgres-mlflow,0.00%,45.11MiB / 15.33GiB,0.29%
1791611361,00:49:21,taller5-nginx,3.05%,2.906MiB / 15.33GiB,0.02%
1791611361,00:49:21,taller5-minio,0.00%,112.4MiB / 15.33GiB,0.72%
1791611366,00:49:26,taller5-api-3,71.19%,330MiB / 1GiB,32.23%
1791611366,00:49:26,taller5-api-2,57.28%,326.4MiB / 1GiB,31.88%
1791611366,00:49:26,taller5-api-1,57.84%,306.1MiB / 1GiB,29.89%
1791611366,00:49:26,taller5-mlflow,1.66%,2.272GiB / 15.33GiB,14.82%
1791611366,00:49:26,taller5-postgres-mlflow,0.00%,45.11MiB / 15.33GiB,0.29%
1791611366,00:49:26,taller5-nginx,3.17%,2.977MiB / 15.33GiB,0.02%
1791611366,00:49:26,taller5-minio,0.02%,112.4MiB / 15.33GiB,0.72%
1791611370,00:49:30,taller5-api-3,52.25%,330MiB / 1GiB,32.23%
1791611370,00:49:30,taller5-api-2,55.95%,326.4MiB / 1GiB,31.87%
1791611370,00:49:30,taller5-api-1,53.83%,306.1MiB / 1GiB,29.89%
1791611370,00:49:30,taller5-mlflow,1.78%,2.272GiB / 15.33GiB,14.82%
1791611370,00:49:30,taller5-postgres-mlflow,0.00%,45.11MiB / 15.33GiB,0.29%
1791611370,00:49:30,taller5-nginx,2.78%,2.98MiB / 15.33GiB,0.02%
1791611370,00:49:30,taller5-minio,0.02%,112.4MiB / 15.33GiB,0.72%
1791611374,00:49:34,taller5-api-3,65.73%,330MiB / 1GiB,32.22%
1791611374,00:49:34,taller5-api-2,66.43%,326.4MiB / 1GiB,31.87%
1791611374,00:49:34,taller5-api-1,66.68%,306.1MiB / 1GiB,29.89%
1791611374,00:49:34,taller5-mlflow,1.50%,2.272GiB / 15.33GiB,14.82%
1791611374,00:49:34,taller5-postgres-mlflow,0.00%,45.11MiB / 15.33GiB,0.29%
1791611374,00:49:34,taller5-nginx,3.08%,2.926MiB / 15.33GiB,0.02%
1791611374,00:49:34,taller5-minio,1.78%,112.4MiB / 15.33GiB,0.72%
1791611378,00:49:38,taller5-api-3,57.17%,330.2MiB / 1GiB,32.24%
1791611378,00:49:38,taller5-api-2,57.44%,326.4MiB / 1GiB,31.88%
1791611378,00:49:38,taller5-api-1,54.64%,306.1MiB / 1GiB,29.90%
1791611378,00:49:38,taller5-mlflow,1.51%,2.272GiB / 15.33GiB,14.82%
1791611378,00:49:38,taller5-postgres-mlflow,0.00%,45.11MiB / 15.33GiB,0.29%
1791611378,00:49:38,taller5-nginx,2.98%,2.984MiB / 15.33GiB,0.02%
1791611378,00:49:38,taller5-minio,0.00%,112.4MiB / 15.33GiB,0.72%
1791611382,00:49:42,taller5-api-3,57.25%,330.2MiB / 1GiB,32.24%
1791611382,00:49:42,taller5-api-2,71.67%,326.4MiB / 1GiB,31.88%
1791611382,00:49:42,taller5-api-1,57.23%,306.1MiB / 1GiB,29.90%
1791611382,00:49:42,taller5-mlflow,1.54%,2.272GiB / 15.33GiB,14.82%
1791611382,00:49:42,taller5-postgres-mlflow,0.00%,45.11MiB / 15.33GiB,0.29%
1791611382,00:49:42,taller5-nginx,2.89%,2.902MiB / 15.33GiB,0.02%
1791611382,00:49:42,taller5-minio,0.03%,112.4MiB / 15.33GiB,0.72%
1791611386,00:49:46,taller5-api-3,70.60%,330.2MiB / 1GiB,32.25%
1791611386,00:49:46,taller5-api-2,53.25%,326.4MiB / 1GiB,31.88%
1791611386,00:49:46,taller5-api-1,60.32%,310.4MiB / 1GiB,30.32%
1791611386,00:49:46,taller5-mlflow,14.48%,2.272GiB / 15.33GiB,14.82%
1791611386,00:49:46,taller5-postgres-mlflow,0.00%,45.11MiB / 15.33GiB,0.29%
1791611386,00:49:46,taller5-nginx,2.59%,2.918MiB / 15.33GiB,0.02%
1791611386,00:49:46,taller5-minio,0.03%,112.4MiB / 15.33GiB,0.72%
1791611390,00:49:50,taller5-api-3,57.81%,330.1MiB / 1GiB,32.23%
1791611390,00:49:50,taller5-api-2,58.18%,326.2MiB / 1GiB,31.85%
1791611390,00:49:50,taller5-api-1,57.34%,306MiB / 1GiB,29.88%
1791611390,00:49:50,taller5-mlflow,1.58%,2.272GiB / 15.33GiB,14.82%
1791611390,00:49:50,taller5-postgres-mlflow,0.00%,45.11MiB / 15.33GiB,0.29%
1791611390,00:49:50,taller5-nginx,2.89%,2.949MiB / 15.33GiB,0.02%
1791611390,00:49:50,taller5-minio,0.08%,112.4MiB / 15.33GiB,0.72%
1791611395,00:49:55,taller5-api-3,60.54%,330MiB / 1GiB,32.23%
1791611395,00:49:55,taller5-api-2,53.80%,326.2MiB / 1GiB,31.85%
1791611395,00:49:55,taller5-api-1,51.85%,306MiB / 1GiB,29.88%
1791611395,00:49:55,taller5-mlflow,2.45%,2.272GiB / 15.33GiB,14.82%
1791611395,00:49:55,taller5-postgres-mlflow,0.05%,45.11MiB / 15.33GiB,0.29%
1791611395,00:49:55,taller5-nginx,3.02%,2.859MiB / 15.33GiB,0.02%
1791611395,00:49:55,taller5-minio,0.02%,112.4MiB / 15.33GiB,0.72%
1791611399,00:49:59,taller5-api-3,66.08%,330MiB / 1GiB,32.23%
1791611399,00:49:59,taller5-api-2,64.65%,326.3MiB / 1GiB,31.86%
1791611399,00:49:59,taller5-api-1,64.74%,306MiB / 1GiB,29.88%
1791611399,00:49:59,taller5-mlflow,1.52%,2.272GiB / 15.33GiB,14.82%
1791611399,00:49:59,taller5-postgres-mlflow,7.93%,45.11MiB / 15.33GiB,0.29%
1791611399,00:49:59,taller5-nginx,3.20%,2.926MiB / 15.33GiB,0.02%
1791611399,00:49:59,taller5-minio,3.32%,112.4MiB / 15.33GiB,0.72%
1791611403,00:50:03,taller5-api-3,0.19%,330MiB / 1GiB,32.23%
1791611403,00:50:03,taller5-api-2,0.22%,326.3MiB / 1GiB,31.86%
1791611403,00:50:03,taller5-api-1,0.20%,306MiB / 1GiB,29.88%
1791611403,00:50:03,taller5-mlflow,2.12%,2.272GiB / 15.33GiB,14.82%
1791611403,00:50:03,taller5-postgres-mlflow,0.00%,45.11MiB / 15.33GiB,0.29%
1791611403,00:50:03,taller5-nginx,0.02%,2.406MiB / 15.33GiB,0.02%
1791611403,00:50:03,taller5-minio,0.00%,112.4MiB / 15.33GiB,0.72%
1791611407,00:50:07,taller5-api-3,7.13%,330MiB / 1GiB,32.23%
1791611407,00:50:07,taller5-api-2,0.17%,326.3MiB / 1GiB,31.86%
1791611407,00:50:07,taller5-api-1,12.43%,306MiB / 1GiB,29.88%
1791611407,00:50:07,taller5-mlflow,1.90%,2.272GiB / 15.33GiB,14.82%
1791611407,00:50:07,taller5-postgres-mlflow,0.00%,45.11MiB / 15.33GiB,0.29%
1791611407,00:50:07,taller5-nginx,0.00%,2.355MiB / 15.33GiB,0.02%
1791611407,00:50:07,taller5-minio,0.00%,112.4MiB / 15.33GiB,0.72%
1791611411,00:50:11,taller5-api-3,0.20%,330MiB / 1GiB,32.23%
1791611411,00:50:11,taller5-api-2,0.21%,326.3MiB / 1GiB,31.86%
1791611411,00:50:11,taller5-api-1,0.21%,306MiB / 1GiB,29.88%
1791611411,00:50:11,taller5-mlflow,2.93%,2.272GiB / 15.33GiB,14.82%
1791611411,00:50:11,taller5-postgres-mlflow,0.00%,45.11MiB / 15.33GiB,0.29%
1791611411,00:50:11,taller5-nginx,0.00%,2.355MiB / 15.33GiB,0.02%
1791611411,00:50:11,taller5-minio,0.00%,112.4MiB / 15.33GiB,0.72%
1791611415,00:50:15,taller5-api-3,0.17%,330MiB / 1GiB,32.23%
1791611415,00:50:15,taller5-api-2,0.16%,326MiB / 1GiB,31.84%
1791611415,00:50:15,taller5-api-1,0.20%,306MiB / 1GiB,29.88%
1791611415,00:50:15,taller5-mlflow,2.26%,2.272GiB / 15.33GiB,14.82%
1791611415,00:50:15,taller5-postgres-mlflow,0.00%,45.11MiB / 15.33GiB,0.29%
1791611415,00:50:15,taller5-nginx,0.00%,2.355MiB / 15.33GiB,0.02%
1791611415,00:50:15,taller5-minio,0.05%,112.4MiB / 15.33GiB,0.72%
1791611419,00:50:19,taller5-api-3,0.19%,329.8MiB / 1GiB,32.20%
1791611419,00:50:19,taller5-api-2,0.17%,326MiB / 1GiB,31.84%
1791611419,00:50:19,taller5-api-1,0.20%,305.8MiB / 1GiB,29.86%
1791611419,00:50:19,taller5-mlflow,1.90%,2.272GiB / 15.33GiB,14.82%
1791611419,00:50:19,taller5-postgres-mlflow,7.87%,45.11MiB / 15.33GiB,0.29%
1791611419,00:50:19,taller5-nginx,0.00%,2.355MiB / 15.33GiB,0.02%
1791611419,00:50:19,taller5-minio,0.08%,112.4MiB / 15.33GiB,0.72%
1791611423,00:50:23,taller5-api-3,0.19%,329.8MiB / 1GiB,32.20%
1791611423,00:50:23,taller5-api-2,0.16%,326MiB / 1GiB,31.84%
1791611423,00:50:23,taller5-api-1,0.21%,305.8MiB / 1GiB,29.86%
1791611423,00:50:23,taller5-mlflow,2.29%,2.272GiB / 15.33GiB,14.82%
1791611423,00:50:23,taller5-postgres-mlflow,0.00%,45.11MiB / 15.33GiB,0.29%
1791611423,00:50:23,taller5-nginx,0.00%,2.355MiB / 15.33GiB,0.02%
1791611423,00:50:23,taller5-minio,0.00%,112.4MiB / 15.33GiB,0.72%
1791611428,00:50:28,taller5-api-3,0.18%,329.8MiB / 1GiB,32.20%
1791611428,00:50:28,taller5-api-2,0.17%,326MiB / 1GiB,31.84%
1791611428,00:50:28,taller5-api-1,0.19%,305.8MiB / 1GiB,29.86%
1791611428,00:50:28,taller5-mlflow,2.13%,2.272GiB / 15.33GiB,14.82%
1791611428,00:50:28,taller5-postgres-mlflow,0.00%,45.11MiB / 15.33GiB,0.29%
1791611428,00:50:28,taller5-nginx,0.00%,2.355MiB / 15.33GiB,0.02%
1791611428,00:50:28,taller5-minio,0.05%,112.4MiB / 15.33GiB,0.72%
1791611432,00:50:32,taller5-api-3,0.20%,329.8MiB / 1GiB,32.20%
1791611432,00:50:32,taller5-api-2,0.20%,326MiB / 1GiB,31.84%
1791611432,00:50:32,taller5-api-1,0.16%,305.8MiB / 1GiB,29.86%
1791611432,00:50:32,taller5-mlflow,16.13%,2.272GiB / 15.33GiB,14.82%
1791611432,00:50:32,taller5-postgres-mlflow,0.00%,45.11MiB / 15.33GiB,0.29%
1791611432,00:50:32,taller5-nginx,0.00%,2.355MiB / 15.33GiB,0.02%
1791611432,00:50:32,taller5-minio,0.05%,112.4MiB / 15.33GiB,0.72%
1791611436,00:50:36,taller5-api-3,9.61%,330MiB / 1GiB,32.23%
1791611436,00:50:36,taller5-api-2,12.00%,326.2MiB / 1GiB,31.86%
1791611436,00:50:36,taller5-api-1,12.29%,306.1MiB / 1GiB,29.89%
1791611436,00:50:36,taller5-mlflow,1.97%,2.272GiB / 15.33GiB,14.82%
1791611436,00:50:36,taller5-postgres-mlflow,0.59%,45.11MiB / 15.33GiB,0.29%
1791611436,00:50:36,taller5-nginx,0.00%,2.355MiB / 15.33GiB,0.02%
1791611436,00:50:36,taller5-minio,0.00%,112.4MiB / 15.33GiB,0.72%
1791611440,00:50:40,taller5-api-3,36.36%,330.2MiB / 1GiB,32.25%
1791611440,00:50:40,taller5-api-2,37.82%,326.6MiB / 1GiB,31.89%
1791611440,00:50:40,taller5-api-1,34.78%,306.3MiB / 1GiB,29.92%
1791611440,00:50:40,taller5-mlflow,1.71%,2.272GiB / 15.33GiB,14.82%
1791611440,00:50:40,taller5-postgres-mlflow,7.90%,45.11MiB / 15.33GiB,0.29%
1791611440,00:50:40,taller5-nginx,1.80%,2.949MiB / 15.33GiB,0.02%
1791611440,00:50:40,taller5-minio,0.06%,112.4MiB / 15.33GiB,0.72%
1791611444,00:50:44,taller5-api-3,58.10%,330.6MiB / 1GiB,32.29%
1791611444,00:50:44,taller5-api-2,57.75%,326.9MiB / 1GiB,31.92%
1791611444,00:50:44,taller5-api-1,59.43%,306.8MiB / 1GiB,29.96%
1791611444,00:50:44,taller5-mlflow,1.63%,2.272GiB / 15.33GiB,14.82%
1791611444,00:50:44,taller5-postgres-mlflow,0.00%,45.11MiB / 15.33GiB,0.29%
1791611444,00:50:44,taller5-nginx,2.43%,3.047MiB / 15.33GiB,0.02%
1791611444,00:50:44,taller5-minio,0.02%,112.4MiB / 15.33GiB,0.72%
1791611448,00:50:48,taller5-api-3,73.88%,331MiB / 1GiB,32.32%
1791611448,00:50:48,taller5-api-2,77.60%,327.3MiB / 1GiB,31.97%
1791611448,00:50:48,taller5-api-1,67.60%,307MiB / 1GiB,29.98%
1791611448,00:50:48,taller5-mlflow,1.58%,2.272GiB / 15.33GiB,14.82%
1791611448,00:50:48,taller5-postgres-mlflow,0.00%,45.11MiB / 15.33GiB,0.29%
1791611448,00:50:48,taller5-nginx,2.51%,4.203MiB / 15.33GiB,0.03%
1791611448,00:50:48,taller5-minio,0.03%,112.4MiB / 15.33GiB,0.72%
1791611452,00:50:52,taller5-api-3,78.84%,331.2MiB / 1GiB,32.34%
1791611452,00:50:52,taller5-api-2,83.38%,327.9MiB / 1GiB,32.02%
1791611452,00:50:52,taller5-api-1,79.24%,307.7MiB / 1GiB,30.05%
1791611452,00:50:52,taller5-mlflow,1.34%,2.272GiB / 15.33GiB,14.82%
1791611452,00:50:52,taller5-postgres-mlflow,0.00%,45.11MiB / 15.33GiB,0.29%
1791611452,00:50:52,taller5-nginx,3.30%,3.867MiB / 15.33GiB,0.02%
1791611452,00:50:52,taller5-minio,0.04%,112.4MiB / 15.33GiB,0.72%
1791611456,00:50:56,taller5-api-3,89.48%,331.4MiB / 1GiB,32.36%
1791611456,00:50:56,taller5-api-2,87.12%,328.1MiB / 1GiB,32.04%
1791611456,00:50:56,taller5-api-1,90.43%,307.7MiB / 1GiB,30.05%
1791611456,00:50:56,taller5-mlflow,1.37%,2.272GiB / 15.33GiB,14.82%
1791611456,00:50:56,taller5-postgres-mlflow,0.57%,45.11MiB / 15.33GiB,0.29%
1791611456,00:50:56,taller5-nginx,2.68%,4.246MiB / 15.33GiB,0.03%
1791611456,00:50:56,taller5-minio,0.03%,112.4MiB / 15.33GiB,0.72%
1791611461,00:51:01,taller5-api-3,87.54%,331.3MiB / 1GiB,32.36%
1791611461,00:51:01,taller5-api-2,87.58%,328.8MiB / 1GiB,32.10%
1791611461,00:51:01,taller5-api-1,81.28%,307.5MiB / 1GiB,30.03%
1791611461,00:51:01,taller5-mlflow,2.17%,2.272GiB / 15.33GiB,14.82%
1791611461,00:51:01,taller5-postgres-mlflow,0.03%,45.11MiB / 15.33GiB,0.29%
1791611461,00:51:01,taller5-nginx,2.89%,4.301MiB / 15.33GiB,0.03%
1791611461,00:51:01,taller5-minio,0.01%,112.4MiB / 15.33GiB,0.72%
1791611465,00:51:05,taller5-api-3,91.01%,331.2MiB / 1GiB,32.35%
1791611465,00:51:05,taller5-api-2,96.15%,328.8MiB / 1GiB,32.11%
1791611465,00:51:05,taller5-api-1,75.66%,307.1MiB / 1GiB,29.99%
1791611465,00:51:05,taller5-mlflow,1.40%,2.272GiB / 15.33GiB,14.82%
1791611465,00:51:05,taller5-postgres-mlflow,0.00%,45.11MiB / 15.33GiB,0.29%
1791611465,00:51:05,taller5-nginx,2.87%,4.059MiB / 15.33GiB,0.03%
1791611465,00:51:05,taller5-minio,0.03%,112.4MiB / 15.33GiB,0.72%
1791611469,00:51:09,taller5-api-3,88.57%,331.1MiB / 1GiB,32.33%
1791611469,00:51:09,taller5-api-2,87.88%,328.8MiB / 1GiB,32.11%
1791611469,00:51:09,taller5-api-1,90.85%,307.1MiB / 1GiB,29.99%
1791611469,00:51:09,taller5-mlflow,1.47%,2.272GiB / 15.33GiB,14.82%
1791611469,00:51:09,taller5-postgres-mlflow,0.00%,45.11MiB / 15.33GiB,0.29%
1791611469,00:51:09,taller5-nginx,2.64%,3.953MiB / 15.33GiB,0.03%
1791611469,00:51:09,taller5-minio,6.10%,112.4MiB / 15.33GiB,0.72%
1791611473,00:51:13,taller5-api-3,86.27%,330.9MiB / 1GiB,32.31%
1791611473,00:51:13,taller5-api-2,87.96%,328.7MiB / 1GiB,32.10%
1791611473,00:51:13,taller5-api-1,67.34%,306.8MiB / 1GiB,29.96%
1791611473,00:51:13,taller5-mlflow,1.53%,2.272GiB / 15.33GiB,14.82%
1791611473,00:51:13,taller5-postgres-mlflow,0.00%,45.11MiB / 15.33GiB,0.29%
1791611473,00:51:13,taller5-nginx,2.81%,4.059MiB / 15.33GiB,0.03%
1791611473,00:51:13,taller5-minio,0.00%,112.4MiB / 15.33GiB,0.72%
1791611477,00:51:17,taller5-api-3,76.03%,331MiB / 1GiB,32.32%
1791611477,00:51:17,taller5-api-2,93.73%,328.9MiB / 1GiB,32.12%
1791611477,00:51:17,taller5-api-1,74.37%,306.6MiB / 1GiB,29.94%
1791611477,00:51:17,taller5-mlflow,7.82%,2.276GiB / 15.33GiB,14.85%
1791611477,00:51:17,taller5-postgres-mlflow,0.00%,45.11MiB / 15.33GiB,0.29%
1791611477,00:51:17,taller5-nginx,2.84%,4.207MiB / 15.33GiB,0.03%
1791611477,00:51:17,taller5-minio,0.00%,112.4MiB / 15.33GiB,0.72%
1791611481,00:51:21,taller5-api-3,99.35%,331.8MiB / 1GiB,32.40%
1791611481,00:51:21,taller5-api-2,100.40%,328.9MiB / 1GiB,32.12%
1791611481,00:51:21,taller5-api-1,0.12%,306.4MiB / 1GiB,29.92%
1791611481,00:51:21,taller5-mlflow,1.81%,2.272GiB / 15.33GiB,14.82%
1791611481,00:51:21,taller5-postgres-mlflow,0.00%,45.11MiB / 15.33GiB,0.29%
1791611481,00:51:21,taller5-nginx,3.03%,5.074MiB / 15.33GiB,0.03%
1791611481,00:51:21,taller5-minio,0.00%,112.4MiB / 15.33GiB,0.72%
1791611485,00:51:25,taller5-api-3,98.76%,332.3MiB / 1GiB,32.45%
1791611485,00:51:25,taller5-api-2,99.39%,339.1MiB / 1GiB,33.12%
1791611485,00:51:25,taller5-api-1,0.28%,306.4MiB / 1GiB,29.92%
1791611485,00:51:25,taller5-mlflow,1.64%,2.272GiB / 15.33GiB,14.82%
1791611485,00:51:25,taller5-postgres-mlflow,0.00%,45.11MiB / 15.33GiB,0.29%
1791611485,00:51:25,taller5-nginx,1.99%,5.273MiB / 15.33GiB,0.03%
1791611485,00:51:25,taller5-minio,0.01%,112.4MiB / 15.33GiB,0.72%
1791611489,00:51:29,taller5-api-3,95.84%,332.3MiB / 1GiB,32.45%
1791611489,00:51:29,taller5-api-2,97.33%,329.1MiB / 1GiB,32.14%
1791611489,00:51:29,taller5-api-1,12.73%,306.3MiB / 1GiB,29.91%
1791611489,00:51:29,taller5-mlflow,1.59%,2.272GiB / 15.33GiB,14.82%
1791611489,00:51:29,taller5-postgres-mlflow,0.00%,45.11MiB / 15.33GiB,0.29%
1791611489,00:51:29,taller5-nginx,2.07%,5.582MiB / 15.33GiB,0.04%
1791611489,00:51:29,taller5-minio,7.17%,112.4MiB / 15.33GiB,0.72%
1791611494,00:51:34,taller5-api-3,87.43%,332.2MiB / 1GiB,32.44%
1791611494,00:51:34,taller5-api-2,89.27%,329.1MiB / 1GiB,32.13%
1791611494,00:51:34,taller5-api-1,81.47%,306.2MiB / 1GiB,29.91%
1791611494,00:51:34,taller5-mlflow,1.35%,2.272GiB / 15.33GiB,14.82%
1791611494,00:51:34,taller5-postgres-mlflow,0.00%,45.11MiB / 15.33GiB,0.29%
1791611494,00:51:34,taller5-nginx,2.77%,4.043MiB / 15.33GiB,0.03%
1791611494,00:51:34,taller5-minio,0.07%,112.4MiB / 15.33GiB,0.72%
1791611498,00:51:38,taller5-api-3,89.35%,332.2MiB / 1GiB,32.44%
1791611498,00:51:38,taller5-api-2,0.12%,328.9MiB / 1GiB,32.12%
1791611498,00:51:38,taller5-api-1,99.85%,307.9MiB / 1GiB,30.06%
1791611498,00:51:38,taller5-mlflow,1.45%,2.272GiB / 15.33GiB,14.82%
1791611498,00:51:38,taller5-postgres-mlflow,0.00%,45.11MiB / 15.33GiB,0.29%
1791611498,00:51:38,taller5-nginx,2.77%,4.84MiB / 15.33GiB,0.03%
1791611498,00:51:38,taller5-minio,4.56%,115.3MiB / 15.33GiB,0.73%
1791611502,00:51:42,taller5-api-3,99.94%,332.3MiB / 1GiB,32.45%
1791611502,00:51:42,taller5-api-2,0.39%,328.9MiB / 1GiB,32.12%
1791611502,00:51:42,taller5-api-1,100.75%,308.6MiB / 1GiB,30.14%
1791611502,00:51:42,taller5-mlflow,3.39%,2.272GiB / 15.33GiB,14.82%
1791611502,00:51:42,taller5-postgres-mlflow,0.07%,45.11MiB / 15.33GiB,0.29%
1791611502,00:51:42,taller5-nginx,2.20%,5.578MiB / 15.33GiB,0.04%
1791611502,00:51:42,taller5-minio,0.02%,112.4MiB / 15.33GiB,0.72%
1791611506,00:51:46,taller5-api-3,99.92%,332.3MiB / 1GiB,32.45%
1791611506,00:51:46,taller5-api-2,0.15%,328.9MiB / 1GiB,32.12%
1791611506,00:51:46,taller5-api-1,99.72%,308.8MiB / 1GiB,30.15%
1791611506,00:51:46,taller5-mlflow,1.52%,2.272GiB / 15.33GiB,14.82%
1791611506,00:51:46,taller5-postgres-mlflow,0.00%,45.11MiB / 15.33GiB,0.29%
1791611506,00:51:46,taller5-nginx,2.28%,5.16MiB / 15.33GiB,0.03%
1791611506,00:51:46,taller5-minio,0.00%,112.4MiB / 15.33GiB,0.72%
1791611510,00:51:50,taller5-api-3,88.76%,332.3MiB / 1GiB,32.45%
1791611510,00:51:50,taller5-api-2,86.82%,328MiB / 1GiB,32.03%
1791611510,00:51:50,taller5-api-1,86.19%,308.8MiB / 1GiB,30.15%
1791611510,00:51:50,taller5-mlflow,1.52%,2.272GiB / 15.33GiB,14.82%
1791611510,00:51:50,taller5-postgres-mlflow,7.61%,45.11MiB / 15.33GiB,0.29%
1791611510,00:51:50,taller5-nginx,2.59%,4.566MiB / 15.33GiB,0.03%
1791611510,00:51:50,taller5-minio,0.16%,112.4MiB / 15.33GiB,0.72%
1791611514,00:51:54,taller5-api-3,84.55%,332.2MiB / 1GiB,32.45%
1791611514,00:51:54,taller5-api-2,88.14%,328.4MiB / 1GiB,32.07%
1791611514,00:51:54,taller5-api-1,87.86%,308.8MiB / 1GiB,30.16%
1791611514,00:51:54,taller5-mlflow,1.44%,2.272GiB / 15.33GiB,14.82%
1791611514,00:51:54,taller5-postgres-mlflow,0.00%,45.11MiB / 15.33GiB,0.29%
1791611514,00:51:54,taller5-nginx,2.63%,4.242MiB / 15.33GiB,0.03%
1791611514,00:51:54,taller5-minio,0.03%,112.4MiB / 15.33GiB,0.72%
1791611518,00:51:58,taller5-api-3,89.99%,331.8MiB / 1GiB,32.40%
1791611518,00:51:58,taller5-api-2,90.21%,328.4MiB / 1GiB,32.07%
1791611518,00:51:58,taller5-api-1,88.64%,307.8MiB / 1GiB,30.06%
1791611518,00:51:58,taller5-mlflow,1.71%,2.272GiB / 15.33GiB,14.82%
1791611518,00:51:58,taller5-postgres-mlflow,0.04%,45.11MiB / 15.33GiB,0.29%
1791611518,00:51:58,taller5-nginx,2.84%,3.996MiB / 15.33GiB,0.03%
1791611518,00:51:58,taller5-minio,6.28%,112.4MiB / 15.33GiB,0.72%
1791611523,00:52:03,taller5-api-3,92.75%,331.4MiB / 1GiB,32.36%
1791611523,00:52:03,taller5-api-2,89.63%,328.1MiB / 1GiB,32.04%
1791611523,00:52:03,taller5-api-1,85.73%,307.2MiB / 1GiB,30.00%
1791611523,00:52:03,taller5-mlflow,1.41%,2.272GiB / 15.33GiB,14.82%
1791611523,00:52:03,taller5-postgres-mlflow,0.00%,45.11MiB / 15.33GiB,0.29%
1791611523,00:52:03,taller5-nginx,2.66%,4.027MiB / 15.33GiB,0.03%
1791611523,00:52:03,taller5-minio,0.02%,112.4MiB / 15.33GiB,0.72%
1791611527,00:52:07,taller5-api-3,90.11%,331.4MiB / 1GiB,32.36%
1791611527,00:52:07,taller5-api-2,91.24%,328.2MiB / 1GiB,32.05%
1791611527,00:52:07,taller5-api-1,78.29%,306.8MiB / 1GiB,29.97%
1791611527,00:52:07,taller5-mlflow,1.39%,2.272GiB / 15.33GiB,14.82%
1791611527,00:52:07,taller5-postgres-mlflow,0.00%,45.11MiB / 15.33GiB,0.29%
1791611527,00:52:07,taller5-nginx,2.85%,3.934MiB / 15.33GiB,0.03%
1791611527,00:52:07,taller5-minio,0.00%,112.4MiB / 15.33GiB,0.72%
1791611531,00:52:11,taller5-api-3,83.72%,331.4MiB / 1GiB,32.36%
1791611531,00:52:11,taller5-api-2,84.97%,328.8MiB / 1GiB,32.11%
1791611531,00:52:11,taller5-api-1,80.19%,306.8MiB / 1GiB,29.96%
1791611531,00:52:11,taller5-mlflow,1.63%,2.272GiB / 15.33GiB,14.82%
1791611531,00:52:11,taller5-postgres-mlflow,8.28%,45.11MiB / 15.33GiB,0.29%
1791611531,00:52:11,taller5-nginx,2.60%,4.105MiB / 15.33GiB,0.03%
1791611531,00:52:11,taller5-minio,0.01%,112.4MiB / 15.33GiB,0.72%
1791611535,00:52:15,taller5-api-3,82.05%,330.9MiB / 1GiB,32.32%
1791611535,00:52:15,taller5-api-2,88.96%,328.8MiB / 1GiB,32.11%
1791611535,00:52:15,taller5-api-1,82.71%,307.2MiB / 1GiB,30.00%
1791611535,00:52:15,taller5-mlflow,1.43%,2.272GiB / 15.33GiB,14.82%
1791611535,00:52:15,taller5-postgres-mlflow,0.00%,45.11MiB / 15.33GiB,0.29%
1791611535,00:52:15,taller5-nginx,2.63%,3.938MiB / 15.33GiB,0.03%
1791611535,00:52:15,taller5-minio,0.03%,112.4MiB / 15.33GiB,0.72%
1791611539,00:52:19,taller5-api-3,86.27%,330.9MiB / 1GiB,32.32%
1791611539,00:52:19,taller5-api-2,88.62%,328.8MiB / 1GiB,32.11%
1791611539,00:52:19,taller5-api-1,82.95%,307MiB / 1GiB,29.98%
1791611539,00:52:19,taller5-mlflow,1.45%,2.272GiB / 15.33GiB,14.82%
1791611539,00:52:19,taller5-postgres-mlflow,0.00%,45.11MiB / 15.33GiB,0.29%
1791611539,00:52:19,taller5-nginx,2.68%,4.062MiB / 15.33GiB,0.03%
1791611539,00:52:19,taller5-minio,0.01%,112.4MiB / 15.33GiB,0.72%
1791611543,00:52:23,taller5-api-3,93.86%,330.9MiB / 1GiB,32.32%
1791611543,00:52:23,taller5-api-2,88.87%,329MiB / 1GiB,32.13%
1791611543,00:52:23,taller5-api-1,93.90%,306.9MiB / 1GiB,29.97%
1791611543,00:52:23,taller5-mlflow,1.47%,2.272GiB / 15.33GiB,14.82%
1791611543,00:52:23,taller5-postgres-mlflow,0.00%,45.11MiB / 15.33GiB,0.29%
1791611543,00:52:23,taller5-nginx,2.55%,4.551MiB / 15.33GiB,0.03%
1791611543,00:52:23,taller5-minio,0.00%,112.3MiB / 15.33GiB,0.72%
1791611547,00:52:27,taller5-api-3,87.04%,331.6MiB / 1GiB,32.38%
1791611547,00:52:27,taller5-api-2,88.87%,329MiB / 1GiB,32.13%
1791611547,00:52:27,taller5-api-1,78.35%,307.4MiB / 1GiB,30.02%
1791611547,00:52:27,taller5-mlflow,1.41%,2.272GiB / 15.33GiB,14.82%
1791611547,00:52:27,taller5-postgres-mlflow,0.00%,45.11MiB / 15.33GiB,0.29%
1791611547,00:52:27,taller5-nginx,2.75%,4.566MiB / 15.33GiB,0.03%
1791611547,00:52:27,taller5-minio,0.00%,112.3MiB / 15.33GiB,0.72%
1791611551,00:52:31,taller5-api-3,66.41%,331.6MiB / 1GiB,32.38%
1791611551,00:52:31,taller5-api-2,91.77%,329MiB / 1GiB,32.13%
1791611551,00:52:31,taller5-api-1,60.32%,307.5MiB / 1GiB,30.03%
1791611551,00:52:31,taller5-mlflow,1.71%,2.272GiB / 15.33GiB,14.82%
1791611551,00:52:31,taller5-postgres-mlflow,7.41%,45.11MiB / 15.33GiB,0.29%
1791611551,00:52:31,taller5-nginx,2.68%,4.219MiB / 15.33GiB,0.03%
1791611551,00:52:31,taller5-minio,0.00%,112.3MiB / 15.33GiB,0.72%
1791611556,00:52:36,taller5-api-3,59.81%,331.7MiB / 1GiB,32.40%
1791611556,00:52:36,taller5-api-2,87.72%,329MiB / 1GiB,32.13%
1791611556,00:52:36,taller5-api-1,63.20%,307.8MiB / 1GiB,30.06%
1791611556,00:52:36,taller5-mlflow,1.47%,2.272GiB / 15.33GiB,14.82%
1791611556,00:52:36,taller5-postgres-mlflow,0.53%,45.11MiB / 15.33GiB,0.29%
1791611556,00:52:36,taller5-nginx,3.10%,3.711MiB / 15.33GiB,0.02%
1791611556,00:52:36,taller5-minio,0.02%,112.4MiB / 15.33GiB,0.72%
1791611560,00:52:40,taller5-api-3,84.99%,331.7MiB / 1GiB,32.39%
1791611560,00:52:40,taller5-api-2,89.40%,339.3MiB / 1GiB,33.14%
1791611560,00:52:40,taller5-api-1,85.09%,307.8MiB / 1GiB,30.06%
1791611560,00:52:40,taller5-mlflow,1.31%,2.272GiB / 15.33GiB,14.82%
1791611560,00:52:40,taller5-postgres-mlflow,0.00%,45.11MiB / 15.33GiB,0.29%
1791611560,00:52:40,taller5-nginx,2.99%,3.734MiB / 15.33GiB,0.02%
1791611560,00:52:40,taller5-minio,6.34%,112.4MiB / 15.33GiB,0.72%
1791611564,00:52:44,taller5-api-3,85.29%,331.6MiB / 1GiB,32.38%
1791611564,00:52:44,taller5-api-2,87.85%,329.1MiB / 1GiB,32.14%
1791611564,00:52:44,taller5-api-1,85.67%,307.7MiB / 1GiB,30.05%
1791611564,00:52:44,taller5-mlflow,1.44%,2.272GiB / 15.33GiB,14.82%
1791611564,00:52:44,taller5-postgres-mlflow,0.00%,45.11MiB / 15.33GiB,0.29%
1791611564,00:52:44,taller5-nginx,2.58%,3.828MiB / 15.33GiB,0.02%
1791611564,00:52:44,taller5-minio,0.03%,112.4MiB / 15.33GiB,0.72%
1791611568,00:52:48,taller5-api-3,84.50%,331.3MiB / 1GiB,32.36%
1791611568,00:52:48,taller5-api-2,90.96%,329.1MiB / 1GiB,32.14%
1791611568,00:52:48,taller5-api-1,75.67%,307.3MiB / 1GiB,30.01%
1791611568,00:52:48,taller5-mlflow,1.48%,2.272GiB / 15.33GiB,14.82%
1791611568,00:52:48,taller5-postgres-mlflow,0.00%,45.11MiB / 15.33GiB,0.29%
1791611568,00:52:48,taller5-nginx,2.56%,3.551MiB / 15.33GiB,0.02%
1791611568,00:52:48,taller5-minio,0.02%,112.4MiB / 15.33GiB,0.72%
1791611572,00:52:52,taller5-api-3,0.23%,331.5MiB / 1GiB,32.38%
1791611572,00:52:52,taller5-api-2,0.20%,329.1MiB / 1GiB,32.14%
1791611572,00:52:52,taller5-api-1,0.16%,307.3MiB / 1GiB,30.01%
1791611572,00:52:52,taller5-mlflow,2.32%,2.272GiB / 15.33GiB,14.82%
1791611572,00:52:52,taller5-postgres-mlflow,8.59%,45.11MiB / 15.33GiB,0.29%
1791611572,00:52:52,taller5-nginx,0.00%,2.551MiB / 15.33GiB,0.02%
1791611572,00:52:52,taller5-minio,0.00%,112.3MiB / 15.33GiB,0.72%
1791611576,00:52:56,taller5-api-3,0.19%,331.5MiB / 1GiB,32.38%
1791611576,00:52:56,taller5-api-2,0.19%,329MiB / 1GiB,32.13%
1791611576,00:52:56,taller5-api-1,0.21%,307MiB / 1GiB,29.98%
1791611576,00:52:56,taller5-mlflow,2.20%,2.272GiB / 15.33GiB,14.82%
1791611576,00:52:56,taller5-postgres-mlflow,0.97%,45.11MiB / 15.33GiB,0.29%
1791611576,00:52:56,taller5-nginx,0.02%,2.355MiB / 15.33GiB,0.02%
1791611576,00:52:56,taller5-minio,0.00%,112.3MiB / 15.33GiB,0.72%
1791611580,00:53:00,taller5-api-3,0.20%,331.5MiB / 1GiB,32.38%
1791611580,00:53:00,taller5-api-2,14.89%,327MiB / 1GiB,31.93%
1791611580,00:53:00,taller5-api-1,0.18%,307MiB / 1GiB,29.98%
1791611580,00:53:00,taller5-mlflow,2.10%,2.272GiB / 15.33GiB,14.82%
1791611580,00:53:00,taller5-postgres-mlflow,0.00%,45.11MiB / 15.33GiB,0.29%
1791611580,00:53:00,taller5-nginx,0.00%,2.355MiB / 15.33GiB,0.02%
1791611580,00:53:00,taller5-minio,0.00%,112.4MiB / 15.33GiB,0.72%
1791611584,00:53:04,taller5-api-3,12.88%,330.2MiB / 1GiB,32.24%
1791611584,00:53:04,taller5-api-2,0.18%,327MiB / 1GiB,31.93%
1791611584,00:53:04,taller5-api-1,12.85%,306.2MiB / 1GiB,29.90%
1791611584,00:53:04,taller5-mlflow,6.96%,2.272GiB / 15.33GiB,14.82%
1791611584,00:53:04,taller5-postgres-mlflow,0.00%,45.11MiB / 15.33GiB,0.29%
1791611584,00:53:04,taller5-nginx,0.00%,2.355MiB / 15.33GiB,0.02%
1791611584,00:53:04,taller5-minio,0.22%,112.3MiB / 15.33GiB,0.72%
1791611589,00:53:09,taller5-api-3,0.20%,330.2MiB / 1GiB,32.24%
1791611589,00:53:09,taller5-api-2,0.21%,327MiB / 1GiB,31.93%
1791611589,00:53:09,taller5-api-1,0.18%,306.2MiB / 1GiB,29.90%
1791611589,00:53:09,taller5-mlflow,2.45%,2.272GiB / 15.33GiB,14.82%
1791611589,00:53:09,taller5-postgres-mlflow,0.00%,45.11MiB / 15.33GiB,0.29%
1791611589,00:53:09,taller5-nginx,0.02%,2.355MiB / 15.33GiB,0.02%
1791611589,00:53:09,taller5-minio,0.02%,112.3MiB / 15.33GiB,0.72%
1791611593,00:53:13,taller5-api-3,0.19%,330.2MiB / 1GiB,32.24%
1791611593,00:53:13,taller5-api-2,0.18%,327MiB / 1GiB,31.93%
1791611593,00:53:13,taller5-api-1,0.15%,306.2MiB / 1GiB,29.90%
1791611593,00:53:13,taller5-mlflow,2.17%,2.272GiB / 15.33GiB,14.82%
1791611593,00:53:13,taller5-postgres-mlflow,7.77%,45.11MiB / 15.33GiB,0.29%
1791611593,00:53:13,taller5-nginx,0.00%,2.355MiB / 15.33GiB,0.02%
1791611593,00:53:13,taller5-minio,0.00%,112.4MiB / 15.33GiB,0.72%
1791611597,00:53:17,taller5-api-3,0.18%,330.2MiB / 1GiB,32.24%
1791611597,00:53:17,taller5-api-2,0.16%,327MiB / 1GiB,31.93%
1791611597,00:53:17,taller5-api-1,0.14%,306.2MiB / 1GiB,29.90%
1791611597,00:53:17,taller5-mlflow,2.02%,2.272GiB / 15.33GiB,14.82%
1791611597,00:53:17,taller5-postgres-mlflow,0.00%,45.11MiB / 15.33GiB,0.29%
1791611597,00:53:17,taller5-nginx,0.00%,2.355MiB / 15.33GiB,0.02%
1791611597,00:53:17,taller5-minio,0.00%,112.4MiB / 15.33GiB,0.72%
1791611601,00:53:21,taller5-api-3,0.19%,330.2MiB / 1GiB,32.24%
1791611601,00:53:21,taller5-api-2,13.75%,327MiB / 1GiB,31.93%
1791611601,00:53:21,taller5-api-1,0.14%,306.2MiB / 1GiB,29.90%
1791611601,00:53:21,taller5-mlflow,2.40%,2.272GiB / 15.33GiB,14.82%
1791611601,00:53:21,taller5-postgres-mlflow,0.00%,45.11MiB / 15.33GiB,0.29%
1791611601,00:53:21,taller5-nginx,0.01%,2.355MiB / 15.33GiB,0.02%
1791611601,00:53:21,taller5-minio,8.02%,112.4MiB / 15.33GiB,0.72%
1791611605,00:53:25,taller5-api-3,13.37%,330.2MiB / 1GiB,32.24%
1791611605,00:53:25,taller5-api-2,0.15%,327MiB / 1GiB,31.93%
1791611605,00:53:25,taller5-api-1,12.17%,306.2MiB / 1GiB,29.90%
1791611605,00:53:25,taller5-mlflow,2.22%,2.272GiB / 15.33GiB,14.82%
1791611605,00:53:25,taller5-postgres-mlflow,0.00%,45.11MiB / 15.33GiB,0.29%
1791611605,00:53:25,taller5-nginx,0.00%,2.355MiB / 15.33GiB,0.02%
1791611605,00:53:25,taller5-minio,0.05%,112.3MiB / 15.33GiB,0.72%
1791611609,00:53:29,taller5-api-3,25.55%,330.5MiB / 1GiB,32.28%
1791611609,00:53:29,taller5-api-2,27.71%,327.3MiB / 1GiB,31.96%
1791611609,00:53:29,taller5-api-1,25.70%,306.6MiB / 1GiB,29.94%
1791611609,00:53:29,taller5-mlflow,1.78%,2.272GiB / 15.33GiB,14.82%
1791611609,00:53:29,taller5-postgres-mlflow,0.00%,45.11MiB / 15.33GiB,0.29%
1791611609,00:53:29,taller5-nginx,1.46%,2.883MiB / 15.33GiB,0.02%
1791611609,00:53:29,taller5-minio,0.00%,112.3MiB / 15.33GiB,0.72%
1791611613,00:53:33,taller5-api-3,50.37%,330.6MiB / 1GiB,32.29%
1791611613,00:53:33,taller5-api-2,53.24%,327.6MiB / 1GiB,31.99%
1791611613,00:53:33,taller5-api-1,52.68%,306.7MiB / 1GiB,29.95%
1791611613,00:53:33,taller5-mlflow,1.67%,2.272GiB / 15.33GiB,14.82%
1791611613,00:53:33,taller5-postgres-mlflow,0.00%,45.11MiB / 15.33GiB,0.29%
1791611613,00:53:33,taller5-nginx,2.69%,3.211MiB / 15.33GiB,0.02%
1791611613,00:53:33,taller5-minio,0.00%,112.4MiB / 15.33GiB,0.72%
1791611617,00:53:37,taller5-api-3,73.75%,331.1MiB / 1GiB,32.34%
1791611617,00:53:37,taller5-api-2,73.93%,328.1MiB / 1GiB,32.04%
1791611617,00:53:37,taller5-api-1,67.69%,307.3MiB / 1GiB,30.01%
1791611617,00:53:37,taller5-mlflow,1.58%,2.272GiB / 15.33GiB,14.82%
1791611617,00:53:37,taller5-postgres-mlflow,0.00%,45.11MiB / 15.33GiB,0.29%
1791611617,00:53:37,taller5-nginx,2.43%,3.855MiB / 15.33GiB,0.02%
1791611617,00:53:37,taller5-minio,0.00%,112.4MiB / 15.33GiB,0.72%
1791611622,00:53:42,taller5-api-3,84.41%,332.2MiB / 1GiB,32.44%
1791611622,00:53:42,taller5-api-2,94.19%,328.6MiB / 1GiB,32.09%
1791611622,00:53:42,taller5-api-1,77.82%,307.8MiB / 1GiB,30.06%
1791611622,00:53:42,taller5-mlflow,3.34%,2.272GiB / 15.33GiB,14.82%
1791611622,00:53:42,taller5-postgres-mlflow,8.28%,45.11MiB / 15.33GiB,0.29%
1791611622,00:53:42,taller5-nginx,2.63%,5.156MiB / 15.33GiB,0.03%
1791611622,00:53:42,taller5-minio,0.04%,112.4MiB / 15.33GiB,0.72%
1791611626,00:53:46,taller5-api-3,89.71%,332.6MiB / 1GiB,32.48%
1791611626,00:53:46,taller5-api-2,88.76%,329.2MiB / 1GiB,32.15%
1791611626,00:53:46,taller5-api-1,89.28%,308.7MiB / 1GiB,30.14%
1791611626,00:53:46,taller5-mlflow,1.36%,2.272GiB / 15.33GiB,14.82%
1791611626,00:53:46,taller5-postgres-mlflow,0.00%,45.11MiB / 15.33GiB,0.29%
1791611626,00:53:46,taller5-nginx,3.21%,5.047MiB / 15.33GiB,0.03%
1791611626,00:53:46,taller5-minio,0.00%,112.4MiB / 15.33GiB,0.72%
1791611630,00:53:50,taller5-api-3,85.30%,332.6MiB / 1GiB,32.48%
1791611630,00:53:50,taller5-api-2,84.95%,329.4MiB / 1GiB,32.17%
1791611630,00:53:50,taller5-api-1,87.83%,308.8MiB / 1GiB,30.15%
1791611630,00:53:50,taller5-mlflow,8.48%,2.272GiB / 15.33GiB,14.82%
1791611630,00:53:50,taller5-postgres-mlflow,0.00%,45.11MiB / 15.33GiB,0.29%
1791611630,00:53:50,taller5-nginx,2.92%,5.707MiB / 15.33GiB,0.04%
1791611630,00:53:50,taller5-minio,6.65%,112.4MiB / 15.33GiB,0.72%
1791611634,00:53:54,taller5-api-3,87.76%,332.7MiB / 1GiB,32.49%
1791611634,00:53:54,taller5-api-2,87.68%,329.2MiB / 1GiB,32.15%
1791611634,00:53:54,taller5-api-1,89.91%,308.8MiB / 1GiB,30.15%
1791611634,00:53:54,taller5-mlflow,1.78%,2.272GiB / 15.33GiB,14.82%
1791611634,00:53:54,taller5-postgres-mlflow,0.03%,45.11MiB / 15.33GiB,0.29%
1791611634,00:53:54,taller5-nginx,3.27%,5.898MiB / 15.33GiB,0.04%
1791611634,00:53:54,taller5-minio,0.03%,112.4MiB / 15.33GiB,0.72%
1791611638,00:53:58,taller5-api-3,90.60%,332.7MiB / 1GiB,32.49%
1791611638,00:53:58,taller5-api-2,84.84%,329.2MiB / 1GiB,32.15%
1791611638,00:53:58,taller5-api-1,87.16%,308.9MiB / 1GiB,30.16%
1791611638,00:53:58,taller5-mlflow,1.37%,2.272GiB / 15.33GiB,14.82%
1791611638,00:53:58,taller5-postgres-mlflow,0.00%,45.11MiB / 15.33GiB,0.29%
1791611638,00:53:58,taller5-nginx,3.11%,6.539MiB / 15.33GiB,0.04%
1791611638,00:53:58,taller5-minio,0.00%,112.4MiB / 15.33GiB,0.72%
1791611642,00:54:02,taller5-api-3,86.25%,332.7MiB / 1GiB,32.49%
1791611642,00:54:02,taller5-api-2,84.37%,329.2MiB / 1GiB,32.15%
1791611642,00:54:02,taller5-api-1,80.29%,308.9MiB / 1GiB,30.17%
1791611642,00:54:02,taller5-mlflow,1.46%,2.272GiB / 15.33GiB,14.82%
1791611642,00:54:02,taller5-postgres-mlflow,8.37%,45.11MiB / 15.33GiB,0.29%
1791611642,00:54:02,taller5-nginx,3.08%,5.98MiB / 15.33GiB,0.04%
1791611642,00:54:02,taller5-minio,0.02%,112.4MiB / 15.33GiB,0.72%
1791611646,00:54:06,taller5-api-3,93.14%,342.9MiB / 1GiB,33.49%
1791611646,00:54:06,taller5-api-2,88.92%,329.2MiB / 1GiB,32.15%
1791611646,00:54:06,taller5-api-1,81.79%,309.1MiB / 1GiB,30.19%
1791611646,00:54:06,taller5-mlflow,1.39%,2.272GiB / 15.33GiB,14.82%
1791611646,00:54:06,taller5-postgres-mlflow,0.00%,45.11MiB / 15.33GiB,0.29%
1791611646,00:54:06,taller5-nginx,3.05%,6.27MiB / 15.33GiB,0.04%
1791611646,00:54:06,taller5-minio,0.00%,112.4MiB / 15.33GiB,0.72%
1791611651,00:54:11,taller5-api-3,86.48%,332.7MiB / 1GiB,32.49%
1791611651,00:54:11,taller5-api-2,87.52%,329.2MiB / 1GiB,32.15%
1791611651,00:54:11,taller5-api-1,78.77%,308.2MiB / 1GiB,30.10%
1791611651,00:54:11,taller5-mlflow,1.60%,2.272GiB / 15.33GiB,14.82%
1791611651,00:54:11,taller5-postgres-mlflow,0.00%,45.11MiB / 15.33GiB,0.29%
1791611651,00:54:11,taller5-nginx,3.12%,5.91MiB / 15.33GiB,0.04%
1791611651,00:54:11,taller5-minio,0.73%,118.5MiB / 15.33GiB,0.75%
1791611655,00:54:15,taller5-api-3,86.96%,332.7MiB / 1GiB,32.49%
1791611655,00:54:15,taller5-api-2,89.08%,329.2MiB / 1GiB,32.15%
1791611655,00:54:15,taller5-api-1,74.21%,307.7MiB / 1GiB,30.05%
1791611655,00:54:15,taller5-mlflow,1.37%,2.272GiB / 15.33GiB,14.82%
1791611655,00:54:15,taller5-postgres-mlflow,0.00%,45.11MiB / 15.33GiB,0.29%
1791611655,00:54:15,taller5-nginx,3.36%,5.871MiB / 15.33GiB,0.04%
1791611655,00:54:15,taller5-minio,0.04%,112.4MiB / 15.33GiB,0.72%
1791611659,00:54:19,taller5-api-3,87.48%,332.7MiB / 1GiB,32.49%
1791611659,00:54:19,taller5-api-2,89.15%,329.2MiB / 1GiB,32.15%
1791611659,00:54:19,taller5-api-1,77.67%,307.2MiB / 1GiB,30.00%
1791611659,00:54:19,taller5-mlflow,1.39%,2.272GiB / 15.33GiB,14.82%
1791611659,00:54:19,taller5-postgres-mlflow,0.00%,45.11MiB / 15.33GiB,0.29%
1791611659,00:54:19,taller5-nginx,3.46%,5.762MiB / 15.33GiB,0.04%
1791611659,00:54:19,taller5-minio,0.01%,112.4MiB / 15.33GiB,0.72%
1791611663,00:54:23,taller5-api-3,88.07%,332.6MiB / 1GiB,32.48%
1791611663,00:54:23,taller5-api-2,84.75%,329.2MiB / 1GiB,32.15%
1791611663,00:54:23,taller5-api-1,72.54%,306.9MiB / 1GiB,29.97%
1791611663,00:54:23,taller5-mlflow,1.42%,2.272GiB / 15.33GiB,14.82%
1791611663,00:54:23,taller5-postgres-mlflow,0.00%,45.11MiB / 15.33GiB,0.29%
1791611663,00:54:23,taller5-nginx,3.49%,6.031MiB / 15.33GiB,0.04%
1791611663,00:54:23,taller5-minio,0.03%,112.4MiB / 15.33GiB,0.72%
1791611667,00:54:27,taller5-api-3,90.86%,332.6MiB / 1GiB,32.48%
1791611667,00:54:27,taller5-api-2,91.72%,339.5MiB / 1GiB,33.15%
1791611667,00:54:27,taller5-api-1,91.53%,307.2MiB / 1GiB,30.00%
1791611667,00:54:27,taller5-mlflow,1.26%,2.272GiB / 15.33GiB,14.82%
1791611667,00:54:27,taller5-postgres-mlflow,0.00%,45.11MiB / 15.33GiB,0.29%
1791611667,00:54:27,taller5-nginx,3.13%,5.84MiB / 15.33GiB,0.04%
1791611667,00:54:27,taller5-minio,0.03%,112.4MiB / 15.33GiB,0.72%
1791611671,00:54:31,taller5-api-3,84.41%,332.7MiB / 1GiB,32.49%
1791611671,00:54:31,taller5-api-2,90.34%,329.2MiB / 1GiB,32.15%
1791611671,00:54:31,taller5-api-1,84.22%,307.6MiB / 1GiB,30.04%
1791611671,00:54:31,taller5-mlflow,1.82%,2.272GiB / 15.33GiB,14.82%
1791611671,00:54:31,taller5-postgres-mlflow,0.00%,45.11MiB / 15.33GiB,0.29%
1791611671,00:54:31,taller5-nginx,3.26%,5.852MiB / 15.33GiB,0.04%
1791611671,00:54:31,taller5-minio,6.29%,112.4MiB / 15.33GiB,0.72%
1791611675,00:54:35,taller5-api-3,90.06%,332.7MiB / 1GiB,32.49%
1791611675,00:54:35,taller5-api-2,87.49%,329.2MiB / 1GiB,32.15%
1791611675,00:54:35,taller5-api-1,85.36%,307.7MiB / 1GiB,30.05%
1791611675,00:54:35,taller5-mlflow,14.09%,2.272GiB / 15.33GiB,14.82%
1791611675,00:54:35,taller5-postgres-mlflow,0.00%,45.11MiB / 15.33GiB,0.29%
1791611675,00:54:35,taller5-nginx,3.10%,5.883MiB / 15.33GiB,0.04%
1791611675,00:54:35,taller5-minio,0.02%,112.4MiB / 15.33GiB,0.72%
1791611679,00:54:39,taller5-api-3,12.51%,332.7MiB / 1GiB,32.49%
1791611679,00:54:39,taller5-api-2,0.18%,329.1MiB / 1GiB,32.14%
1791611679,00:54:39,taller5-api-1,100.81%,308.4MiB / 1GiB,30.11%
1791611679,00:54:39,taller5-mlflow,1.88%,2.272GiB / 15.33GiB,14.82%
1791611679,00:54:39,taller5-postgres-mlflow,0.01%,45.11MiB / 15.33GiB,0.29%
1791611679,00:54:39,taller5-nginx,3.62%,6.41MiB / 15.33GiB,0.04%
1791611679,00:54:39,taller5-minio,0.04%,112.4MiB / 15.33GiB,0.72%
1791611684,00:54:44,taller5-api-3,0.22%,332.6MiB / 1GiB,32.48%
1791611684,00:54:44,taller5-api-2,0.21%,329MiB / 1GiB,32.13%
1791611684,00:54:44,taller5-api-1,100.80%,308.8MiB / 1GiB,30.16%
1791611684,00:54:44,taller5-mlflow,1.67%,2.272GiB / 15.33GiB,14.82%
1791611684,00:54:44,taller5-postgres-mlflow,0.00%,45.11MiB / 15.33GiB,0.29%
1791611684,00:54:44,taller5-nginx,3.04%,6.586MiB / 15.33GiB,0.04%
1791611684,00:54:44,taller5-minio,0.03%,112.4MiB / 15.33GiB,0.72%
1791611688,00:54:48,taller5-api-3,6.71%,330.6MiB / 1GiB,32.29%
1791611688,00:54:48,taller5-api-2,58.84%,327.2MiB / 1GiB,31.96%
1791611688,00:54:48,taller5-api-1,98.72%,310.5MiB / 1GiB,30.32%
1791611688,00:54:48,taller5-mlflow,1.71%,2.272GiB / 15.33GiB,14.82%
1791611688,00:54:48,taller5-postgres-mlflow,0.00%,45.11MiB / 15.33GiB,0.29%
1791611688,00:54:48,taller5-nginx,2.23%,6.625MiB / 15.33GiB,0.04%
1791611688,00:54:48,taller5-minio,0.03%,112.4MiB / 15.33GiB,0.72%
1791611692,00:54:52,taller5-api-3,68.32%,330.8MiB / 1GiB,32.31%
1791611692,00:54:52,taller5-api-2,68.31%,327.3MiB / 1GiB,31.96%
1791611692,00:54:52,taller5-api-1,91.21%,309.2MiB / 1GiB,30.19%
1791611692,00:54:52,taller5-mlflow,1.57%,2.272GiB / 15.33GiB,14.82%
1791611692,00:54:52,taller5-postgres-mlflow,0.00%,45.11MiB / 15.33GiB,0.29%
1791611692,00:54:52,taller5-nginx,3.52%,7.047MiB / 15.33GiB,0.04%
1791611692,00:54:52,taller5-minio,7.08%,112.4MiB / 15.33GiB,0.72%
1791611696,00:54:56,taller5-api-3,78.25%,331.2MiB / 1GiB,32.34%
1791611696,00:54:56,taller5-api-2,81.69%,327.6MiB / 1GiB,31.99%
1791611696,00:54:56,taller5-api-1,87.50%,309.1MiB / 1GiB,30.18%
1791611696,00:54:56,taller5-mlflow,1.51%,2.272GiB / 15.33GiB,14.82%
1791611696,00:54:56,taller5-postgres-mlflow,0.80%,45.11MiB / 15.33GiB,0.29%
1791611696,00:54:56,taller5-nginx,3.08%,6.449MiB / 15.33GiB,0.04%
1791611696,00:54:56,taller5-minio,0.02%,112.4MiB / 15.33GiB,0.72%
1791611700,00:55:00,taller5-api-3,78.38%,331.2MiB / 1GiB,32.34%
1791611700,00:55:00,taller5-api-2,92.44%,327.8MiB / 1GiB,32.01%
1791611700,00:55:00,taller5-api-1,95.14%,319.4MiB / 1GiB,31.19%
1791611700,00:55:00,taller5-mlflow,1.86%,2.272GiB / 15.33GiB,14.82%
1791611700,00:55:00,taller5-postgres-mlflow,0.04%,45.11MiB / 15.33GiB,0.29%
1791611700,00:55:00,taller5-nginx,3.20%,6.391MiB / 15.33GiB,0.04%
1791611700,00:55:00,taller5-minio,0.00%,112.4MiB / 15.33GiB,0.72%
1791611704,00:55:04,taller5-api-3,73.61%,331.2MiB / 1GiB,32.34%
1791611704,00:55:04,taller5-api-2,74.58%,327.8MiB / 1GiB,32.01%
1791611704,00:55:04,taller5-api-1,91.20%,309MiB / 1GiB,30.18%
1791611704,00:55:04,taller5-mlflow,1.50%,2.272GiB / 15.33GiB,14.82%
1791611704,00:55:04,taller5-postgres-mlflow,0.00%,45.11MiB / 15.33GiB,0.29%
1791611704,00:55:04,taller5-nginx,3.53%,6.418MiB / 15.33GiB,0.04%
1791611704,00:55:04,taller5-minio,0.24%,112.4MiB / 15.33GiB,0.72%
1791611708,00:55:08,taller5-api-3,84.59%,331.6MiB / 1GiB,32.38%
1791611708,00:55:08,taller5-api-2,77.86%,328MiB / 1GiB,32.03%
1791611708,00:55:08,taller5-api-1,87.11%,309.1MiB / 1GiB,30.19%
1791611708,00:55:08,taller5-mlflow,1.56%,2.272GiB / 15.33GiB,14.82%
1791611708,00:55:08,taller5-postgres-mlflow,0.00%,45.11MiB / 15.33GiB,0.29%
1791611708,00:55:08,taller5-nginx,3.05%,6.434MiB / 15.33GiB,0.04%
1791611708,00:55:08,taller5-minio,0.02%,112.4MiB / 15.33GiB,0.72%
1791611713,00:55:13,taller5-api-3,84.50%,331.6MiB / 1GiB,32.38%
1791611713,00:55:13,taller5-api-2,78.24%,328MiB / 1GiB,32.03%
1791611713,00:55:13,taller5-api-1,91.18%,319.3MiB / 1GiB,31.18%
1791611713,00:55:13,taller5-mlflow,1.45%,2.272GiB / 15.33GiB,14.82%
1791611713,00:55:13,taller5-postgres-mlflow,7.45%,45.11MiB / 15.33GiB,0.29%
1791611713,00:55:13,taller5-nginx,3.40%,6.352MiB / 15.33GiB,0.04%
1791611713,00:55:13,taller5-minio,0.00%,112.4MiB / 15.33GiB,0.72%
1791611717,00:55:17,taller5-api-3,88.25%,331.6MiB / 1GiB,32.38%
1791611717,00:55:17,taller5-api-2,90.51%,328MiB / 1GiB,32.03%
1791611717,00:55:17,taller5-api-1,87.63%,309.1MiB / 1GiB,30.18%
1791611717,00:55:17,taller5-mlflow,1.36%,2.272GiB / 15.33GiB,14.82%
1791611717,00:55:17,taller5-postgres-mlflow,0.00%,45.11MiB / 15.33GiB,0.29%
1791611717,00:55:17,taller5-nginx,3.33%,6.395MiB / 15.33GiB,0.04%
1791611717,00:55:17,taller5-minio,0.00%,112.4MiB / 15.33GiB,0.72%
1791611721,00:55:21,taller5-api-3,89.58%,331.1MiB / 1GiB,32.34%
1791611721,00:55:21,taller5-api-2,86.11%,327.8MiB / 1GiB,32.01%
1791611721,00:55:21,taller5-api-1,84.76%,309.1MiB / 1GiB,30.18%
1791611721,00:55:21,taller5-mlflow,14.15%,2.272GiB / 15.33GiB,14.82%
1791611721,00:55:21,taller5-postgres-mlflow,0.00%,45.11MiB / 15.33GiB,0.29%
1791611721,00:55:21,taller5-nginx,3.16%,6.352MiB / 15.33GiB,0.04%
1791611721,00:55:21,taller5-minio,0.01%,112.4MiB / 15.33GiB,0.72%
1791611725,00:55:25,taller5-api-3,87.14%,332.3MiB / 1GiB,32.45%
1791611725,00:55:25,taller5-api-2,86.58%,327.9MiB / 1GiB,32.02%
1791611725,00:55:25,taller5-api-1,90.10%,319.3MiB / 1GiB,31.18%
1791611725,00:55:25,taller5-mlflow,1.34%,2.272GiB / 15.33GiB,14.82%
1791611725,00:55:25,taller5-postgres-mlflow,0.00%,45.11MiB / 15.33GiB,0.29%
1791611725,00:55:25,taller5-nginx,3.34%,6.449MiB / 15.33GiB,0.04%
1791611725,00:55:25,taller5-minio,0.04%,112.4MiB / 15.33GiB,0.72%
1791611729,00:55:29,taller5-api-3,87.99%,332.9MiB / 1GiB,32.51%
1791611729,00:55:29,taller5-api-2,84.09%,328.3MiB / 1GiB,32.06%
1791611729,00:55:29,taller5-api-1,88.84%,309MiB / 1GiB,30.18%
1791611729,00:55:29,taller5-mlflow,1.46%,2.272GiB / 15.33GiB,14.82%
1791611729,00:55:29,taller5-postgres-mlflow,0.00%,45.11MiB / 15.33GiB,0.29%
1791611729,00:55:29,taller5-nginx,3.18%,6.449MiB / 15.33GiB,0.04%
1791611729,00:55:29,taller5-minio,0.00%,112.4MiB / 15.33GiB,0.72%
1791611733,00:55:33,taller5-api-3,87.75%,332.9MiB / 1GiB,32.51%
1791611733,00:55:33,taller5-api-2,83.77%,328.7MiB / 1GiB,32.10%
1791611733,00:55:33,taller5-api-1,85.63%,309MiB / 1GiB,30.18%
1791611733,00:55:33,taller5-mlflow,1.36%,2.272GiB / 15.33GiB,14.82%
1791611733,00:55:33,taller5-postgres-mlflow,7.79%,45.11MiB / 15.33GiB,0.29%
1791611733,00:55:33,taller5-nginx,2.88%,6.676MiB / 15.33GiB,0.04%
1791611733,00:55:33,taller5-minio,1.24%,112.4MiB / 15.33GiB,0.72%
1791611737,00:55:37,taller5-api-3,88.36%,332.9MiB / 1GiB,32.51%
1791611737,00:55:37,taller5-api-2,88.26%,329.2MiB / 1GiB,32.14%
1791611737,00:55:37,taller5-api-1,90.95%,319.3MiB / 1GiB,31.18%
1791611737,00:55:37,taller5-mlflow,1.36%,2.272GiB / 15.33GiB,14.82%
1791611737,00:55:37,taller5-postgres-mlflow,0.00%,45.11MiB / 15.33GiB,0.29%
1791611737,00:55:37,taller5-nginx,2.97%,6.691MiB / 15.33GiB,0.04%
1791611737,00:55:37,taller5-minio,0.02%,112.4MiB / 15.33GiB,0.72%
1791611742,00:55:42,taller5-api-3,92.49%,332.8MiB / 1GiB,32.50%
1791611742,00:55:42,taller5-api-2,80.29%,329.2MiB / 1GiB,32.15%
1791611742,00:55:42,taller5-api-1,86.05%,309.1MiB / 1GiB,30.18%
1791611742,00:55:42,taller5-mlflow,3.73%,2.272GiB / 15.33GiB,14.82%
1791611742,00:55:42,taller5-postgres-mlflow,0.08%,45.11MiB / 15.33GiB,0.29%
1791611742,00:55:42,taller5-nginx,2.66%,6.473MiB / 15.33GiB,0.04%
1791611742,00:55:42,taller5-minio,0.02%,112.4MiB / 15.33GiB,0.72%
1791611746,00:55:46,taller5-api-3,87.20%,332.7MiB / 1GiB,32.49%
1791611746,00:55:46,taller5-api-2,87.13%,329.2MiB / 1GiB,32.15%
1791611746,00:55:46,taller5-api-1,87.07%,309MiB / 1GiB,30.18%
1791611746,00:55:46,taller5-mlflow,1.35%,2.272GiB / 15.33GiB,14.82%
1791611746,00:55:46,taller5-postgres-mlflow,0.00%,45.11MiB / 15.33GiB,0.29%
1791611746,00:55:46,taller5-nginx,3.01%,6.266MiB / 15.33GiB,0.04%
1791611746,00:55:46,taller5-minio,0.03%,112.4MiB / 15.33GiB,0.72%
1791611750,00:55:50,taller5-api-3,0.20%,332.7MiB / 1GiB,32.49%
1791611750,00:55:50,taller5-api-2,0.18%,329.2MiB / 1GiB,32.15%
1791611750,00:55:50,taller5-api-1,0.23%,308.9MiB / 1GiB,30.16%
1791611750,00:55:50,taller5-mlflow,2.18%,2.272GiB / 15.33GiB,14.82%
1791611750,00:55:50,taller5-postgres-mlflow,0.00%,45.11MiB / 15.33GiB,0.29%
1791611750,00:55:50,taller5-nginx,0.00%,2.582MiB / 15.33GiB,0.02%
1791611750,00:55:50,taller5-minio,0.08%,112.4MiB / 15.33GiB,0.72%
1791611754,00:55:54,taller5-api-3,0.19%,332.6MiB / 1GiB,32.48%
1791611754,00:55:54,taller5-api-2,0.20%,329.2MiB / 1GiB,32.15%
1791611754,00:55:54,taller5-api-1,0.25%,308.8MiB / 1GiB,30.16%
1791611754,00:55:54,taller5-mlflow,2.23%,2.272GiB / 15.33GiB,14.82%
1791611754,00:55:54,taller5-postgres-mlflow,8.10%,45.11MiB / 15.33GiB,0.29%
1791611754,00:55:54,taller5-nginx,0.00%,2.355MiB / 15.33GiB,0.02%
1791611754,00:55:54,taller5-minio,0.06%,112.4MiB / 15.33GiB,0.72%
1791611758,00:55:58,taller5-api-3,0.17%,332.6MiB / 1GiB,32.48%
1791611758,00:55:58,taller5-api-2,0.17%,329.2MiB / 1GiB,32.15%
1791611758,00:55:58,taller5-api-1,14.42%,306.8MiB / 1GiB,29.96%
1791611758,00:55:58,taller5-mlflow,2.58%,2.272GiB / 15.33GiB,14.82%
1791611758,00:55:58,taller5-postgres-mlflow,0.03%,45.11MiB / 15.33GiB,0.29%
1791611758,00:55:58,taller5-nginx,0.00%,2.355MiB / 15.33GiB,0.02%
1791611758,00:55:58,taller5-minio,0.00%,112.4MiB / 15.33GiB,0.72%
1791611762,00:56:02,taller5-api-3,14.75%,330.7MiB / 1GiB,32.29%
1791611762,00:56:02,taller5-api-2,12.24%,327.2MiB / 1GiB,31.95%
1791611762,00:56:02,taller5-api-1,0.20%,306.8MiB / 1GiB,29.96%
1791611762,00:56:02,taller5-mlflow,2.09%,2.272GiB / 15.33GiB,14.82%
1791611762,00:56:02,taller5-postgres-mlflow,0.00%,45.11MiB / 15.33GiB,0.29%
1791611762,00:56:02,taller5-nginx,0.01%,2.355MiB / 15.33GiB,0.02%
1791611762,00:56:02,taller5-minio,7.36%,112.4MiB / 15.33GiB,0.72%
1791611766,00:56:06,taller5-api-3,0.21%,330.7MiB / 1GiB,32.29%
1791611766,00:56:06,taller5-api-2,0.23%,327.2MiB / 1GiB,31.95%
1791611766,00:56:06,taller5-api-1,0.17%,306.8MiB / 1GiB,29.96%
1791611766,00:56:06,taller5-mlflow,14.78%,2.272GiB / 15.33GiB,14.82%
1791611766,00:56:06,taller5-postgres-mlflow,0.00%,45.11MiB / 15.33GiB,0.29%
1791611766,00:56:06,taller5-nginx,0.00%,2.355MiB / 15.33GiB,0.02%
1791611766,00:56:06,taller5-minio,0.00%,112.4MiB / 15.33GiB,0.72%
1791611770,00:56:10,taller5-api-3,0.18%,330.7MiB / 1GiB,32.29%
1791611770,00:56:10,taller5-api-2,0.16%,327.2MiB / 1GiB,31.95%
1791611770,00:56:10,taller5-api-1,0.16%,306.8MiB / 1GiB,29.96%
1791611770,00:56:10,taller5-mlflow,2.07%,2.272GiB / 15.33GiB,14.82%
1791611770,00:56:10,taller5-postgres-mlflow,0.00%,45.11MiB / 15.33GiB,0.29%
1791611770,00:56:10,taller5-nginx,0.00%,2.355MiB / 15.33GiB,0.02%
1791611770,00:56:10,taller5-minio,0.00%,112.4MiB / 15.33GiB,0.72%
1791611775,00:56:15,taller5-api-3,0.17%,330.7MiB / 1GiB,32.29%
1791611775,00:56:15,taller5-api-2,0.16%,327.2MiB / 1GiB,31.95%
1791611775,00:56:15,taller5-api-1,0.21%,306.8MiB / 1GiB,29.96%
1791611775,00:56:15,taller5-mlflow,2.11%,2.272GiB / 15.33GiB,14.82%
1791611775,00:56:15,taller5-postgres-mlflow,0.00%,45.11MiB / 15.33GiB,0.29%
1791611775,00:56:15,taller5-nginx,0.02%,2.355MiB / 15.33GiB,0.02%
1791611775,00:56:15,taller5-minio,0.07%,112.4MiB / 15.33GiB,0.72%
1791611779,00:56:19,taller5-api-3,0.19%,330.7MiB / 1GiB,32.29%
1791611779,00:56:19,taller5-api-2,0.20%,327.2MiB / 1GiB,31.95%
1791611779,00:56:19,taller5-api-1,0.18%,306.8MiB / 1GiB,29.96%
1791611779,00:56:19,taller5-mlflow,2.06%,2.272GiB / 15.33GiB,14.82%
1791611779,00:56:19,taller5-postgres-mlflow,0.00%,45.11MiB / 15.33GiB,0.29%
1791611779,00:56:19,taller5-nginx,0.00%,2.355MiB / 15.33GiB,0.02%
1791611779,00:56:19,taller5-minio,0.15%,112.4MiB / 15.33GiB,0.72%
1791611783,00:56:23,taller5-api-3,12.25%,330.7MiB / 1GiB,32.29%
1791611783,00:56:23,taller5-api-2,4.89%,327.2MiB / 1GiB,31.95%
1791611783,00:56:23,taller5-api-1,0.19%,306.8MiB / 1GiB,29.96%
1791611783,00:56:23,taller5-mlflow,2.16%,2.272GiB / 15.33GiB,14.82%
1791611783,00:56:23,taller5-postgres-mlflow,0.00%,45.11MiB / 15.33GiB,0.29%
1791611783,00:56:23,taller5-nginx,0.00%,2.355MiB / 15.33GiB,0.02%
1791611783,00:56:23,taller5-minio,0.05%,112.4MiB / 15.33GiB,0.72%
1791611787,00:56:27,taller5-api-3,0.23%,330.7MiB / 1GiB,32.29%
1791611787,00:56:27,taller5-api-2,0.16%,327.2MiB / 1GiB,31.95%
1791611787,00:56:27,taller5-api-1,0.18%,306.8MiB / 1GiB,29.96%
1791611787,00:56:27,taller5-mlflow,1.98%,2.272GiB / 15.33GiB,14.82%
1791611787,00:56:27,taller5-postgres-mlflow,0.00%,45.11MiB / 15.33GiB,0.29%
1791611787,00:56:27,taller5-nginx,0.01%,2.355MiB / 15.33GiB,0.02%
1791611787,00:56:27,taller5-minio,0.00%,112.4MiB / 15.33GiB,0.72%
1791611791,00:56:31,taller5-api-3,0.23%,330.7MiB / 1GiB,32.29%
1791611791,00:56:31,taller5-api-2,0.16%,327.2MiB / 1GiB,31.95%
1791611791,00:56:31,taller5-api-1,0.19%,306.8MiB / 1GiB,29.96%
1791611791,00:56:31,taller5-mlflow,2.88%,2.272GiB / 15.33GiB,14.82%
1791611791,00:56:31,taller5-postgres-mlflow,0.00%,45.11MiB / 15.33GiB,0.29%
1791611791,00:56:31,taller5-nginx,0.00%,2.355MiB / 15.33GiB,0.02%
1791611791,00:56:31,taller5-minio,0.05%,112.4MiB / 15.33GiB,0.72%
